index,phase,period_ns,wake_ns,read_ns,command_ns,raw_tracking_error_rad,expected_lag_error_rad,dynamic_hard_threshold_rad,tracking_warning,hard_crossing,cmd_q1,cmd_v1,cmd_a1,obs_q1,cmd_q2,cmd_v2,cmd_a2,obs_q2,cmd_q3,cmd_v3,cmd_a3,obs_q3,cmd_q4,cmd_v4,cmd_a4,obs_q4,cmd_q5,cmd_v5,cmd_a5,obs_q5,cmd_q6,cmd_v6,cmd_a6,obs_q6
0,outward,0,28445,50242,551333,1.3831979541023554e-05,0,0.013089969389957471,0,0,1.5697586776435382,0,0,1.5697491024666665,-0.028311217840653623,0,0,-0.028309239984444446,-0.77082919841452846,0,0,-0.77082465099444453,0.50528320471655586,0,0,0.50527280983333334,0.13460442399833941,0,0,0.13459978961777777,0.47423723494954101,0,0,0.47422340296999999
1,outward,8037152,65597,32667,64881,1.3831979541023554e-05,0,0.013089969389957471,0,0,1.5697586776435382,0,0,1.5697491024666665,-0.028311217840653623,0,0,-0.028309239984444446,-0.77082919841452846,0,0,-0.77082465099444453,0.50528320471655586,0,0,0.50527280983333334,0.13460442399833941,0,0,0.13459978961777777,0.47423723496948106,9.9604524891765169e-09,3.7291838345895259e-06,0.47422340296999999
2,outward,7995346,60943,24342,51416,1.3831999481073165e-05,1.4940678733764774e-09,0.013089969389957471,0,0,1.5697586776435382,0,0,1.5697491024666665,-0.028311217840653623,0,0,-0.028309239984444446,-0.77082919841452846,0,0,-0.77082465099444453,0.50528320471655586,0,0,0.50527280983333334,0.13460442399833941,0,0,0.13459978961777777,0.47423723526735723,7.9301139192165138e-08,1.4821230168038089e-05,0.47422340296999999
3,outward,7998698,59641,23630,47324,1.3832297357241341e-05,1.189517087882477e-08,0.013089969389957471,0,0,1.5697586776435382,0,0,1.5697491024666665,-0.028311217840653623,0,0,-0.028309239984444446,-0.77082919841452846,0,0,-0.77082465099444453,0.50528320471655586,0,0,0.50527280983333334,0.13460442399833941,0,0,0.13459978961777777,0.47423723655230093,2.6635460974744923e-07,3.3133742651461231e-05,0.47422340296999999
4,outward,8001781,61422,30111,54027,1.3833582300948333e-05,3.9953191462117385e-08,0.013089969389957471,0,0,1.5697586776435382,0,0,1.5697491024666665,-0.028311217840653623,0,0,-0.028256880107777778,-0.77082919841452846,0,0,-0.77078974441000003,0.50528320471655586,0,0,0.50527280983333334,0.13460442399833941,0,0,0.13459978961777777,0.47423723999555967,6.2831882782420635e-07,5.8525470526499897e-05,0.47422340296999999
5,outward,7998754,60176,24278,54555,1.3837025559682026e-05,9.4247824173630949e-08,0.013089969389957471,0,0,1.5697586776435382,0,0,1.5697491024666665,-0.028311217840653623,0,0,-0.028187066938888887,-0.77082919841452846,0,0,-0.77078974441000003,0.50528320471655586,0,0,0.50527280983333334,0.13460442399833941,0,0,0.13459978961777777,0.47423724722145677,1.2212663210885018e-06,9.0856304935817982e-05,0.47422340296999999
6,outward,7999493,59669,28399,50945,1.3844251456784917e-05,1.8318994816327527e-07,0.013089969389957471,0,0,1.5697586776435382,0,0,1.5697491024666665,-0.028311217840653623,0,0,-0.028204520231111113,-0.77082919841452846,0,0,-0.77078974441000003,0.50528320471655586,0,0,0.50527280983333334,0.13460442399833941,0,0,0.13459978961777777,0.4742372602984245,2.1001533016534628e-06,0.00012998727523359983,0.47422340296999999
7,outward,8000551,60220,31287,56453,1.3857328424515813e-05,3.1502299524801938e-07,0.013089969389957471,0,0,1.5697586776435382,0,0,1.5697491024666665,-0.028311217840653623,0,0,-0.028204520231111113,-0.77082919841452846,0,0,-0.77078974441000003,0.50528320471655586,0,0,0.50527280983333334,0.13460442399833941,0,0,0.13459978961777777,0.47423728173010982,3.3188287570134279e-06,0.00017578054529604755,0.47422340296999999
8,outward,8001318,61538,29203,55157,1.3878760109831134e-05,4.9782431355201415e-07,0.013089969389957471,0,0,1.5697586776435382,0,0,1.5697491024666665,-0.028311217840653623,0,0,-0.028204520231111113,-0.77082919841452846,0,0,-0.77078974441000003,0.50528320471655586,0,0,0.50527280983333334,0.13460442399833941,0,0,0.13459978961777777,0.47423731444655293,4.9300435114620897e-06,0.00022809940983187896,0.47422340296999999
9,outward,7998865,60403,27815,53519,1.3911476552941338e-05,7.3950652671931344e-07,0.013089969389957471,0,0,1.5697586776435382,0,0,1.5697491024666665,-0.028311217840653623,0,0,-0.028204520231111113,-0.77082919841452846,0,0,-0.77078974441000003,0.50528320471655586,0,0,0.50527280983333334,0.13460442399833941,0,0,0.13459978961777777,0.47423736179543802,6.9854592579945981e-06,0.00028680829069282479,0.47422340296999999
10,outward,8002142,62545,26167,56066,1.3958825438031841e-05,1.0478188886991898e-06,0.013089969389957471,0,0,1.5697586776435382,0,0,1.5697491024666665,-0.028311217840653623,0,0,-0.028204520231111113,-0.77082919841452846,0,0,-0.77078974441000003,0.50528320471655586,0,0,0.50527280983333334,0.13460442399833941,0,0,0.13459978961777777,0.47423742753341641,9.5356575606936542e-06,0.00035177273318412564,0.47422340296999999
11,outward,7998578,61123,23916,55278,1.4024563416425995e-05,1.4303486341040482e-06,0.013089969389957471,0,0,1.5697586776435382,0,0,1.5697491024666665,-0.028311217840653623,0,0,-0.028204520231111113,-0.77082919841452846,0,0,-0.77078974441000003,0.50528320471655586,0,0,0.50527280983333334,0.13460442399833941,0,0,0.13459978961777777,0.47423751581750129,1.2630148827599588e-05,0.00042285940237503074,0.47422340296999999
12,outward,7999161,60284,24888,56000,1.4112847501301928e-05,1.8945223241399382e-06,0.013089969389957471,0,0,1.5697586776435382,0,0,1.5697665557588889,-0.028311217840653623,0,0,-0.028204520231111113,-0.77082919841452846,0,0,-0.77078974441000003,0.50528320471655586,0,0,0.50527280983333334,0.13460442399833941,0,0,0.13459978961777777,0.47423763119653434,1.6317381254064441e-05,0.00049993607940929487,0.47422340296999999
13,outward,7999864,60148,22250,45667,1.4228226534351851e-05,2.4476071881096661e-06,0.013089969389957471,0,0,1.5697586776435382,0,0,1.5697491024666665,-0.028311217840653623,0,0,-0.028204520231111113,-0.77082919841452846,0,0,-0.77078974441000003,0.50528320471655586,0,0,0.50527280983333334,0.13460442399833941,0,0,0.13459978961777777,0.4742377786027237,2.0644749736589917e-05,0.00058287165781567487,0.47422340296999999
14,outward,7999560,59708,25027,54269,1.4375632723717668e-05,3.0967124604884875e-06,0.013089969389957471,0,0,1.5697586776435382,0,0,1.5697491024666665,-0.028311217840653623,0,0,-0.028204520231111113,-0.77082919841452846,0,0,-0.77078974441000003,0.50528320471655586,0,0,0.50527280983333334,0.13460442399833941,0,0,0.13459978961777777,0.47423796334325297,2.565860475714947e-05,0.00067153613981842867,0.47422340296999999
15,outward,8001002,60710,21733,47583,1.4560373252980874e-05,3.8487907135724206e-06,0.013089969389957471,0,0,1.5697586776435382,0,0,1.5697491024666665,-0.028311217840653623,0,0,-0.028204520231111113,-0.77082919841452846,0,0,-0.77078974441000003,0.50528320471655586,0,0,0.50527280983333334,0.13460442399833941,0,0,0.13459978961777777,0.47423819109196164,3.1404261237994317e-05,0.00076580063264781214,0.47422340296999999
16,outward,7999699,60409,20194,47648,1.4788121961650802e-05,4.7106391856991473e-06,0.013089969389957471,0,0,1.5697586776435382,0,0,1.5697491024666665,-0.028311217840653623,0,0,-0.028204520231111113,-0.77082919841452846,0,0,-0.77078974441000003,0.50528320471655586,0,0,0.50527280983333334,0.13460442399833941,0,0,0.13459978961777777,0.47423846788109564,3.7926007366943307e-05,0.00086553734485057658,0.47422340296999999
17,outward,8000568,60977,22657,50028,1.5064911095652445e-05,5.6889011050414961e-06,0.013089969389957471,0,0,1.5697586776435382,0,0,1.5697491024666665,-0.028311217840653623,0,0,-0.028204520231111113,-0.77082919841452846,0,0,-0.77078974441000003,0.50528320471655586,0,0,0.50527280983333334,0.13460442399833941,0,0,0.13459978961777777,0.47423880009312891,4.5267113393156991e-05,0.00097061958260046596,0.47422340296999999
18,outward,7998799,59776,22167,45389,1.5397123128924051e-05,6.7900670089735485e-06,0.013089969389957471,0,0,1.5697586776435382,0,0,1.5697491024666665,-0.028311217840653623,0,0,-0.028204520231111113,-0.77082919841452846,0,0,-0.77078974441000003,0.50528320471655586,0,0,0.50527280983333334,0.13460442399833941,0,0,0.13459978961777777,0.47423919445265478,5.3469840393395484e-05,0.0010809217460087156,0.47422340296999999
19,outward,7999291,59067,21593,46055,1.5791482654792244e-05,8.0204760590093226e-06,0.013089969389957471,0,0,1.5697586776435382,0,0,1.5697491024666665,-0.028311217840653623,0,0,-0.028204520231111113,-0.77082919841452846,0,0,-0.77078974441000003,0.50528320471655586,0,0,0.50527280983333334,0.13460442399833941,0,0,0.13459978961777777,0.47423965801834767,6.2575449008760351e-05,0.0011963193254345467,0.47422340296999999
20,outward,7998772,57839,26000,52083,1.6255048347679768e-05,9.386317351314052e-06,0.013089969389957471,0,0,1.5697586776435382,0,0,1.5697491024666665,-0.028311217840653623,0,0,-0.028204520231111113,-0.77082919841452846,0,0,-0.77078974441000003,0.50528320471655586,0,0,0.50527280983333334,0.13460442399833941,0,0,0.13459978961777777,0.47424019817499441,7.2624208151920641e-05,0.0013166888977956684,0.47422340296999999
21,outward,8001698,59537,22491,45250,1.6795204994424218e-05,1.0893631222788097e-05,0.013089969389957471,0,0,1.5697586776435382,0,0,1.5697491024666665,-0.028311217840653623,0,0,-0.028204520231111113,-0.77082919841452846,0,0,-0.77078974441000003,0.50528320471655586,0,0,0.50527280983333334,0.13460442399833941,0,0,0.13459978961777777,0.47424082262559508,8.3655403684822601e-05,0.0014419081228787716,0.47422340296999999
22,outward,8003160,62697,24074,47250,1.7419655595096728e-05,1.254831055272339e-05,0.013089969389957471,0,0,1.5697586776435382,0,0,1.5697491024666665,-0.028311217840653623,0,0,-0.028204520231111113,-0.77082919841452846,0,0,-0.77078974441000003,0.50528320471655586,0,0,0.50527280983333334,0.13460442399833941,0,0,0.13459978961777777,0.47424153938353347,9.5707347066883557e-05,0.0015718557396500268,0.47422340296999999
23,outward,7997059,59756,22463,45565,1.8136413533487161e-05,1.4356102060032534e-05,0.013089969389957471,0,0,1.5697586776435382,0,0,1.5697491024666665,-0.028311217840653623,0,0,-0.028204520231111113,-0.77082919841452846,0,0,-0.77078974441000003,0.50528320471655586,0,0,0.50527280983333334,0.13460442399833941,0,0,0.13459978961777777,0.47424235676481596,0.00010881738397367004,0.001706411562565586,0.47422340296999999
24,outward,8000836,60592,22796,44111,1.895379481597903e-05,1.6322607596050506e-05,0.013089969389957471,0,0,1.5697586776435382,0,0,1.5697491024666665,-0.028311217840653623,0,0,-0.028204520231111113,-0.77082919841452846,0,0,-0.77078974441000003,0.50528320471655586,0,0,0.50527280983333334,0.13460442399833941,0,0,0.13459978961777777,0.47424328338038002,0.00012302190288605895,0.0018454564778820721,0.47422340296999999
25,outward,7998799,59391,23037,45213,1.9880410380035407e-05,1.8453285432908843e-05,0.013089969389957471,0,0,1.5697586776435382,0,0,1.5697491024666665,-0.028311217840653623,0,0,-0.028204520231111113,-0.77082919841452846,0,0,-0.77078974441000003,0.50528320471655586,0,0,0.50527280983333334,0.13460442399833941,0,0,0.13459978961777777,0.47424432812847067,0.00013835634364988398,0.0019888724399670819,0.47422340296999999
26,outward,7998198,57589,23408,46814,2.0925158470685989e-05,2.0753451547482598e-05,0.013089969389957471,0,0,1.5697586776435382,0,0,1.5697491024666665,-0.028311217840653623,0,0,-0.028204520231111113,-0.77082919841452846,0,0,-0.77078974441000003,0.50528320471655586,0,0,0.50527280983333334,0.13460442399833941,0,0,0.13459978961777777,0.4742455001870855,0.0001548552060060652,0.002136542467609687,0.47422340296999999
27,outward,8004262,61851,22529,46342,2.2097217085514931e-05,2.322828090090978e-05,0.013089969389957471,0,0,1.5697586776435382,0,0,1.5697491024666665,-0.028311217840653623,0,0,-0.028204520231111113,-0.77082919841452846,0,0,-0.77078974441000003,0.50528320471655586,0,0,0.50527280983333334,0.13460442399833941,0,0,0.13459978961777777,0.47424680900648808,0.00017255205809122264,0.0022883506403309213,0.47422340296999999
28,outward,7998976,60827,21935,46805,2.3406036488093918e-05,2.5882808713683396e-05,0.013089969389957471,0,0,1.5697586776435382,0,0,1.5697491024666665,-0.028311217840653623,0,0,-0.028204520231111113,-0.77082919841452846,0,0,-0.77078974441000003,0.50528320471655586,0,0,0.50527280983333334,0.13460442399833941,0,0,0.13459978961777777,0.4742482643017889,0.0001914795449087742,0.0024441820946942872,0.47422340296999999
29,outward,7999642,60469,40426,48371,2.4861331788916807e-05,2.8721931736316131e-05,0.013089969389957471,0,0,1.5697586776435382,0,0,1.5697491024666665,-0.028311217840653623,0,0,-0.028204520231111113,-0.77082919841452846,0,0,-0.77078974441000003,0.50528320471655586,0,0,0.50527280983333334,0.13460442399833941,0,0,0.13459978961777777,0.47424987604559399,0.00021166939677051745,0.0026039230206162502,0.47422340296999999
30,outward,7998670,59139,21936,43796,2.647307559400236e-05,3.1750409515577616e-05,0.013089969389957471,0,0,1.5697586776435382,0,0,1.5697491024666665,-0.028311217840653623,0,0,-0.028204520231111113,-0.77082919841452846,0,0,-0.77078974441000003,0.50528320471655586,0,0,0.50527280983333334,0.13460442399833941,0,0,0.13459978961777777,0.47425165446072121,0.00023315243770869487,0.0027674606576767354,0.47422340296999999
31,outward,8000207,59346,21871,46907,2.8251490721220573e-05,3.4972865656304231e-05,0.013089969389957471,0,0,1.5697586776435382,0,0,1.5697665557588889,-0.028311217840653623,0,0,-0.028204520231111113,-0.77082919841452846,0,0,-0.77078974441000003,0.50528320471655586,0,0,0.50527280983333334,0.13460442399833941,0,0,0.13459978961777777,0.47425361001298361,0.00025595859385854408,0.0029346832914296252,0.47422340296999999
32,outward,8001327,60673,21704,46288,3.020704298362098e-05,3.8393789078781608e-05,0.013089969389957471,0,0,1.5697586776435382,0,0,1.5697491024666665,-0.028311217840653623,0,0,-0.028204520231111113,-0.77082919841452846,0,0,-0.77078974441000003,0.50528320471655586,0,0,0.50527280983333334,0.13460442399833941,0,0,0.13459978961777777,0.47425575340403942,0.0002801169018113313,0.0031054802497132599,0.47422340296999999
33,outward,7998799,59472,21861,47954,3.2350434039429832e-05,4.2017535271699693e-05,0.013089969389957471,0,0,1.5697586776435382,0,0,1.5697491024666665,-0.028311217840653623,0,0,-0.028204520231111113,-0.77082919841452846,0,0,-0.77078974441000003,0.50528320471655586,0,0,0.50527280983333334,0.13460442399833941,0,0,0.13459978961777777,0.47425809556430931,0.00030565551693786876,0.0032797418989609296,0.47422340296999999
34,outward,7999041,58513,21500,48639,3.4692594309326807e-05,4.5848327540680314e-05,0.013089969389957471,0,0,1.5697586776435382,0,0,1.5697491024666665,-0.028311217840653623,0,0,-0.028204520231111113,-0.77082919841452846,0,0,-0.77078974441000003,0.50528320471655586,0,0,0.50527280983333334,0.13460442399833941,0,0,0.13459978961777777,0.4742606476459596,0.00033260172168251661,0.0034573596405113793,0.47422340296999999
35,outward,8000624,59137,21583,49824,3.7244675959613449e-05,4.9890258252377489e-05,0.013089969389957471,0,0,1.5697586776435382,0,0,1.5697491024666665,-0.028311217840653623,0,0,-0.028204520231111113,-0.77082919841452846,0,0,-0.77078974441000003,0.50528320471655586,0,0,0.50527280983333334,0.13460442399833941,0,0,0.13459978961777777,0.47426342101595209,0.00036098193382766853,0.0036382259069192972,0.47422340296999999
36,outward,8003549,62686,24065,51464,2.2564753729859e-05,5.4147290074150276e-05,0.013089969389957471,0,0,1.5697586776435382,0,0,1.5697491024666665,-0.028311217840653623,0,0,-0.028204520231111113,-0.77082919841452846,0,0,-0.77078974441000003,0.50528320471655586,0,0,0.50527280983333334,0.13460442399833941,0,0,0.13459978961777777,0.47426642724915963,0.00039082171472872072,0.0038222341582658196,0.47424085626222223
37,outward,7996170,58856,22861,49223,2.5570986937395457e-05,5.8623257209308103e-05,0.013089969389957471,0,0,1.5697586776435382,0,0,1.5697491024666665,-0.028311217840653623,0,0,-0.028204520231111113,-0.77082919841452846,0,0,-0.77078974441000003,0.50528320471655586,0,0,0.50527280983333334,0.13460442399833941,0,0,0.13459978961777777,0.47426967812154747,0.0004221457775195261,0.0040092788784690239,0.47424085626222223
38,outward,8000688,59544,22528,50463,2.8821859325234289e-05,6.332186662792891e-05,0.013089969389957471,0,0,1.5697586776435382,0,0,1.5697491024666665,-0.028311217840653623,0,0,-0.028204520231111113,-0.77082919841452846,0,0,-0.77078974441000003,0.50528320471655586,0,0,0.50527280983333334,0.13460442399833941,0,0,0.13459978961777777,0.47427318560342047,0.0004549779952883324,0.0041992555715944339,0.47424085626222223
39,outward,8000410,59954,23639,53472,3.2329341198233941e-05,6.8246699293249863e-05,0.013089969389957471,0,0,1.5697586776435382,0,0,1.5697491024666665,-0.028311217840653623,0,0,-0.028204520231111113,-0.77082919841452846,0,0,-0.77078974441000003,0.50528320471655586,0,0,0.50527280983333334,0.13460442399833941,0,0,0.13459978961777777,0.4742769618527351,0.00048934140922420163,0.0043920607581655014,0.47424085626222223
40,outward,7999735,59689,21547,48379,3.6105590512869323e-05,7.3401211383630242e-05,0.013089969389957471,0,0,1.5697586776435382,0,0,1.5697491024666665,-0.028311217840653623,0,0,-0.028204520231111113,-0.77082919841452846,0,0,-0.77078974441000003,0.50528320471655586,0,0,0.50527280983333334,0.13460442399833941,0,0,0.13459978961777777,0.47428101920847676,0.00052525823673391797,0.0045875919714741227,0.47424085626222223
41,outward,7999771,59460,22177,45806,5.7616238476776438e-05,7.8788735510087695e-05,0.013089969389957471,0,0,1.5697586776435382,0,0,1.5697491024666665,-0.028311217840653623,0,0,-0.028204520231111113,-0.77082919841452846,0,0,-0.77078974441000003,0.50528320471655586,0,0,0.50527280983333334,0.13460442399833941,0,0,0.13459978961777777,0.47428537018410205,0.00056274987952937541,0.0047857477538911239,0.47422340296999999
42,outward,8000245,59705,21843,43314,4.4513921879818508e-05,8.4412481929406312e-05,0.013089969389957471,0,0,1.5697586776435382,0,0,1.5697491024666665,-0.028311217840653623,0,0,-0.028204520231111113,-0.77082919841452846,0,0,-0.77078974441000003,0.50528320471655586,0,0,0.50527280983333334,0.13460442399833941,0,0,0.13459978961777777,0.47429002746104526,0.00060183693168545233,0.0049864276531767599,0.47424085626222223
43,outward,7999901,59606,21278,43787,4.9171198823028117e-05,9.0275539752817852e-05,0.013089969389957471,0,0,1.5697586776435382,0,0,1.5697491024666665,-0.028311217840653623,0,0,-0.028204520231111113,-0.77082919841452846,0,0,-0.77078974441000003,0.50528320471655586,0,0,0.50527280983333334,0.13460442399833941,0,0,0.13459978961777777,0.47429500388228957,0.00064253918766836828,0.0051895322187912154,0.47424085626222223
44,outward,8010374,69980,21490,48185,5.41476200673352e-05,9.6380878150255239e-05,0.013089969389957471,0,0,1.5697586776435382,0,0,1.5697491024666665,-0.028311217840653623,0,0,-0.028204520231111113,-0.77082919841452846,0,0,-0.77078974441000003,0.50528320471655586,0,0,0.50527280983333334,0.13460442399833941,0,0,0.13459978961777777,0.47430031244600213,0.00068487565033452575,0.0053949629982050981,0.47424085626222223
45,outward,7989790,59770,21703,49010,5.9456183779893479e-05,0.00010273134755017887,0.013089969389957471,0,0,1.5697586776435382,0,0,1.5697491024666665,-0.028311217840653623,0,0,-0.028204520231111113,-0.77082919841452846,0,0,-0.77078974441000003,0.50528320471655586,0,0,0.50527280983333334,0.13460442399833941,0,0,0.13459978961777777,0.47430596629923294,0.00072886453889983629,0.0056026225332099491,0.47424085626222223
46,outward,8000040,59810,22120,47195,6.5110037010707167e-05,0.00010932968083497544,0.013089969389957471,0,0,1.5697586776435382,0,0,1.5697491024666665,-0.028311217840653623,0,0,-0.028204520231111113,-0.77082919841452846,0,0,-0.77078974441000003,0.50528320471655586,0,0,0.50527280983333334,0.13460442399833941,0,0,0.13459978961777777,0.47431197873167785,0.00077452329687952774,0.0058124143562287133,0.47424085626222223
47,outward,7998310,58120,21287,48834,7.1122469455620063e-05,0.00011617849453192916,0.013089969389957471,0,0,1.5697586776435382,0,0,1.5697491024666665,-0.028311217840653623,0,0,-0.028204520231111113,-0.77082919841452846,0,0,-0.77078974441000003,0.50528320471655586,0,0,0.50527280983333334,0.13460442399833941,0,0,0.13459978961777777,0.47431836316950426,0.00082186859999843907,0.0060242429866262668,0.47424085626222223
48,outward,8001530,59650,22037,48500,7.7506907282032245e-05,0.00012328028999976584,0.013089969389957471,0,0,1.5697586776435382,0,0,1.5697491024666665,-0.028311217840653623,0,0,-0.028204520231111113,-0.77082919841452846,0,0,-0.77078974441000003,0.50528320471655586,0,0,0.50527280983333334,0.13460442399833941,0,0,0.13459978961777777,0.47432513316924058,0.00087091636407179865,0.0062380139270198963,0.47424085626222223
49,outward,8002846,62496,22815,53046,8.4276907018343561e-05,0.00013063745461076978,0.013089969389957471,0,0,1.5697586776435382,0,0,1.5697491024666665,-0.028311217840653623,0,0,-0.028204520231111113,-0.77082919841452846,0,0,-0.77078974441000003,0.50528320471655586,0,0,0.50527280983333334,0.13460442399833941,0,0,0.13459978961777777,0.47433230241172814,0.00092168175285648314,0.006453633659589798,0.47424085626222223
50,outward,7996512,59008,22769,49751,9.1446149505902685e-05,0.00013825226292847246,0.013089969389957471,0,0,1.5697586776435382,0,0,1.5697491024666665,-0.028311217840653623,0,0,-0.028204520231111113,-0.77082919841452846,0,0,-0.77078974441000003,0.50528320471655586,0,0,0.50527280983333334,0.13460442399833941,0,0,0.13459978961777777,0.47433988469613636,0.00097417918587276546,0.006671009642389588,0.47424085626222223
51,outward,7999763,58771,22908,44565,9.9028433914127856e-05,0.0001461268778809148,0.013089969389957471,0,0,1.5697586776435382,0,0,1.5697491024666665,-0.028311217840653623,0,0,-0.028204520231111113,-0.77082919841452846,0,0,-0.77078974441000003,0.50528320471655586,0,0,0.50527280983333334,0.13460442399833941,0,0,0.13459978961777777,0.4743478939340397,0.0010284223461965415,0.0068900503056567829,0.47424085626222223
52,outward,8001190,59961,22389,48574,0.00010703767181746704,0.00015426335192948121,0.013089969389957471,0,0,1.5697586776435382,0,0,1.5697491024666665,-0.028311217840653623,0,0,-0.028204520231111113,-0.77082919841452846,0,0,-0.77078974441000003,0.50528320471655586,0,0,0.50527280983333334,0.13460442399833941,0,0,0.13459978961777777,0.47435634414355743,0.001084424188222045,0.0071106650481233069,0.47424085626222223
53,outward,7999104,59065,22038,45658,0.00011548788133519672,0.00016266362823330675,0.013089969389957471,0,0,1.5697586776435382,0,0,1.5697491024666665,-0.028311217840653623,0,0,-0.028204520231111113,-0.77082919841452846,0,0,-0.77078974441000003,0.50528320471655586,0,0,0.50527280983333334,0.13460442399833941,0,0,0.13459978961777777,0.47436524944355501,0.0011421969453950444,0.0073327642333259864,0.47424085626222223
54,outward,8006291,65356,22250,45037,0.00012439318133278254,0.00017132954180925665,0.013089969389957471,0,0,1.5697586776435382,0,0,1.5697491024666665,-0.028311217840653623,0,0,-0.028204520231111113,-0.77082919841452846,0,0,-0.77078974441000003,0.50528320471655586,0,0,0.50527280983333334,0.13460442399833941,0,0,0.13459978961777777,0.47437462404790742,0.0012017521379165254,0.0075562591859170501,0.47424085626222223
55,outward,7993254,58610,22379,44685,0.00013376778568519043,0.00018026282068747879,0.013089969389957471,0,0,1.5697586776435382,0,0,1.5697491024666665,-0.028311217840653623,0,0,-0.028204520231111113,-0.77082919841452846,0,0,-0.77078974441000003,0.50528320471655586,0,0,0.50527280983333334,0.13460442399833941,0,0,0.13459978961777777,0.47438448225982366,0.0012631005804168514,0.0077810621879746255,0.47424085626222223
56,outward,8000864,59474,21796,42000,0.00014362599760142647,0.0001894650870625277,0.013089969389957471,0,0,1.5697586776435382,0,0,1.5697491024666665,-0.028311217840653623,0,0,-0.028204520231111113,-0.77082919841452846,0,0,-0.77078974441000003,0.50528320471655586,0,0,0.50527280983333334,0.13460442399833941,0,0,0.13459978961777777,0.47439483846623326,0.0013262523896004198,0.0080070864753132315,0.47424085626222223
57,outward,8001587,61061,26018,50296,0.00010162232734434173,0.00019893785844006298,0.013089969389957471,0,0,1.5697586776435382,0,0,1.5697491024666665,-0.028311217840653623,0,0,-0.028204520231111113,-0.77082919841452846,0,0,-0.77078974441000003,0.50528320471655586,0,0,0.50527280983333334,0.13460442399833941,0,0,0.13459978961777777,0.47440570713223285,0.0013912169918607893,0.0082342462337942832,0.47429321613888892
58,outward,7999495,60556,21352,44259,0.00013185509776719728,0.00020868254877911839,0.013089969389957471,0,0,1.5697586776435382,0,0,1.5697665557588889,-0.028311217840653623,0,0,-0.028204520231111113,-0.77082919841452846,0,0,-0.77078974441000003,0.50528320471655586,0,0,0.50527280983333334,0.13460442399833941,0,0,0.13459978961777777,0.47441710279559435,0.0014580031308662992,0.0084624565956365888,0.47453756223000004
59,outward,7999697,60253,21675,48065,0.0002775390644056408,0.00021870046962994488,0.013089969389957471,0,0,1.5697586776435382,0,0,1.5697491024666665,-0.028311217840653623,0,0,-0.028204520231111113,-0.77082919841452846,0,0,-0.77078974441000003,0.50528320471655586,0,0,0.50527280983333334,0.13460442399833941,0,0,0.13459978961777777,0.47442904006133335,0.0015266188751161714,0.0086916336357268399,0.47469464185999999
60,outward,8001430,61683,24973,52982,0.00042268142866669356,0.00022899283126742568,0.013089969389957471,0,0,1.5697586776435382,0,0,1.5697491024666665,-0.028311217840653623,0,0,-0.028204520231111113,-0.77082919841452846,0,0,-0.77078974441000003,0.50528320471655586,0,0,0.50527280983333334,0.13460442399833941,0,0,0.13459978961777777,0.47444153359633784,0.0015970716254670929,0.0089216943679301091,0.47485172149000004
61,outward,7999967,61650,24899,50389,0.00053236093921765759,0.00023956074382006391,0.013089969389957471,0,0,1.5697586776435382,0,0,1.5697491024666665,-0.028311217840653623,0,0,-0.028204520231111113,-0.77082919841452846,0,0,-0.77078974441000003,0.50528320471655586,0,0,0.50527280983333334,0.13460442399833941,0,0,0.13459978961777777,0.47445459812405705,0.0016693681226302888,0.0091525567414003674,0.4749738945355555
62,outward,7999290,60940,23306,51445,0.00064146945705412239,0.00025040521839454332,0.013089969389957471,0,0,1.5697586776435382,0,0,1.5697491024666665,-0.028311217840653623,0,0,-0.028204520231111113,-0.77082919841452846,0,0,-0.77078974441000003,0.50528320471655586,0,0,0.50527280983333334,0.13460442399833941,0,0,0.13459978961777777,0.47446824841925023,0.0017435144546390723,0.0093841396368909546,0.47509606758111117
63,outward,7999541,60481,22704,53870,0.0007150856229720115,0.00026152716819586084,0.013089969389957471,0,0,1.5697586776435382,0,0,1.5697491024666665,-0.028311217840653623,0,0,-0.028204520231111113,-0.77082919841452846,0,0,-0.77078974441000003,0.50528320471655586,0,0,0.50527280983333334,0.13460442399833941,0,0,0.13459978961777777,0.47448249930279501,0.0018195160642868811,0.0096163628630650914,0.47518333404222224
64,outward,8000726,61207,22444,52537,0.00077064790831610219,0.00027292740964303218,0.013089969389957471,0,0,1.5697586776435382,0,0,1.5697491024666665,-0.028311217840653623,0,0,-0.028204520231111113,-0.77082919841452846,0,0,-0.77078974441000003,0.50528320471655586,0,0,0.50527280983333334,0.13460442399833941,0,0,0.13459978961777777,0.47449736563655509,0.001897377756535801,0.0098491471528063725,0.47525314721111112
65,outward,8003364,64571,22963,54287,0.00080814145122271031,0.00028460666348037016,0.013089969389957471,0,0,1.5697586776435382,0,0,1.5697491024666665,-0.028311217840653623,0,0,-0.028204520231111113,-0.77082919841452846,0,0,-0.77078974441000003,0.50528320471655586,0,0,0.50527280983333334,0.13460442399833941,0,0,0.13459978961777777,0.47451286231830725,0.0019771037058955712,0.010082414159529268,0.4753055070877778
66,outward,7997198,61769,22528,53602,0.00082755135391493484,0.00029656555588433568,0.013089969389957471,0,0,1.5697586776435382,0,0,1.5697491024666665,-0.028311217840653623,0,0,-0.028204520231111113,-0.77082919841452846,0,0,-0.77078974441000003,0.50528320471655586,0,0,0.50527280983333334,0.13460442399833941,0,0,0.13459978961777777,0.4745290042767269,0.0020586974637730668,0.010316086453489613,0.47534041367222218
67,outward,7998522,60291,20546,46926,0.00084631597993978236,0.00030880461956595998,0.013089969389957471,0,0,1.5697586776435382,0,0,1.5697491024666665,-0.028311217840653623,0,0,-0.028204520231111113,-0.77082919841452846,0,0,-0.77078974441000003,0.50528320471655586,0,0,0.50527280983333334,0.13460442399833941,0,0,0.13459978961777777,0.47454580646643274,0.0021421619657922835,0.010550087518095124,0.47537532025666668
68,outward,8000327,60618,21092,43241,0.00086442037467837629,0.00032132429486884251,0.013089969389957471,0,0,1.5697586776435382,0,0,1.5697491024666665,-0.028311217840653623,0,0,-0.028204520231111113,-0.77082919841452846,0,0,-0.77078974441000003,0.50528320471655586,0,0,0.50527280983333334,0.13460442399833941,0,0,0.13459978961777777,0.47456328386308971,0.0022274995390847829,0.010784341746215865,0.47541022684111112
69,outward,7998578,59196,20370,46629,0.00084694297802140328,0.00033412493086271741,0.013089969389957471,0,0,1.5697586776435382,0,0,1.5697491024666665,-0.028311217840653623,0,0,-0.028204520231111113,-0.77082919841452846,0,0,-0.77078974441000003,0.50528320471655586,0,0,0.50527280983333334,0.13460442399833941,0,0,0.13459978961777777,0.47458145145857006,0.0023147119095506415,0.011018774436494783,0.47541022684111112
70,outward,8002374,61570,21361,47843,0.00086368196698549671,0.00034720678643259621,0.013089969389957471,0,0,1.5697586776435382,0,0,1.5697491024666665,-0.028311217840653623,0,0,-0.028204520231111113,-0.77082919841452846,0,0,-0.77078974441000003,0.50528320471655586,0,0,0.50527280983333334,0.13460442399833941,0,0,0.13459978961777777,0.47460032425617221,0.0024038002090898685,0.011253311789658165,0.47544513342555556
71,outward,8000124,61694,23454,49509,0.00084480916938334261,0.00036057003136348028,0.013089969389957471,0,0,1.5697586776435382,0,0,1.5697491024666665,-0.028311217840653623,0,0,-0.028204520231111113,-0.77082919841452846,0,0,-0.77078974441000003,0.50528320471655586,0,0,0.50527280983333334,0.13460442399833941,0,0,0.13459978961777777,0.47461991726589814,0.0024947649828043214,0.011487880904826171,0.47544513342555556
72,outward,7998772,60466,21741,43805,0.0008252161596574159,0.00037421474742064821,0.013089969389957471,0,0,1.5697586776435382,0,0,1.5697491024666665,-0.028311217840653623,0,0,-0.028204520231111113,-0.77082919841452846,0,0,-0.77078974441000003,0.50528320471655586,0,0,0.50527280983333334,0.13460442399833941,0,0,0.13459978961777777,0.47464024549978706,0.0025876061961700968,0.011722409775823315,0.47544513342555556
73,outward,8007262,67728,21888,45963,0.00080488792576849377,0.0003881409294255145,0.013089969389957471,0,0,1.5697586776435382,0,0,1.5697491024666665,-0.028311217840653623,0,0,-0.028204520231111113,-0.77082919841452846,0,0,-0.77078974441000003,0.50528320471655586,0,0,0.50527280983333334,0.13460442399833941,0,0,0.13459978961777777,0.47466132396730748,0.0026823232421804019,0.011956827287488954,0.47544513342555556
74,outward,7993634,61362,22880,52509,0.00080126275047026629,0.00040234848632706029,0.013089969389957471,0,0,1.5697586776435382,0,0,1.5697491024666665,-0.028311217840653623,0,0,-0.028204520231111113,-0.77082919841452846,0,0,-0.77078974441000003,0.50528320471655586,0,0,0.50527280983333334,0.13460442399833941,0,0,0.13459978961777777,0.47468316767080559,0.002778914948458929,0.012191063211987808,0.47546258671777775
75,outward,7997911,59273,21833,45231,0.00079687233919439882,0.00041683724226883936,0.013089969389957471,0,0,1.5697586776435382,0,0,1.5697491024666665,-0.028311217840653623,0,0,-0.028204520231111113,-0.77082919841452846,0,0,-0.77078974441000003,0.50528320471655586,0,0,0.50527280983333334,0.13460442399833941,0,0,0.13459978961777777,0.47470579160101078,0.0028773795843436809,0.012425048205120439,0.47548004000999999
76,outward,7999669,58942,20935,45250,0.00077424840898920877,0.00043160693765155212,0.013089969389957471,0,0,1.5697586776435382,0,0,1.5697491024666665,-0.028311217840653623,0,0,-0.028204520231111113,-0.77082919841452846,0,0,-0.77078974441000003,0.50528320471655586,0,0,0.50527280983333334,0.13460442399833941,0,0,0.13459978961777777,0.47472921073259738,0.0029777148679413158,0.012658713802633757,0.47548004000999999
77,outward,8000726,59668,21019,46500,0.0007508292774026093,0.00044665723019119736,0.013089969389957471,0,0,1.5697586776435382,0,0,1.5697491024666665,-0.028311217840653623,0,0,-0.028204520231111113,-0.77082919841452846,0,0,-0.77078974441000003,0.50528320471655586,0,0,0.50527280983333334,0.13460442399833941,0,0,0.13459978961777777,0.47475344001980324,0.003079917973151952,0.012891992416531505,0.47548004000999999
78,outward,8000115,59783,21695,45713,0.00072659999019675237,0.00046198769597279276,0.013089969389957471,0,0,1.5697586776435382,0,0,1.5697491024666665,-0.028311217840653623,0,0,-0.028204520231111113,-0.77082919841452846,0,0,-0.77078974441000003,0.50528320471655586,0,0,0.50527280983333334,0.13460442399833941,0,0,0.13459978961777777,0.47477849439210373,0.0031839855366644666,0.013124817331384781,0.47548004000999999
79,outward,7999753,59536,21510,45593,0.0007015456178962598,0.00047759783049966997,0.013089969389957471,0,0,1.5697586776435382,0,0,1.5697491024666665,-0.028311217840653623,0,0,-0.028204520231111113,-0.77082919841452846,0,0,-0.77078974441000003,0.50528320471655586,0,0,0.50527280983333334,0.13460442399833941,0,0,0.13459978961777777,0.47480438874994235,0.0032899136649222811,0.013357122700642519,0.47548004000999999
80,outward,7999125,58661,21046,45435,0.00067565126005764142,0.00049348704973834216,0.013089969389957471,0,0,1.5697586776435382,0,0,1.5697491024666665,-0.028311217840653623,0,0,-0.028204520231111113,-0.77082919841452846,0,0,-0.77078974441000003,0.50528320471655586,0,0,0.50527280983333334,0.13460442399833941,0,0,0.13459978961777777,0.47483113796051607,0.0033976979410596147,0.013588843542941979,0.47548004000999999
81,outward,8001142,59803,21333,44768,0.00064890204948392372,0.00050965469115894215,0.013089969389957471,0,0,1.5697586776435382,0,0,1.5697491024666665,-0.028311217840653623,0,0,-0.028204520231111113,-0.77082919841452846,0,0,-0.77078974441000003,0.50528320471655586,0,0,0.50527280983333334,0.13460442399833941,0,0,0.13459978961777777,0.47485875685361689,0.0035073334318082424,0.01381991573841926,0.47548004000999999
82,outward,7999772,59575,21453,42231,0.00062128315638310116,0.00052610001477123637,0.013089969389957471,0,0,1.5697586776435382,0,0,1.5697491024666665,-0.028311217840653623,0,0,-0.028204520231111113,-0.77082919841452846,0,0,-0.77078974441000003,0.50528320471655586,0,0,0.50527280983333334,0.13460442399833941,0,0,0.13459978961777777,0.47488726021752792,0.0036188146943747306,0.014050276025019792,0.47548004000999999
83,outward,7999578,59153,21528,44639,0.00059277979247207568,0.00054282220415620961,0.013089969389957471,0,0,1.5697586776435382,0,0,1.5697491024666665,-0.028311217840653623,0,0,-0.028204520231111113,-0.77082919841452846,0,0,-0.77078974441000003,0.50528320471655586,0,0,0.50527280983333334,0.13460442399833941,0,0,0.13459978961777777,0.47491666279497458,0.0037321357832881359,0.014279861994808837,0.47548004000999999
84,outward,8000901,60054,21120,41278,0.00058083050724766494,0.00055982036749322036,0.013089969389957471,0,0,1.5697586776435382,0,0,1.5697491024666665,-0.028311217840653623,0,0,-0.028204520231111113,-0.77082919841452846,0,0,-0.77078974441000003,0.50528320471655586,0,0,0.50527280983333334,0.13460442399833941,0,0,0.13459978961777777,0.47494697927913071,0.00384729025721823,0.014508612090281975,0.47549749330222224
85,outward,7999374,59428,21620,42352,0.00055051402309153064,0.00057709353858273449,0.013089969389957471,0,0,1.5697586776435382,0,0,1.5697491024666665,-0.028311217840653623,0,0,-0.028204520231111113,-0.77082919841452846,0,0,-0.77078974441000003,0.50528320471655586,0,0,0.50527280983333334,0.13460442399833941,0,0,0.13459978961777777,0.47497822430967856,0.0039642711857641646,0.014736465600675611,0.47549749330222224
86,outward,8001254,60682,21583,43287,0.00051926899254367553,0.00059464067786462469,0.013089969389957471,0,0,1.5697586776435382,0,0,1.5697491024666665,-0.028311217840653623,0,0,-0.028204520231111113,-0.77082919841452846,0,0,-0.77078974441000003,0.50528320471655586,0,0,0.50527280983333334,0.13460442399833941,0,0,0.13459978961777777,0.47501041246892362,0.0040830711562136511,0.014963362658277473,0.47549749330222224
87,outward,7999281,59963,21213,44223,0.00048708083329862539,0.00061246067343204765,0.013089969389957471,0,0,1.5697586776435382,0,0,1.5697491024666665,-0.028311217840653623,0,0,-0.028204520231111113,-0.77082919841452846,0,0,-0.77078974441000003,0.50528320471655586,0,0,0.50527280983333334,0.13460442399833941,0,0,0.13459978961777777,0.47504355827796263,0.0042036822802726101,0.015189244234737109,0.47549749330222224
88,outward,8001346,61309,22592,46102,0.00045393502425961074,0.00063055234204089153,0.013089969389957471,0,0,1.5697586776435382,0,0,1.5697491024666665,-0.028311217840653623,0,0,-0.028204520231111113,-0.77082919841452846,0,0,-0.77078974441000003,0.50528320471655586,0,0,0.50527280983333334,0.13460442399833941,0,0,0.13459978961777777,0.4750776761929062,0.0043260962007653008,0.01541405213737637,0.47549749330222224
89,outward,7999291,60600,21741,45231,0.00041981710931604521,0.00064891443011479513,0.013089969389957471,0,0,1.5697586776435382,0,0,1.5697491024666665,-0.028311217840653623,0,0,-0.028204520231111113,-0.77082919841452846,0,0,-0.77078974441000003,0.50528320471655586,0,0,0.50527280983333334,0.13460442399833941,0,0,0.13459978961777777,0.47511278060115414,0.0044503040983049618,0.015637729005499944,0.47549749330222224
90,outward,7999040,59640,21259,45352,0.00040216599329034874,0.00066754561474574429,0.013089969389957471,0,0,1.5697586776435382,0,0,1.5697491024666665,-0.028311217840653623,0,0,-0.028204520231111113,-0.77082919841452846,0,0,-0.77078974441000003,0.50528320471655586,0,0,0.50527280983333334,0.13460442399833941,0,0,0.13459978961777777,0.47514888581772458,0.0045762966979348892,0.015860218306705809,0.47551494659444449
91,outward,7999550,59190,21084,44556,0.000366060776719912,0.00068644450469023332,0.013089969389957471,0,0,1.5697586776435382,0,0,1.5697491024666665,-0.028311217840653623,0,0,-0.028204520231111113,-0.77082919841452846,0,0,-0.77078974441000003,0.50528320471655586,0,0,0.50527280983333334,0.13460442399833941,0,0,0.13459978961777777,0.47518600608163558,0.0047040642757400436,0.016081464333195759,0.47551494659444449
92,outward,8000828,60018,20083,41361,0.00032894051280890624,0.00070560964136100657,0.013089969389957471,0,0,1.5697586776435382,0,0,1.5697491024666665,-0.028311217840653623,0,0,-0.028204520231111113,-0.77082919841452846,0,0,-0.77078974441000003,0.50528320471655586,0,0,0.50527280983333334,0.13460442399833941,0,0,0.13459978961777777,0.47522415555234016,0.0048335966654291136,0.016301412198085893,0.47551494659444449
93,outward,7999391,59409,21445,43399,0.00029079104210433249,0.000725039499814367,0.013089969389957471,0,0,1.5697586776435382,0,0,1.5697491024666665,-0.028311217840653623,0,0,-0.028204520231111113,-0.77082919841452846,0,0,-0.77078974441000003,0.50528320471655586,0,0,0.50527280983333334,0.13460442399833941,0,0,0.13459978961777777,0.47526334830621331,0.0049648832648870782,0.016520007831717101,0.47551494659444449
94,outward,8000458,59867,20361,46361,0.00026905158045331667,0.00074473248973306173,0.013089969389957471,0,0,1.5697586776435382,0,0,1.5697491024666665,-0.028311217840653623,0,0,-0.028204520231111113,-0.77082919841452846,0,0,-0.77078974441000003,0.50528320471655586,0,0,0.50527280983333334,0.13460442399833941,0,0,0.13459978961777777,0.47530359833309155,0.0050979130426982476,0.016737197977965607,0.47553239988666662
95,outward,7999587,59454,21620,50620,0.00024625484579732237,0.00076468695640473708,0.013089969389957471,0,0,1.5697586776435382,0,0,1.5697491024666665,-0.028311217840653623,0,0,-0.028204520231111113,-0.77082919841452846,0,0,-0.77078974441000003,0.50528320471655586,0,0,0.50527280983333334,0.13460442399833941,0,0,0.13459978961777777,0.47534491953286451,0.0052326745446397756,0.016952930190553394,0.47554985317888887
96,outward,8000652,60106,20889,47768,0.00022238693824666589,0.00078490118169596628,0.013089969389957471,0,0,1.5697586776435382,0,0,1.5697491024666665,-0.028311217840653623,0,0,-0.028204520231111113,-0.77082919841452846,0,0,-0.77078974441000003,0.50528320471655586,0,0,0.50527280983333334,0.13460442399833941,0,0,0.13459978961777777,0.47538732571211839,0.0053691559001456859,0.017167152829358771,0.47556730647111117
97,outward,8000076,60182,21213,47546,0.00019743405121491753,0.0008053733850218529,0.013089969389957471,0,0,1.5697586776435382,0,0,1.5697491024666665,-0.028311217840653623,0,0,-0.028204520231111113,-0.77082919841452846,0,0,-0.77078974441000003,0.50528320471655586,0,0,0.50527280983333334,0.13460442399833941,0,0,0.13459978961777777,0.47543083058083097,0.0055073448287413481,0.017379815056726807,0.47558475976333331
98,outward,8001069,61251,23121,48787,0.00017138247472459067,0.00082610172431120215,0.013089969389957471,0,0,1.5697586776435382,0,0,1.5697491024666665,-0.028311217840653623,0,0,-0.028204520231111113,-0.77082919841452846,0,0,-0.77078974441000003,0.50528320471655586,0,0,0.50527280983333334,0.13460442399833941,0,0,0.13459978961777777,0.47547544774911787,0.0056472286464484666,0.017590866833779903,0.47560221305555556
99,outward,7998623,59874,21861,46213,0.0001442185986599287,0.00084708429696727001,0.013089969389957471,0,0,1.5697586776435382,0,0,1.5697491024666665,-0.028311217840653623,0,0,-0.028204520231111113,-0.77082919841452846,0,0,-0.77078974441000003,0.50528320471655586,0,0,0.50527280983333334,0.13460442399833941,0,0,0.13459978961777777,0.47552119072403021,0.0057887942721605336,0.017800258916728224,0.4756196663477778
100,outward,8000022,59896,21056,48324,0.00011592891596973187,0.00086831914082408004,0.013089969389957471,0,0,1.5697586776435382,0,0,1.5697491024666665,-0.028311217840653623,0,0,-0.028204520231111113,-0.77082919841452846,0,0,-0.77078974441000003,0.50528320471655586,0,0,0.50527280983333334,0.13460442399833941,0,0,0.13459978961777777,0.47556807290640291,0.0059320282339887769,0.01800794285318021,0.47563711963999994
101,outward,8001049,60945,22057,45611,8.6500025819336024e-05,0.00088980423509831647,0.013089969389957471,0,0,1.5697586776435382,0,0,1.5697491024666665,-0.028311217840653623,0,0,-0.028204520231111113,-0.77082919841452846,0,0,-0.77078974441000003,0.50528320471655586,0,0,0.50527280983333334,0.13460442399833941,0,0,0.13459978961777777,0.47561610758775369,0.0060769166755785826,0.018213870978453114,0.47565457293222224
102,outward,7999068,60013,21083,45500,5.5918636690799328e-05,0.00091153750133678732,0.013089969389957471,0,0,1.5697586776435382,0,0,1.5697491024666665,-0.028311217840653623,0,0,-0.028204520231111113,-0.77082919841452846,0,0,-0.77078974441000003,0.50528320471655586,0,0,0.50527280983333334,0.13460442399833941,0,0,0.13459978961777777,0.4756653079472325,0.0062234453623964169,0.018417996411883446,0.47567202622444449
103,outward,8005513,65526,21278,44203,4.1624861656375245e-05,0.00093351680435946251,0.013089969389957471,0,0,1.5697586776435382,0,0,1.5697491024666665,-0.028311217840653623,0,0,-0.028204520231111113,-0.77082919841452846,0,0,-0.77078974441000003,0.50528320471655586,0,0,0.50527280983333334,0.13460442399833941,0,0,0.13459978961777777,0.47571568704862127,0.0063715996879872118,0.018620273053137498,0.47570693280888887
104,outward,7999707,65233,21009,44907,8.6990524898467037e-06,0.00095573995319808171,0.013089969389957471,0,0,1.5697586776435382,0,0,1.5697491024666665,-0.028311217840653623,0,0,-0.028204520231111113,-0.77082919841452846,0,0,-0.77078974441000003,0.50528320471655586,0,0,0.50527280983333334,0.13460442399833941,0,0,0.13459978961777777,0.47576725783738322,0.0065213646802022573,0.018820655578521851,0.47572438610111112
105,outward,8005790,71023,20917,44814,2.5418444049851718e-05,0.00097820470203033847,0.013089969389957471,0,0,1.5697586776435382,0,0,1.5697665557588889,-0.028311217840653623,0,0,-0.028204520231111113,-0.77082919841452846,0,0,-0.77078974441000003,0.50528320471655586,0,0,0.50527280983333334,0.13460442399833941,0,0,0.13459978961777777,0.4758200331377625,0.0066727250073975496,0.019019099437293838,0.47574183939333337
106,outward,7988762,59785,21574,41990,4.3287159984639612e-05,0.0010009087511096324,0.013089969389957471,0,0,1.5697586776435382,0,0,1.5697491024666665,-0.028311217840653623,0,0,-0.028204520231111113,-0.77082919841452846,0,0,-0.77078974441000003,0.50528320471655586,0,0,0.50527280983333334,0.13460442399833941,0,0,0.13459978961777777,0.47587402564993248,0.0068256649846026559,0.019215560847972095,0.47577674597777786
107,outward,7999707,59492,20944,44399,7.982637993247943e-05,0.0010238497476903984,0.013089969389957471,0,0,1.5697586776435382,0,0,1.5697491024666665,-0.028311217840653623,0,0,-0.028221973523333332,-0.77082919841452846,0,0,-0.77078974441000003,0.50528320471655586,0,0,0.50527280983333334,0.13460442399833941,0,0,0.13459978961777777,0.47592924794719405,0.0069801685796600389,0.019409996794646979,0.47579419927
108,outward,8000559,60051,21250,45352,0.00010014209274961106,0.0010470252869490058,0.013089969389957471,0,0,1.5697586776435382,0,0,1.5697491024666665,-0.028311217840653623,0,0,-0.028221973523333332,-0.77082919841452846,0,0,-0.77078974441000003,0.50528320471655586,0,0,0.50527280983333334,0.13460442399833941,0,0,0.13459978961777777,0.47598571247322247,0.0071362194193348664,0.019602365023291154,0.47582910585444443
109,outward,8000781,60832,20453,47361,0.00012170003433353838,0.0010704329129002299,0.013089969389957471,0,0,1.5697586776435382,0,0,1.5697491024666665,-0.028311217840653623,0,0,-0.028221973523333332,-0.77082919841452846,0,0,-0.77078974441000003,0.50528320471655586,0,0,0.50527280983333334,0.13460442399833941,0,0,0.13459978961777777,0.47604343153936302,0.0072938007953953221,0.019792624038070031,0.47586401243888893
110,outward,7998299,59131,21232,45093,0.0001445125160297045,0.0010940701193092983,0.013089969389957471,0,0,1.5697586776435382,0,0,1.5697491024666665,-0.028311217840653623,0,0,-0.028221973523333332,-0.77082919841452846,0,0,-0.77078974441000003,0.50528320471655586,0,0,0.50527280983333334,0.13460442399833941,0,0,0.13459978961777777,0.47610241732197539,0.0074528956706633896,0.01998073309765229,0.47589891902333331
111,outward,7999716,58847,22379,48297,0.00018604500641983268,0.0011179343505995083,0.013089969389957471,0,0,1.5697586776435382,0,0,1.5697491024666665,-0.028311217840653623,0,0,-0.028221973523333332,-0.77082919841452846,0,0,-0.77078974441000003,0.50528320471655586,0,0,0.50527280983333334,0.13460442399833941,0,0,0.13459978961777777,0.47616268185982608,0.0076134866850361095,0.020166652211520354,0.47591637231555556
112,outward,8000393,59240,21389,47472,0.00021140295982607915,0.0011420230027554164,0.013089969389957471,0,0,1.5697586776435382,0,0,1.5697491024666665,-0.028311217840653623,0,0,-0.028221973523333332,-0.77082919841452846,0,0,-0.77078974441000003,0.50528320471655586,0,0,0.50527280983333334,0.13460442399833941,0,0,0.13459978961777777,0.47622423705152911,0.0077755561614773431,0.020350342136280904,0.4759512789
113,outward,8000974,60214,21315,49787,0.0002380515670846739,0.0011663334242216015,0.013089969389957471,0,0,1.5697586776435382,0,0,1.5697491024666665,-0.028311217840653623,0,0,-0.028221973523333332,-0.77082919841452846,0,0,-0.77078974441000003,0.50528320471655586,0,0,0.50527280983333334,0.13460442399833941,0,0,0.13459978961777777,0.47628709465303432,0.0079390861119800083,0.020531764371975399,0.47598618548444444
114,outward,7998532,58746,20602,50093,0.00024854929192319464,0.0011908629167970012,0.013089969389957471,0,0,1.5697586776435382,0,0,1.5697491024666665,-0.028311217840653623,0,0,-0.028221973523333332,-0.77082919841452846,0,0,-0.77078974441000003,0.50528320471655586,0,0,0.50527280983333334,0.13460442399833941,0,0,0.13459978961777777,0.47635126627516344,0.0081040582434987775,0.020710881158390509,0.47603854536111112
115,outward,8000244,58990,21445,46250,0.00026036103738569238,0.0012156087365248166,0.013089969389957471,0,0,1.5697586776435382,0,0,1.5697491024666665,-0.028311217840653623,0,0,-0.028221973523333332,-0.77082919841452846,0,0,-0.77078974441000003,0.50528320471655586,0,0,0.50527280983333334,0.13460442399833941,0,0,0.13459978961777777,0.47641676338119326,0.0082704539638533223,0.020887655471368685,0.47609090523777775
116,outward,8000040,59030,21065,45315,0.00029095155897096436,0.0012405680945779983,0.013089969389957471,0,0,1.5697586776435382,0,0,1.5697491024666665,-0.028311217840653623,0,0,-0.028221973523333332,-0.77082919841452846,0,0,-0.77078974441000003,0.50528320471655586,0,0,0.50527280983333334,0.13460442399833941,0,0,0.13459978961777777,0.47648359728448636,0.0084382543876019671,0.021062051019118618,0.4761258118222223
117,outward,8001401,60431,20917,44130,0.00032287887781967672,0.0012657381581402951,0.013089969389957471,0,0,1.5697586776435382,0,0,1.5697491024666665,-0.028311217840653623,0,0,-0.028221973523333332,-0.77082919841452846,0,0,-0.77078974441000003,0.50528320471655586,0,0,0.50527280983333334,0.13460442399833941,0,0,0.13459978961777777,0.47655177914616803,0.0086074403418858643,0.021234032238525716,0.47616071840666668
118,outward,7999346,59777,21472,43213,0.00033870086283466216,0.0012911160512828796,0.013089969389957471,0,0,1.5697586776435382,0,0,1.5697491024666665,-0.028311217840653623,0,0,-0.028221973523333332,-0.77082919841452846,0,0,-0.77078974441000003,0.50528320471655586,0,0,0.50527280983333334,0.13460442399833941,0,0,0.13459978961777777,0.47662131997285057,0.0087779923722436752,0.02140356429146267,0.47621307828333337
119,outward,7999503,59280,21481,42834,0.00037333510507281398,0.0013166988558365512,0.013089969389957471,0,0,1.5697586776435382,0,0,1.5697491024666665,-0.028311217840653623,0,0,-0.028221973523333332,-0.77082919841452846,0,0,-0.77078974441000003,0.50528320471655586,0,0,0.50527280983333334,0.13460442399833941,0,0,0.13459978961777777,0.47669223061440341,0.0089498907483966834,0.021570613061099881,0.47624798486777775
120,outward,7999615,58895,21370,42111,0.00037443257773667193,0.0013424836122595024,0.013089969389957471,0,0,1.5697586776435382,0,0,1.5697491024666665,-0.028311217840653623,0,0,-0.028221973523333332,-0.77082919841452846,0,0,-0.77078974441000003,0.50528320471655586,0,0,0.50527280983333334,0.13460442399833941,0,0,0.13459978961777777,0.47676452176176964,0.0091231154700044219,0.021735145148215985,0.47631779803666674
121,outward,8000642,59537,24009,42685,0.00039436384843632988,0.0013684673205006633,0.013089969389957471,0,0,1.5697586776435382,0,0,1.5697491024666665,-0.028311217840653623,0,0,-0.028221973523333332,-0.77082919841452846,0,0,-0.77078974441000003,0.50528320471655586,0,0,0.50527280983333334,0.13460442399833941,0,0,0.13459978961777777,0.47683820394482851,0.0092976462723908075,0.021897127867508356,0.47637015791333331
122,outward,8000114,59651,21445,41574,0.00043313944705070107,0.0013946469408586211,0.013089969389957471,0,0,1.5697586776435382,0,0,1.5697491024666665,-0.028311217840653623,0,0,-0.028221973523333332,-0.77082919841452846,0,0,-0.77078974441000003,0.50528320471655586,0,0,0.50527280983333334,0.13460442399833941,0,0,0.13459978961777777,0.4769132875303036,0.0094734626322406923,0.022056529243903604,0.47640506449777781
123,outward,8005364,65015,21731,28435,0.0004384098636369127,0.0014210193948361038,0.013089969389957471,0,0,1.5697586776435382,0,0,1.5697491024666665,-0.028311217840653623,0,0,-0.028221973523333332,-0.77082919841452846,0,0,-0.77078974441000003,0.50528320471655586,0,0,0.50527280983333334,0.13460442399833941,0,0,0.13459978961777777,0.47698978271971615,0.009650543773266974,0.022213318008868086,0.47647487766666669
124,outward,7992318,57333,15482,34009,0.00044509188416064216,0.0014475815659900461,0.013089969389957471,0,0,1.5697586776435382,0,0,1.5697491024666665,-0.028311217840653623,0,0,-0.028221973523333332,-0.77082919841452846,0,0,-0.77078974441000003,0.50528320471655586,0,0,0.50527280983333334,0.13460442399833941,0,0,0.13459978961777777,0.47706769954738421,0.0098288686718481302,0.022367463596718328,0.47654469083555551
125,outward,8001077,58410,16444,33537,0.00047064883516195755,0.0014743303007772196,0.013089969389957471,0,0,1.5697586776435382,0,0,1.5697491024666665,-0.028311217840653623,0,0,-0.028221973523333332,-0.77082919841452846,0,0,-0.77078974441000003,0.50528320471655586,0,0,0.50527280983333334,0.13460442399833941,0,0,0.13459978961777777,0.47714704787846596,0.010008416062636284,0.022518936140931641,0.47659705071222225
126,outward,8003346,61756,21713,43158,0.00051509058179927125,0.0015012624093954426,0.013089969389957471,0,0,1.5697586776435382,0,0,1.5697491024666665,-0.028311217840653623,0,0,-0.028221973523333332,-0.77082919841452846,0,0,-0.77078974441000003,0.50528320471655586,0,0,0.50527280983333334,0.13460442399833941,0,0,0.13459978961777777,0.47722783740704877,0.01018916444413571,0.02266770647045651,0.47663195729666669
127,outward,8007449,69205,73416,133620,0.00052606694149320843,0.0015283746666203565,0.013089969389957471,0,0,1.5697586776435382,0,0,1.5697491024666665,-0.028311217840653623,0,0,-0.028221973523333332,-0.77082919841452846,0,0,-0.77078974441000003,0.50528320471655586,0,0,0.50527280983333334,0.13460442399833941,0,0,0.13459978961777777,0.47731007765428179,0.01037109208425187,0.022813746106023169,0.47670177046555556
128,outward,7992002,61207,29213,59676,0.00052104072761505194,0.0015556638126377803,0.013089969389957471,0,0,1.5697586776435382,0,0,1.5697491024666665,-0.028311217840653623,0,0,-0.028221973523333332,-0.77082919841452846,0,0,-0.77078974441000003,0.50528320471655586,0,0,0.50527280983333334,0.13460442399833941,0,0,0.13459978961777777,0.47739377796655347,0.010554177025810883,0.022957027256454054,0.47678903692666674
129,outward,7997041,58248,22871,47240,0.0005349278709979588,0.0015831265538716324,0.013089969389957471,0,0,1.5697586776435382,0,0,1.5697491024666665,-0.028311217840653623,0,0,-0.028221973523333332,-0.77082919841452846,0,0,-0.77078974441000003,0.50528320471655586,0,0,0.50527280983333334,0.13460442399833941,0,0,0.13459978961777777,0.47747894751371295,0.01073839709204953,0.023097522814974313,0.47685885009555551
130,outward,8000262,58510,22732,48620,0.00056773754149075373,0.0016107595638074294,0.013089969389957471,0,0,1.5697586776435382,0,0,1.5697665557588889,-0.028311217840653623,0,0,-0.028221973523333332,-0.77082919841452846,0,0,-0.77078974441000003,0.50528320471655586,0,0,0.50527280983333334,0.13460442399833941,0,0,0.13459978961777777,0.47756559528733494,0.010923729892075702,0.023235206355522325,0.47691120997222219
131,outward,7999236,57746,23185,48287,0.00058457214622376075,0.0016385594838113553,0.013089969389957471,0,0,1.5697586776435382,0,0,1.5697491024666665,-0.028311217840653623,0,0,-0.028221973523333332,-0.77082919841452846,0,0,-0.77078974441000003,0.50528320471655586,0,0,0.50527280983333334,0.13460442399833941,0,0,0.13459978961777777,0.47765373009902873,0.011110152826299343,0.023370052129060136,0.47698102314111118
132,outward,8000596,58342,24370,48435,0.00060289378902872448,0.0016665229239449014,0.013089969389957471,0,0,1.5697586776435382,0,0,1.5697491024666665,-0.028311217840653623,0,0,-0.028221973523333332,-0.77082919841452846,0,0,-0.77078974441000003,0.50528320471655586,0,0,0.50527280983333334,0.13460442399833941,0,0,0.13459978961777777,0.47774336057879013,0.011297643091833899,0.02350203505988404,0.47705083631
133,outward,7999725,58067,22537,45907,0.00062271109990125195,0.0016946464637750849,0.013089969389957471,0,0,1.5697586776435382,0,0,1.5697491024666665,-0.028311217840653623,0,0,-0.028221973523333332,-0.77082919841452846,0,0,-0.77078974441000003,0.50528320471655586,0,0,0.50527280983333334,0.13460442399833941,0,0,0.13459978961777777,0.47783449517339655,0.011486177687868231,0.023631130741935024,0.47712064947888888
134,outward,7999504,57571,21889,47593,0.00064403252561873181,0.0017229266531802346,0.013089969389957471,0,0,1.5697586776435382,0,0,1.5697491024666665,-0.028311217840653623,0,0,-0.028221973523333332,-0.77082919841452846,0,0,-0.77078974441000003,0.50528320471655586,0,0,0.50527280983333334,0.13460442399833941,0,0,0.13459978961777777,0.47792714214484494,0.011675733421008989,0.023757315435109266,0.47719046264777781
135,outward,8000634,58205,21676,43639,0.00064941303595605904,0.0017513600131513483,0.013089969389957471,0,0,1.5697586776435382,0,0,1.5697491024666665,-0.028311217840653623,0,0,-0.028221973523333332,-0.77082919841452846,0,0,-0.77078974441000003,0.50528320471655586,0,0,0.50527280983333334,0.13460442399833941,0,0,0.13459978961777777,0.47802130956883271,0.011866286910593533,0.023880566061568617,0.47727772910888888
136,outward,8003197,61402,23418,46602,0.00067376729105483868,0.00177994303658903,0.013089969389957471,0,0,1.5697586776435382,0,0,1.5697491024666665,-0.028311217840653623,0,0,-0.028221973523333332,-0.77082919841452846,0,0,-0.77078974441000003,0.50528320471655586,0,0,0.50527280983333334,0.13460442399833941,0,0,0.13459978961777777,0.47811700533328028,0.012057814593973272,0.02400086020205117,0.47734754227777787
137,outward,7998828,60230,21981,45657,0.00069964988661364025,0.0018086721890959907,0.013089969389957471,0,0,1.5697586776435382,0,0,1.5697491024666665,-0.028311217840653623,0,0,-0.028221973523333332,-0.77082919841452846,0,0,-0.77078974441000003,0.50528320471655586,0,0,0.50527280983333334,0.13460442399833941,0,0,0.13459978961777777,0.47821423713689665,0.012250292731767528,0.024118176092181708,0.47741735544666664
138,outward,8000235,60465,21491,43324,0.00070961522911883179,0.0018375439097651292,0.013089969389957471,0,0,1.5697586776435382,0,0,1.5697491024666665,-0.028311217840653623,0,0,-0.028221973523333332,-0.77082919841452846,0,0,-0.77078974441000003,0.50528320471655586,0,0,0.50527280983333334,0.13460442399833941,0,0,0.13459978961777777,0.47831301248778607,0.012443697413087876,0.02423249261878219,0.47750462190777782
139,outward,8007160,67625,21898,47787,0.00072112411889718731,0.0018665546119631814,0.013089969389957471,0,0,1.5697586776435382,0,0,1.5697491024666665,-0.028311217840653623,0,0,-0.028221973523333332,-0.77082919841452846,0,0,-0.77078974441000003,0.50528320471655586,0,0,0.50527280983333334,0.13460442399833941,0,0,0.13459978961777777,0.47841333870209724,0.012638004560732946,0.024343789316182241,0.47759188836888888
140,outward,7992078,59703,20759,45037,0.00075163716431947414,0.0018957006841099418,0.013089969389957471,0,0,1.5697586776435382,0,0,1.5697491024666665,-0.028311217840653623,0,0,-0.028221973523333332,-0.77082919841452846,0,0,-0.77078974441000003,0.50528320471655586,0,0,0.50527280983333334,0.13460442399833941,0,0,0.13459978961777777,0.47851522290271298,0.01283318993635375,0.024452046362529699,0.47766170153777776
141,outward,7999716,59419,20889,42862,0.00076625490382403738,0.0019249784904530624,0.013089969389957471,0,0,1.5697586776435382,0,0,1.5697491024666665,-0.028311217840653623,0,0,-0.028221973523333332,-0.77082919841452846,0,0,-0.77078974441000003,0.50528320471655586,0,0,0.50527280983333334,0.13460442399833941,0,0,0.13459978961777777,0.47861867201798192,0.013029229145589447,0.024557244576101079,0.47774896799888894
142,outward,8000726,60145,21574,45130,0.00078243755798190762,0.0019543843718384168,0.013089969389957471,0,0,1.5697586776435382,0,0,1.5697491024666665,-0.028311217840653623,0,0,-0.028221973523333332,-0.77082919841452846,0,0,-0.77078974441000003,0.50528320471655586,0,0,0.50527280983333334,0.13460442399833941,0,0,0.13459978961777777,0.47872369278049093,0.013226097643173628,0.024659365411612101,0.47783623446000001
143,outward,7998736,58881,20639,39315,0.0008001918593797952,0.001983914646476044,0.013089969389957471,0,0,1.5697586776435382,0,0,1.5697491024666665,-0.028311217840653623,0,0,-0.028221973523333332,-0.77082919841452846,0,0,-0.77078974441000003,0.50528320471655586,0,0,0.50527280983333334,0.13460442399833941,0,0,0.13459978961777777,0.47883029172587788,0.013423770738011074,0.024758390956528115,0.47792350092111113
144,outward,8000781,59662,21204,43027,0.00081952434365556437,0.0020135656107016608,0.013089969389957471,0,0,1.5697586776435382,0,0,1.5697491024666665,-0.028311217840653623,0,0,-0.028239426815555559,-0.77082919841452846,0,0,-0.77078974441000003,0.50528320471655586,0,0,0.50527280983333334,0.13460442399833941,0,0,0.13459978961777777,0.47893847519168553,0.013622223598224976,0.024854303927374689,0.47801076738222231
145,outward,7999957,59619,21445,47324,0.00082298805613001402,0.0020433335397337465,0.013089969389957471,0,0,1.5697586776435382,0,0,1.5697491024666665,-0.028311217840653623,0,0,-0.028239426815555559,-0.77082919841452846,0,0,-0.77078974441000003,0.50528320471655586,0,0,0.50527280983333334,0.13460442399833941,0,0,0.13459978961777777,0.47904824931625506,0.01382143125617467,0.024947087666048046,0.47811548713555552
146,outward,7999346,58965,20991,41639,0.00084549571958836278,0.0020732146884262005,0.013089969389957471,0,0,1.5697586776435382,0,0,1.5697491024666665,-0.028311217840653623,0,0,-0.028239426815555559,-0.77082919841452846,0,0,-0.77078974441000003,0.50528320471655586,0,0,0.50527280983333334,0.13460442399833941,0,0,0.13459978961777777,0.47915962003766033,0.014021368613443877,0.025036726136125561,0.4782027535966667
147,outward,8001050,60015,20917,43111,0.00086959997988250715,0.0021032052920165814,0.013089969389957471,0,0,1.5697586776435382,0,0,1.5697491024666665,-0.028311217840653623,0,0,-0.028239426815555559,-0.77082919841452846,0,0,-0.77078974441000003,0.50528320471655586,0,0,0.50527280983333334,0.13460442399833941,0,0,0.13459978961777777,0.47927259309268117,0.01422201044579934,0.025123203919176319,0.47829002005777782
148,outward,7998235,58250,20963,48361,0.00087785328157002906,0.0021333015668699011,0.013089969389957471,0,0,1.5697586776435382,0,0,1.5697491024666665,-0.028311217840653623,0,0,-0.028239426815555559,-0.77082919841452846,0,0,-0.77078974441000003,0.50528320471655586,0,0,0.50527280983333334,0.13460442399833941,0,0,0.13459978961777777,0.47938717401581671,0.014423331408120011,0.025206506211071549,0.47839473981111114
149,outward,8003346,61596,23917,48740,0.0008877144513722568,0.0021634997112180017,0.013089969389957471,0,0,1.5697586776435382,0,0,1.5697491024666665,-0.028311217840653623,0,0,-0.028239426815555559,-0.77082919841452846,0,0,-0.77078974441000003,0.50528320471655586,0,0,0.50527280983333334,0.13460442399833941,0,0,0.13459978961777777,0.47950336813833794,0.014625306039296746,0.025286618818295126,0.47849945956444445
150,outward,7997901,59497,20842,47686,0.00088173552833797908,0.0021937959058945119,0.013089969389957471,0,0,1.5697586776435382,0,0,1.5697491024666665,-0.028311217840653623,0,0,-0.028239426815555559,-0.77082919841452846,0,0,-0.77078974441000003,0.50528320471655586,0,0,0.50527280983333334,0.13460442399833941,0,0,0.13459978961777777,0.47962118058737924,0.01482790876710241,0.025363528154254123,0.47862163260999996
151,outward,8000208,59705,20768,45139,0.00089482822404596263,0.0022241863150653613,0.013089969389957471,0,0,1.5697586776435382,0,0,1.5697491024666665,-0.028311217840653623,0,0,-0.028239426815555559,-0.77082919841452846,0,0,-0.77078974441000003,0.50528320471655586,0,0,0.50527280983333334,0.13460442399833941,0,0,0.13459978961777777,0.47974061628506892,0.01503111391303252,0.025437221235589235,0.47872635236333327
152,outward,7998920,58625,21037,44593,0.00092699746062446797,0.0022546670869548779,0.013089969389957471,0,0,1.5697586776435382,0,0,1.5697491024666665,-0.028311217840653623,0,0,-0.028239426815555559,-0.77082919841452846,0,0,-0.77078974441000003,0.50528320471655586,0,0,0.50527280983333334,0.13460442399833941,0,0,0.13459978961777777,0.47986167994769807,0.015234895697116372,0.02550768567848535,0.47881361882444445
153,outward,8001671,60296,20694,45843,0.00094334136992030304,0.0022852343545674558,0.013089969389957471,0,0,1.5697586776435382,0,0,1.5697491024666665,-0.028311217840653623,0,0,-0.028239426815555559,-0.77082919841452846,0,0,-0.77078974441000003,0.50528320471655586,0,0,0.50527280983333334,0.13460442399833941,0,0,0.13459978961777777,0.47998437608492828,0.015439228242698583,0.025574909694981982,0.47891833857777777
154,outward,8005021,65317,20694,47259,0.00094386446159494541,0.0023158842364047875,0.013089969389957471,0,0,1.5697586776435382,0,0,1.5697491024666665,-0.028311217840653623,0,0,-0.028239426815555559,-0.77082919841452846,0,0,-0.77078974441000003,0.50528320471655586,0,0,0.50527280983333334,0.13460442399833941,0,0,0.13459978961777777,0.48010870899903679,0.015644085581191257,0.025638882089283777,0.47904051162333333
155,outward,7994217,59534,21278,44222,0.00096347762237009027,0.0023466128371786884,0.013089969389957471,0,0,1.5697586776435382,0,0,1.5697491024666665,-0.028311217840653623,0,0,-0.028239426815555559,-0.77082919841452846,0,0,-0.77078974441000003,0.50528320471655586,0,0,0.50527280983333334,0.13460442399833941,0,0,0.13459978961777777,0.48023468278420028,0.015849441656796439,0.025699592254071094,0.4791452313766667
156,outward,7999151,58685,20944,40954,0.00096727836197801897,0.0023774162485194657,0.013089969389957471,0,0,1.5697586776435382,0,0,1.5697491024666665,-0.028311217840653623,0,0,-0.028239426815555559,-0.77082919841452846,0,0,-0.77078974441000003,0.50528320471655586,0,0,0.50527280983333334,0.13460442399833941,0,0,0.13459978961777777,0.48036230132581592,0.016055270331199273,0.025757030166810392,0.47926740442222227
157,outward,8001319,60004,23824,42380,0.00097272385803809369,0.002408290549679891,0.013089969389957471,0,0,1.5697586776435382,0,0,1.5697491024666665,-0.028311217840653623,0,0,-0.028239426815555559,-0.77082919841452846,0,0,-0.77078974441000003,0.50528320471655586,0,0,0.50527280983333334,0.13460442399833941,0,0,0.13459978961777777,0.48049156829985967,0.016261545388231453,0.025811186386064749,0.47938957746777783
158,outward,7999660,59664,20880,44898,0.00096236449430409099,0.0024392318082347179,0.013089969389957471,0,0,1.5697586776435382,0,0,1.5697491024666665,-0.028311217840653623,0,0,-0.028239426815555559,-0.77082919841452846,0,0,-0.77078974441000003,0.50528320471655586,0,0,0.50527280983333334,0.13460442399833941,0,0,0.13459978961777777,0.48062248717228234,0.016468240538505274,0.025862052047804441,0.47952920380555558
159,outward,7999402,59066,20815,47445,0.00097111032117125351,0.0024702360807757908,0.013089969389957471,0,0,1.5697586776435382,0,0,1.5697491024666665,-0.028311217840653623,0,0,-0.028239426815555559,-0.77082919841452846,0,0,-0.77078974441000003,0.50528320471655586,0,0,0.50527280983333334,0.13460442399833941,0,0,0.13459978961777777,0.48075506119844208,0.016675329424018122,0.025909618861717353,0.47965137685111109
160,outward,8000634,59700,20463,41324,0.00096405800955318144,0.0025012994136027183,0.013089969389957471,0,0,1.5697586776435382,0,0,1.5697491024666665,-0.028311217840653623,0,0,-0.028239426815555559,-0.77082919841452846,0,0,-0.77078974441000003,0.50528320471655586,0,0,0.50527280983333334,0.13460442399833941,0,0,0.13459978961777777,0.4808892934225738,0.016882785622727443,0.025953879107519513,0.4797910031888889
161,outward,8004939,64639,24074,45852,0.000976117188129344,0.0025324178434091163,0.013089969389957471,0,0,1.5697586776435382,0,0,1.5697491024666665,-0.028311217840653623,0,0,-0.028239426815555559,-0.77082919841452846,0,0,-0.77078974441000003,0.50528320471655586,0,0,0.50527280983333334,0.13460442399833941,0,0,0.13459978961777777,0.48102518667729505,0.017090582653096268,0.02599482563126557,0.47991317623444446
162,outward,7997428,62067,24907,48232,0.00098983739729502362,0.00256358739796444,0.013089969389957471,0,0,1.5697586776435382,0,0,1.5697491024666665,-0.028311217840653623,0,0,-0.028239426815555559,-0.77082919841452846,0,0,-0.77078974441000003,0.50528320471655586,0,0,0.50527280983333334,0.13460442399833941,0,0,0.13459978961777777,0.4811627435831482,0.017298693978609076,0.026032451841659331,0.48003534928000002
163,outward,8187069,249136,116917,194130,0.00097031467314817599,0.0025948040967913614,0.013089969389957471,0,0,1.5697586776435382,0,0,1.5697491024666665,-0.028311217840653623,0,0,-0.028239426815555559,-0.77082919841452846,0,0,-0.77078974441000003,0.50528320471655586,0,0,0.50527280983333334,0.13460442399833941,0,0,0.13459978961777777,0.48130196654817858,0.017507093012258293,0.026066751706364168,0.48019242891000002
164,outward,7816151,65287,39231,65825,0.00096991130040080531,0.0026260639518387438,0.013089969389957471,0,0,1.5697586776435382,0,0,1.5697491024666665,-0.028311217840653623,0,0,-0.028239426815555559,-0.77082919841452846,0,0,-0.77078974441000003,0.50528320471655586,0,0,0.50527280983333334,0.13460442399833941,0,0,0.13459978961777777,0.4814428577675483,0.017715753121001192,0.02609771974831368,0.48033205524777778
165,outward,7993911,59198,35231,69963,0.00097117618199271671,0.0026573629681501789,0.013089969389957471,0,0,1.5697586776435382,0,0,1.5697491024666665,-0.028311217840653623,0,0,-0.028239426815555559,-0.77082919841452846,0,0,-0.77078974441000003,0.50528320471655586,0,0,0.50527280983333334,0.13460442399833941,0,0,0.13459978961777777,0.48158541922318576,0.0179246476301873,0.026125351042022002,0.48047168158555559
166,outward,7999458,58656,25093,48130,0.00095665800763017339,0.0026886971445280951,0.013089969389957471,0,0,1.5697586776435382,0,0,1.5697491024666665,-0.028311217840653623,0,0,-0.028239426815555559,-0.77082919841452846,0,0,-0.77078974441000003,0.50528320471655586,0,0,0.50527280983333334,0.13460442399833941,0,0,0.13459978961777777,0.4817296526834704,0.018133749827956278,0.026149641209894412,0.48062876121555559
167,outward,8000957,59613,23445,47991,0.00094381183791486523,0.0027200624741934415,0.013089969389957471,0,0,1.5697586776435382,0,0,1.5697491024666665,-0.028311217840653623,0,0,-0.028239426815555559,-0.77082919841452846,0,0,-0.77078974441000003,0.50528320471655586,0,0,0.50527280983333334,0.13460442399833941,0,0,0.13459978961777777,0.48187555970295259,0.018343032969606279,0.026170586418537832,0.48078584084555553
168,outward,7999077,58690,25759,55000,0.00095009251961925001,0.0027514549454409416,0.013089969389957471,0,0,1.5697586776435382,0,0,1.5697491024666665,-0.028311217840653623,0,0,-0.028239426815555559,-0.77082919841452846,0,0,-0.77078974441000003,0.50528320471655586,0,0,0.50527280983333334,0.13460442399833941,0,0,0.13459978961777777,0.48202314162210808,0.018552470281932871,0.026188183375071304,0.48092546718333334
169,outward,8001421,60111,22750,45259,0.00095804810099703319,0.0027828705422899306,0.013089969389957471,0,0,1.5697586776435382,0,0,1.5697491024666665,-0.028311217840653623,0,0,-0.028239426815555559,-0.77082919841452846,0,0,-0.77078974441000003,0.50528320471655586,0,0,0.50527280983333334,0.13460442399833941,0,0,0.13459978961777777,0.48217239956712737,0.018762034967538262,0.026202429323436412,0.48106509352111104
170,outward,7999799,59910,29500,59398,0.00095022641601627544,0.0028143052451307391,0.013089969389957471,0,0,1.5697586776435382,0,0,1.5697491024666665,-0.028311217840653623,0,0,-0.028239426815555559,-0.77082919841452846,0,0,-0.77078974441000003,0.50528320471655586,0,0,0.50527280983333334,0.13460442399833941,0,0,0.13459978961777777,0.48232333444973929,0.018971700209111209,0.026213322040707952,0.4812221731511111
171,outward,7999087,58997,27481,54398,0.00096153496085038537,0.0028457550313666811,0.013089969389957471,0,0,1.5697586776435382,0,0,1.5697491024666665,-0.028311217840653623,0,0,-0.028239426815555559,-0.77082919841452846,0,0,-0.77078974441000003,0.50528320471655586,0,0,0.50527280983333334,0.13460442399833941,0,0,0.13459978961777777,0.4824759469670688,0.019181439173677317,0.026220859833404234,0.48136179948888891
172,outward,7999856,58853,29898,59759,0.00099197443262433183,0.0028772158760515974,0.013089969389957471,0,0,1.5697586776435382,0,0,1.5697491024666665,-0.028311217840653623,0,0,-0.028239426815555559,-0.77082919841452846,0,0,-0.77078974441000003,0.50528320471655586,0,0,0.50527280983333334,0.13460442399833941,0,0,0.13459978961777777,0.48263023760152834,0.019391225016819794,0.026225041533797757,0.48148397253444447
173,outward,7999420,58273,22834,47565,0.00098918543708392814,0.0029086837525229689,0.013089969389957471,0,0,1.5697586776435382,0,0,1.5697491024666665,-0.028311217840653623,0,0,-0.028239426815555559,-0.77082919841452846,0,0,-0.77078974441000003,0.50528320471655586,0,0,0.50527280983333334,0.13460442399833941,0,0,0.13459978961777777,0.48278620662074329,0.019601030886870763,0.026225866496225551,0.48164105216444442
174,outward,7998966,57239,22491,48426,0.0009880748262988126,0.0029401546330306144,0.013089969389957471,0,0,1.5697586776435382,0,0,1.5697491024666665,-0.028311217840653623,0,0,-0.028256880107777778,-0.77082919841452846,0,0,-0.77078974441000003,0.50528320471655586,0,0,0.50527280983333334,0.13460442399833941,0,0,0.13459978961777777,0.48294385407751056,0.019810829929072977,0.026223334593399796,0.48179813179444447
175,outward,8000662,57901,22129,46879,0.0010060959452883322,0.0029716244893609463,0.013089969389957471,0,0,1.5697586776435382,0,0,1.5697665557588889,-0.028311217840653623,0,0,-0.028256880107777778,-0.77082919841452846,0,0,-0.77078974441000003,0.50528320471655586,0,0,0.50527280983333334,0.13460442399833941,0,0,0.13459978961777777,0.48310317980979051,0.020020595289712124,0.026217446212718237,0.48193775813222223
176,outward,8003762,61663,39722,75233,0.0010257953397905251,0.0030030892934568188,0.013089969389957471,0,0,1.5697586776435382,0,0,1.5697665557588889,-0.028311217840653623,0,0,-0.028256880107777778,-0.77082919841452846,0,0,-0.77078974441000003,0.50528320471655586,0,0,0.50527280983333334,0.13460442399833941,0,0,0.13459978961777777,0.48326418344073147,0.020230300120219466,0.026208202252574763,0.48207738446999998
177,outward,8002235,63898,34463,72398,0.0010297193407314831,0.0030345450180329198,0.013089969389957471,0,0,1.5697586776435382,0,0,1.5697491024666665,-0.028311217840653623,0,0,-0.028256880107777778,-0.77082919841452846,0,0,-0.77078974441000003,0.50528320471655586,0,0,0.50527280983333334,0.13460442399833941,0,0,0.13459978961777777,0.48342686437872756,0.020439917581245186,0.026195604118669825,0.48223446409999998
178,outward,7996921,60819,30463,61055,0.0010178673565052754,0.0030659876371867778,0.013089969389957471,0,0,1.5697586776435382,0,0,1.5697491024666665,-0.028311217840653623,0,0,-0.028256880107777778,-0.77082919841452846,0,0,-0.77078974441000003,0.50528320471655586,0,0,0.50527280983333334,0.13460442399833941,0,0,0.13459978961777777,0.48359122181750835,0.020649420846701905,0.026179653720320922,0.48240899702222229
179,outward,7998604,59423,24945,48500,0.0010251451652861232,0.0030974131270052854,0.013089969389957471,0,0,1.5697586776435382,0,0,1.5697491024666665,-0.028311217840653623,0,0,-0.028256880107777778,-0.77082919841452846,0,0,-0.77078974441000003,0.50528320471655586,0,0,0.50527280983333334,0.13460442399833941,0,0,0.13459978961777777,0.48375725473626119,0.020858783107779014,0.026160353466773215,0.48256607665222223
180,outward,8001310,60733,29324,58009,0.0010166451618167649,0.003128817466166852,0.013089969389957471,0,0,1.5697586776435382,0,0,1.5697491024666665,-0.028311217840653623,0,0,-0.028256880107777778,-0.77082919841452846,0,0,-0.77078974441000003,0.50528320471655586,0,0,0.50527280983333334,0.13460442399833941,0,0,0.13459978961777777,0.4839249618997854,0.021067977576927254,0.026137706263509943,0.48274060957444442
181,outward,7998030,58763,23667,49343,0.001027272695340975,0.003160196636539088,0.013089969389957471,0,0,1.5697586776435382,0,0,1.5697491024666665,-0.028311217840653623,0,0,-0.028256880107777778,-0.77082919841452846,0,0,-0.77078974441000003,0.50528320471655586,0,0,0.50527280983333334,0.13460442399833941,0,0,0.13459978961777777,0.48409434185867806,0.021276977491813891,0.026111715508562859,0.48289768920444442
182,outward,8001264,60027,25880,53806,0.0010221197320113284,0.0031915466237720834,0.013089969389957471,0,0,1.5697586776435382,0,0,1.5697491024666665,-0.028311217840653623,0,0,-0.028256880107777778,-0.77082919841452846,0,0,-0.77078974441000003,0.50528320471655586,0,0,0.50527280983333334,0.13460442399833941,0,0,0.13459978961777777,0.48426539294955162,0.021485756119248346,0.026082385088822869,0.48307222212666673
183,outward,7998846,58873,23527,51370,0.0010011846084405085,0.0032228634178872516,0.013089969389957471,0,0,1.5697586776435382,0,0,1.5697491024666665,-0.028311217840653623,0,0,-0.028256880107777778,-0.77082919841452846,0,0,-0.77078974441000003,0.50528320471655586,0,0,0.50527280983333334,0.13460442399833941,0,0,0.13459978961777777,0.48443811329528252,0.021694286759078311,0.026049719376350419,0.48326420834111111
184,outward,8000179,59052,27844,54158,0.0009993720319491084,0.0032541430138617465,0.013089969389957471,0,0,1.5697586776435382,0,0,1.5697491024666665,-0.028311217840653623,0,0,-0.028256880107777778,-0.77082919841452846,0,0,-0.77078974441000003,0.50528320471655586,0,0,0.50527280983333334,0.13460442399833941,0,0,0.13459978961777777,0.484612500805291,0.021902542748056305,0.02601372322468606,0.48343874126333342
185,outward,7999078,58130,30546,55806,0.00099922661973539384,0.0032853814122084457,0.013089969389957471,0,0,1.5697586776435382,0,0,1.5697491024666665,-0.028311217840653623,0,0,-0.028256880107777778,-0.77082919841452846,0,0,-0.77078974441000003,0.50528320471655586,0,0,0.50527280983333334,0.13460442399833941,0,0,0.13459978961777777,0.48478855317585184,0.022110497463676847,0.025974401965160907,0.48361327418555561
186,outward,7999013,57143,27564,54102,0.00098329277585185171,0.0033165746195515269,0.013089969389957471,0,0,1.5697586776435382,0,0,1.5697491024666665,-0.028311217840653623,0,0,-0.028256880107777778,-0.77082919841452846,0,0,-0.77078974441000003,0.50528320471655586,0,0,0.50527280983333334,0.13460442399833941,0,0,0.13459978961777777,0.48496626789043534,0.022318124327983919,0.025931761403207135,0.48380526039999999
187,outward,8000003,57146,25639,52343,0.00098647456821315815,0.003347718649197588,0.013089969389957471,0,0,1.5697586776435382,0,0,1.5697665557588889,-0.028311217840653623,0,0,-0.028256880107777778,-0.77082919841452846,0,0,-0.77078974441000003,0.50528320471655586,0,0,0.50527280983333334,0.13460442399833941,0,0,0.13459978961777777,0.48514564222007911,0.022525396811349116,0.025885807814668458,0.48397979332222218
188,outward,7999133,56279,23000,49315,0.00097386268341237425,0.0033788095217023675,0.013089969389957471,0,0,1.5697586776435382,0,0,1.5697491024666665,-0.028311217840653623,0,0,-0.028256880107777778,-0.77082919841452846,0,0,-0.77078974441000003,0.50528320471655586,0,0,0.50527280983333334,0.13460442399833941,0,0,0.13459978961777777,0.48532667322378931,0.022732288436220074,0.025836547942110752,0.48417177953666674
189,outward,8000300,56579,36074,47389,0.00096290747267818722,0.0034098432654330111,0.013089969389957471,0,0,1.5697586776435382,0,0,1.5697491024666665,-0.028311217840653623,0,0,-0.028256880107777778,-0.77082919841452846,0,0,-0.77078974441000003,0.50528320471655586,0,0,0.50527280983333334,0.13460442399833941,0,0,0.13459978961777777,0.48550935774897264,0.022938772780839604,0.025783988991132326,0.48436376575111112
190,outward,8001132,57711,25601,52657,0.00095360578341707747,0.0034408159171259406,0.013089969389957471,0,0,1.5697586776435382,0,0,1.5697491024666665,-0.028311217840653623,0,0,-0.028256880107777778,-0.77082919841452846,0,0,-0.77078974441000003,0.50528320471655586,0,0,0.50527280983333334,0.13460442399833941,0,0,0.13459978961777777,0.48569369243189708,0.023144823482935086,0.025728138626674665,0.48455575196555556
191,outward,8000754,58465,22907,48556,0.00092850095967489388,0.0034717235224402628,0.013089969389957471,0,0,1.5697586776435382,0,0,1.5697491024666665,-0.028311217840653623,0,0,-0.028256880107777778,-0.77082919841452846,0,0,-0.77078974441000003,0.50528320471655586,0,0,0.50527280983333334,0.13460442399833941,0,0,0.13459978961777777,0.48587967369818258,0.023350414243378532,0.025669004969332745,0.48476519147222219
192,outward,7999179,57644,23880,49166,0.00092249601151583871,0.0035025621365067797,0.013089969389957471,0,0,1.5697586776435382,0,0,1.5697491024666665,-0.028311217840653623,0,0,-0.028256880107777778,-0.77082919841452846,0,0,-0.77078974441000003,0.50528320471655586,0,0,0.50527280983333334,0.13460442399833941,0,0,0.13459978961777777,0.48606729776332086,0.023555518829817025,0.025606596591665629,0.48495717768666674
193,outward,8001142,58786,24315,50056,0.0009181338622097357,0.0035333278244725538,0.013089969389957471,0,0,1.5697586776435382,0,0,1.5697491024666665,-0.028311217840653623,0,0,-0.028256880107777778,-0.77082919841452846,0,0,-0.77078974441000003,0.50528320471655586,0,0,0.50527280983333334,0.13460442399833941,0,0,0.13459978961777777,0.48625656063322381,0.023760111080273684,0.025540922514506913,0.48514916390111112
194,outward,7999531,58317,25018,51666,0.00091541051766824699,0.0035640166620410523,0.013089969389957471,0,0,1.5697586776435382,0,0,1.5697491024666665,-0.028311217840653623,0,0,-0.028256880107777778,-0.77082919841452846,0,0,-0.77078974441000003,0.50528320471655586,0,0,0.50527280983333334,0.13460442399833941,0,0,0.13459978961777777,0.486447458104801,0.023964164906719092,0.025471992203275264,0.48534115011555556
195,outward,8000317,58634,22463,51343,0.00091432177480099686,0.0035946247360078634,0.013089969389957471,0,0,1.5697586776435382,0,0,1.5697491024666665,-0.028311217840653623,0,0,-0.028256880107777778,-0.77082919841452846,0,0,-0.77078974441000003,0.50528320471655586,0,0,0.50527280983333334,0.13460442399833941,0,0,0.13459978961777777,0.48663998576656531,0.024167654298613207,0.025399815564284899,0.48553313633
196,outward,8006745,65379,21797,103620,0.00091486322212092075,0.0036251481447919808,0.013089969389957471,0,0,1.5697586776435382,0,0,1.5697491024666665,-0.028311217840653623,0,0,-0.028256880107777778,-0.77082919841452846,0,0,-0.77078974441000003,0.50528320471655586,0,0,0.50527280983333334,0.13460442399833941,0,0,0.13459978961777777,0.48683413899926709,0.024370553326417809,0.025324402941056021,0.48572512254444439
197,outward,7992568,57947,28231,58972,0.00093448353260039418,0.0036555829989626714,0.013089969389957471,0,0,1.5697586776435382,0,0,1.5697491024666665,-0.028311217840653623,0,0,-0.028256880107777778,-0.77082919841452846,0,0,-0.77078974441000003,0.50528320471655586,0,0,0.50527280983333334,0.13460442399833941,0,0,0.13459978961777777,0.48702991297655579,0.024572836145079349,0.025245765110625502,0.48589965546666669
198,outward,7998512,56459,26555,55446,0.00092081800322246776,0.0036859254217619019,0.013089969389957471,0,0,1.5697586776435382,0,0,1.5697491024666665,-0.028311217840653623,0,0,-0.028256880107777778,-0.77082919841452846,0,0,-0.77078974441000003,0.50528320471655586,0,0,0.50527280983333334,0.13460442399833941,0,0,0.13459978961777777,0.48722730266567021,0.024774476997482368,0.025163913279857102,0.48610909497333332
199,outward,8001115,57574,25750,53778,0.00090876818567020567,0.0037161715496223549,0.013089969389957471,0,0,1.5697586776435382,0,0,1.5697491024666665,-0.028311217840653623,0,0,-0.028256880107777778,-0.77082919841452846,0,0,-0.77078974441000003,0.50528320471655586,0,0,0.50527280983333334,0.13460442399833941,0,0,0.13459978961777777,0.48742630282815508,0.024975450217873292,0.025078859081752239,0.48631853448000001
200,outward,8000235,57809,21991,46796,0.00093323542593287678,0.0037463175326809938,0.013089969389957471,0,0,1.5697586776435382,0,0,1.5697491024666665,-0.028311217840653623,0,0,-0.028256880107777778,-0.77082919841452846,0,0,-0.77078974441000003,0.50528320471655586,0,0,0.50527280983333334,0.13460442399833941,0,0,0.13459978961777777,0.4876269080206061,0.025175730235254823,0.024990614571760283,0.4864930674022222
201,outward,8003984,61793,28204,55768,0.00094185440393940167,0.0037763595352882234,0.013089969389957471,0,0,1.5697586776435382,0,0,1.5697491024666665,-0.028311217840653623,0,0,-0.028256880107777778,-0.77082919841452846,0,0,-0.77078974441000003,0.50528320471655586,0,0,0.50527280983333334,0.13460442399833941,0,0,0.13459978961777777,0.48782911259544109,0.025375291576750742,0.024899192224089237,0.4866850536166667
202,outward,7997123,58916,26278,53649,0.00095207276432995869,0.003806293736512611,0.013089969389957471,0,0,1.5697586776435382,0,0,1.5697491024666665,-0.028311217840653623,0,0,-0.028256880107777778,-0.77082919841452846,0,0,-0.77078974441000003,0.50528320471655586,0,0,0.50527280983333334,0.13460442399833941,0,0,0.13459978961777777,0.48803291070169863,0.025574108870941276,0.024804604928016033,0.48687703983111114
203,outward,8004457,63373,25047,51528,0.00094643136392080773,0.0038361163306411912,0.013089969389957471,0,0,1.5697586776435382,0,0,1.5697491024666665,-0.028311217840653623,0,0,-0.028256880107777778,-0.77082919841452846,0,0,-0.77078974441000003,0.50528320471655586,0,0,0.50527280983333334,0.13460442399833941,0,0,0.13459978961777777,0.48823829628586268,0.025772156851168775,0.024706865984197163,0.48708647933777782
204,outward,7995272,58645,21759,46195,0.00097728402586266805,0.0038658235276753162,0.013089969389957471,0,0,1.5697586776435382,0,0,1.5697491024666665,-0.028311217840653623,0,0,-0.028256880107777778,-0.77082919841452846,0,0,-0.77078974441000003,0.50528320471655586,0,0,0.50527280983333334,0.13460442399833941,0,0,0.13459978961777777,0.48844526309271391,0.025969410358814126,0.024605989100979209,0.48726101226000001
205,outward,7999864,58509,26194,55120,0.00099226461826945611,0.0038954115538221189,0.013089969389957471,0,0,1.5697586776435382,0,0,1.5697491024666665,-0.028311217840653623,0,0,-0.028256880107777778,-0.77082919841452846,0,0,-0.77078974441000003,0.50528320471655586,0,0,0.50527280983333334,0.13460442399833941,0,0,0.13459978961777777,0.48865380466620706,0.026165844346543381,0.024501988390709176,0.48745299847444445
206,outward,8000336,58845,23112,47277,0.001043726561762659,0.0039248766519815069,0.013089969389957471,0,0,1.5697586776435382,0,0,1.5697491024666665,-0.028311217840653623,0,0,-0.028256880107777778,-0.77082919841452846,0,0,-0.77078974441000003,0.50528320471655586,0,0,0.50527280983333334,0.13460442399833941,0,0,0.13459978961777777,0.48886391435037413,0.026361433881525155,0.024394878366045158,0.4876100781044444
207,outward,8003522,62367,31250,64630,0.0010618500314852342,0.0039542150822287729,0.013089969389957471,0,0,1.5697586776435382,0,0,1.5697491024666665,-0.028311217840653623,0,0,-0.028256880107777778,-0.77082919841452846,0,0,-0.77078974441000003,0.50528320471655586,0,0,0.50527280983333334,0.13460442399833941,0,0,0.13459978961777777,0.48907558529025302,0.0265561541486182,0.024284673936266755,0.48780206431888889
208,outward,7996902,59269,26546,49648,0.0010815347569196887,0.0039834231222927296,0.013089969389957471,0,0,1.5697586776435382,0,0,1.5697491024666665,-0.028311217840653623,0,0,-0.028256880107777778,-0.77082919841452846,0,0,-0.77078974441000003,0.50528320471655586,0,0,0.50527280983333334,0.13460442399833941,0,0,0.13459978961777777,0.48928881043284184,0.026749980453529741,0.024171390403585541,0.48799405053333333
209,outward,7999336,58605,23222,47667,0.0011027736850640624,0.0040124970680294608,0.013089969389957471,0,0,1.5697586776435382,0,0,1.5697491024666665,-0.028311217840653623,0,0,-0.028256880107777778,-0.77082919841452846,0,0,-0.77078974441000003,0.50528320471655586,0,0,0.50527280983333334,0.13460442399833941,0,0,0.13459978961777777,0.48950358252807818,0.026942888225944112,0.024055043459455624,0.48818603674777777
210,outward,7999559,58164,26500,57982,0.0011430128580781629,0.0040414332338916167,0.013089969389957471,0,0,1.5697586776435382,0,0,1.5697491024666665,-0.028311217840653623,0,0,-0.028256880107777778,-0.77082919841452846,0,0,-0.77078974441000003,0.50528320471655586,0,0,0.50527280983333334,0.13460442399833941,0,0,0.13459978961777777,0.4897198941298434,0.027134853022621912,0.02393564918088421,0.48836056967000002
211,outward,7998855,57019,26056,53361,0.0011847915376211882,0.0040702279533932862,0.013089969389957471,0,0,1.5697586776435382,0,0,1.5697491024666665,-0.028311217840653623,0,0,-0.028256880107777778,-0.77082919841452846,0,0,-0.77078974441000003,0.50528320471655586,0,0,0.50527280983333334,0.13460442399833941,0,0,0.13459978961777777,0.48993773759699144,0.027325850530469792,0.02381322402674188,0.48853510259222221
212,outward,8001901,58920,24973,51963,0.0012281020825469779,0.0040988775795704688,0.013089969389957471,0,0,1.5697586776435382,0,0,1.5697491024666665,-0.028311217840653623,0,0,-0.028256880107777778,-0.77082919841452846,0,0,-0.77078974441000003,0.50528320471655586,0,0,0.50527280983333334,0.13460442399833941,0,0,0.13459978961777777,0.49015710509440219,0.027515856569580426,0.023687784834073366,0.48870963551444446
213,outward,7998846,57766,24490,50296,0.001255483365513288,0.0041273784854370639,0.013089969389957471,0,0,1.5697586776435382,0,0,1.5697491024666665,-0.028311217840653623,0,0,-0.028256880107777778,-0.77082919841452846,0,0,-0.77078974441000003,0.50528320471655586,0,0,0.50527280983333334,0.13460442399833941,0,0,0.13459978961777777,0.49037798859405918,0.027704847096243334,0.02355934881440766,0.4889016217288889
214,outward,8001457,59223,23139,52759,0.001284380650725836,0.0041557270644365001,0.013089969389957471,0,0,1.5697586776435382,0,0,1.5697491024666665,-0.028311217840653623,0,0,-0.028256880107777778,-0.77082919841452846,0,0,-0.77078974441000003,0.50528320471655586,0,0,0.50527280983333334,0.13460442399833941,0,0,0.13459978961777777,0.49060037987615085,0.027892798205925867,0.023427933550069051,0.48909360794333334
215,outward,8000132,59355,22565,50907,0.0013147857183730682,0.0041839197308888802,0.013089969389957471,0,0,1.5697586776435382,0,0,1.5697491024666665,-0.028311217840653623,0,0,-0.028256880107777778,-0.77082919841452846,0,0,-0.77078974441000003,0.50528320471655586,0,0,0.50527280983333334,0.13460442399833941,0,0,0.13459978961777777,0.49082427053019606,0.028079686136224819,0.023293556990487109,0.48928559415777778
216,outward,8001735,61090,23963,52991,0.0013466901579737844,0.0042119529204337229,0.013089969389957471,0,0,1.5697586776435382,0,0,1.5697491024666665,-0.028311217840653623,0,0,-0.028256880107777778,-0.77082919841452846,0,0,-0.77078974441000003,0.50528320471655586,0,0,0.50527280983333334,0.13460442399833941,0,0,0.13459978961777777,0.49104965195619266,0.028265487269788624,0.023156237448507543,0.48947758037222228
217,outward,7997975,59065,20908,49481,0.0013800853695259963,0.0042398230904682936,0.013089969389957471,0,0,1.5697586776435382,0,0,1.5697665557588889,-0.028311217840653623,0,0,-0.028256880107777778,-0.77082919841452846,0,0,-0.77078974441000003,0.50528320471655586,0,0,0.50527280983333334,0.13460442399833941,0,0,0.13459978961777777,0.49127651536578953,0.028450178137209771,0.023015993596702464,0.48966956658666666
218,outward,8001300,60365,24453,55268,0.0014149625646784347,0.0042675267205814658,0.013089969389957471,0,0,1.5697586776435382,0,0,1.5697491024666665,-0.028311217840653623,0,0,-0.028256880107777778,-0.77082919841452846,0,0,-0.77078974441000003,0.50528320471655586,0,0,0.50527280983333334,0.13460442399833941,0,0,0.13459978961777777,0.49150485178348169,0.028633735419887962,0.022872844463680955,0.4898615528011111
219,outward,7997892,58257,23259,45898,0.0014513127679261495,0.0042950603129831939,0.013089969389957471,0,0,1.5697586776435382,0,0,1.5697491024666665,-0.028311217840653623,0,0,-0.028256880107777778,-0.77082919841452846,0,0,-0.77078974441000003,0.50528320471655586,0,0,0.50527280983333334,0.13460442399833941,0,0,0.13459978961777777,0.49173465204782796,0.028816135952863642,0.022726809430399741,0.49005353901555554
220,outward,7999836,58093,23352,48092,0.0014891268178279793,0.0043224203929295461,0.013089969389957471,0,0,1.5697586776435382,0,0,1.5697491024666665,-0.028311217840653623,0,0,-0.028274333400000001,-0.77082919841452846,0,0,-0.77078974441000003,0.50528320471655586,0,0,0.50527280983333334,0.13460442399833941,0,0,0.13459978961777777,0.49196590681269148,0.028997356727621985,0.022577908226473337,0.49024552522999998
221,outward,8001680,59773,26657,52510,0.0015109420760248127,0.0043496035091432975,0.013089969389957471,0,0,1.5697586776435382,0,0,1.5697491024666665,-0.028311217840653623,0,0,-0.028274333400000001,-0.77082919841452846,0,0,-0.77078974441000003,0.50528320471655586,0,0,0.50527280983333334,0.13460442399833941,0,0,0.13459978961777777,0.49219860654850217,0.029177374894867398,0.022426160926484858,0.49045496473666667
222,outward,7998921,58694,25176,52388,0.0015342023051688192,0.0043766062342301092,0.013089969389957471,0,0,1.5697586776435382,0,0,1.5697491024666665,-0.028311217840653623,0,0,-0.028274333400000001,-0.77082919841452846,0,0,-0.77078974441000003,0.50528320471655586,0,0,0.50527280983333334,0.13460442399833941,0,0,0.13459978961777777,0.49243274154354177,0.029356167767268525,0.022271587946296415,0.49066440424333335
223,outward,7999522,58216,27315,82620,0.0015588977935417914,0.004403425165090279,0.013089969389957471,0,0,1.5697586776435382,0,0,1.5697491024666665,-0.028311217840653623,0,0,-0.028274333400000001,-0.77082919841452846,0,0,-0.77078974441000003,0.50528320471655586,0,0,0.50527280983333334,0.13460442399833941,0,0,0.13459978961777777,0.49266830190525024,0.029533712822173791,0.022114210039359414,0.49087384374999998
224,outward,8001929,60145,24537,48778,0.0015675653563613223,0.0044300569233260683,0.013089969389957471,0,0,1.5697586776435382,0,0,1.5697491024666665,-0.028311217840653623,0,0,-0.028274333400000001,-0.77082919841452846,0,0,-0.77078974441000003,0.50528320471655586,0,0,0.50527280983333334,0.13460442399833941,0,0,0.13459978961777777,0.492905277561554,0.029709987704297204,0.021954048293025549,0.49110073654888892
225,outward,7996661,56806,23546,50611,0.001595101505998453,0.0044564981556445803,0.013089969389957471,0,0,1.5697586776435382,0,0,1.5697491024666665,-0.028311217840653623,0,0,-0.028274333400000001,-0.77082919841452846,0,0,-0.77078974441000003,0.50528320471655586,0,0,0.50527280983333334,0.13460442399833941,0,0,0.13459978961777777,0.49314365826221557,0.029884970228374941,0.021791124124856748,0.49131017605555555
226,outward,8001781,58587,23130,52426,0.0015891361155488948,0.0044827455342562406,0.013089969389957471,0,0,1.5697586776435382,0,0,1.5697491024666665,-0.028311217840653623,0,0,-0.028274333400000001,-0.77082919841452846,0,0,-0.77078974441000003,0.50528320471655586,0,0,0.50527280983333334,0.13460442399833941,0,0,0.13459978961777777,0.49338343358020403,0.030058638381792201,0.021625459278935964,0.49155452214666667
227,outward,8000068,58655,24935,49416,0.0015845653424262363,0.0045087957572688296,0.013089969389957471,0,0,1.5697586776435382,0,0,1.5697491024666665,-0.028311217840653623,0,0,-0.028274333400000001,-0.77082919841452846,0,0,-0.77078974441000003,0.50528320471655586,0,0,0.50527280983333334,0.13460442399833941,0,0,0.13459978961777777,0.49362459291308702,0.03023097032718066,0.021457075822177606,0.4917988682377778
228,outward,7999448,58103,23760,48028,0.0015988318764204035,0.0045346455490770992,0.013089969389957471,0,0,1.5697586776435382,0,0,1.5697491024666665,-0.028311217840653623,0,0,-0.028274333400000001,-0.77082919841452846,0,0,-0.77078974441000003,0.50528320471655586,0,0,0.50527280983333334,0.13460442399833941,0,0,0.13459978961777777,0.49386712548444267,0.03040194440498626,0.021285996140638166,0.49202576103666662
229,outward,7999448,57551,22213,49240,0.0016144716488870614,0.0045602916607479392,0.013089969389957471,0,0,1.5697586776435382,0,0,1.5697491024666665,-0.028311217840653623,0,0,-0.028274333400000001,-0.77082919841452846,0,0,-0.77078974441000003,0.50528320471655586,0,0,0.50527280983333334,0.13460442399833941,0,0,0.13459978961777777,0.49411102034529242,0.030571539136007759,0.021112242935826444,0.49225265383555561
230,outward,7998809,56360,23398,47444,0.0016140204186257945,0.004585730870401164,0.013089969389957471,0,0,1.5697586776435382,0,0,1.5697491024666665,-0.028311217840653623,0,0,-0.028274333400000001,-0.77082919841452846,0,0,-0.77078974441000003,0.50528320471655586,0,0,0.50527280983333334,0.13460442399833941,0,0,0.13459978961777777,0.49435626637555397,0.03073973322390542,0.020935839221014319,0.49249699992666662
231,outward,8004736,61096,22833,49676,0.0016149203577762172,0.004610959983585813,0.013089969389957471,0,0,1.5697586776435382,0,0,1.5697491024666665,-0.028311217840653623,0,0,-0.028274333400000001,-0.77082919841452846,0,0,-0.77078974441000003,0.50528320471655586,0,0,0.50527280983333334,0.13460442399833941,0,0,0.13459978961777777,0.49460285228551393,0.030906505557680521,0.020756808317547004,0.49274134601777775
232,outward,7995864,56960,24445,49630,0.0015997068844028073,0.0046359758336520776,0.013089969389957471,0,0,1.5697586776435382,0,0,1.5697491024666665,-0.028311217840653623,0,0,-0.028274333400000001,-0.77082919841452846,0,0,-0.77078974441000003,0.50528320471655586,0,0,0.50527280983333334,0.13460442399833941,0,0,0.13459978961777777,0.49485076661732041,0.031071835214124995,0.020575173851153771,0.49300314540111112
233,outward,8001439,58399,21898,46518,0.0015858218328759222,0.0046607752821187492,0.013089969389957471,0,0,1.5697586776435382,0,0,1.5697491024666665,-0.028311217840653623,0,0,-0.028274333400000001,-0.77082919841452846,0,0,-0.77078974441000003,0.50528320471655586,0,0,0.50527280983333334,0.13460442399833941,0,0,0.13459978961777777,0.49509999774649527,0.031235701460241877,0.020390959748258358,0.49326494478444449
234,outward,8000734,59133,22750,48584,0.0016081601631619535,0.0046853552190362817,0.013089969389957471,0,0,1.5697586776435382,0,0,1.5697491024666665,-0.028311217840653623,0,0,-0.028274333400000001,-0.77082919841452846,0,0,-0.77078974441000003,0.50528320471655586,0,0,0.50527280983333334,0.13460442399833941,0,0,0.13459978961777777,0.49535053388346501,0.031398083755636179,0.020204190232289334,0.49349183758333331
235,outward,8002439,61572,25796,52694,0.0015794436245760712,0.0047097125633454263,0.013089969389957471,0,0,1.5697586776435382,0,0,1.5697491024666665,-0.028311217840653623,0,0,-0.028274333400000001,-0.77082919841452846,0,0,-0.77078974441000003,0.50528320471655586,0,0,0.50527280983333334,0.13460442399833941,0,0,0.13459978961777777,0.49560236307511146,0.031558961754875922,0.020014889819990861,0.49377109025888893
236,outward,7995708,57280,25843,51093,0.0015869267251114039,0.0047338442632313881,0.013089969389957471,0,0,1.5697586776435382,0,0,1.5697491024666665,-0.028311217840653623,0,0,-0.028274333400000001,-0.77082919841452846,0,0,-0.77078974441000003,0.50528320471655586,0,0,0.50527280983333334,0.13460442399833941,0,0,0.13459978961777777,0.49585547320634055,0.03171831530982408,0.019823083317732929,0.49401543635000006
237,outward,7998651,55931,24722,54788,0.0015782374730072268,0.0047577472964736118,0.013089969389957471,0,0,1.5697586776435382,0,0,1.5697491024666665,-0.028311217840653623,0,0,-0.028274333400000001,-0.77082919841452846,0,0,-0.77078974441000003,0.50528320471655586,0,0,0.50527280983333334,0.13460442399833941,0,0,0.13459978961777777,0.49610985200166985,0.031876124471940784,0.019628795817822096,0.49427723573333332
238,outward,8006337,62268,28926,61722,0.0015533635927810208,0.004781418670791117,0.013089969389957471,0,0,1.5697586776435382,0,0,1.5697491024666665,-0.028311217840653623,0,0,-0.028274333400000001,-0.77082919841452846,0,0,-0.77078974441000003,0.50528320471655586,0,0,0.50527280983333334,0.13460442399833941,0,0,0.13459978961777777,0.49636548702683475,0.032032369494556193,0.01943205269481172,0.49455648840888883
239,outward,7995643,57911,24907,55463,0.0015471992346125507,0.0048048554241834291,0.013089969389957471,0,0,1.5697586776435382,0,0,1.5697491024666665,-0.028311217840653623,0,0,-0.028274333400000001,-0.77082919841452846,0,0,-0.77078974441000003,0.50528320471655586,0,0,0.50527280983333334,0.13460442399833941,0,0,0.13459978961777777,0.49662236569041224,0.032187030835113373,0.019232879601812643,0.4948182877922222
240,outward,7999854,57765,23269,50787,0.0015422785148566653,0.0048280546252670057,0.013089969389957471,0,0,1.5697586776435382,0,0,1.5697491024666665,-0.028311217840653623,0,0,-0.028274333400000001,-0.77082919841452846,0,0,-0.77078974441000003,0.50528320471655586,0,0,0.50527280983333334,0.13460442399833941,0,0,0.13459978961777777,0.49688047524546258,0.03234008915738238,0.019031302466803769,0.49508008717555557
241,outward,8000523,58288,24537,50972,0.0015036821021292557,0.0048510133736073572,0.013089969389957471,0,0,1.5697586776435382,0,0,1.5697491024666665,-0.028311217840653623,0,0,-0.028274333400000001,-0.77082919841452846,0,0,-0.77078974441000003,0.50528320471655586,0,0,0.50527280983333334,0.13460442399833941,0,0,0.13459978961777777,0.49713980279118891,0.032491525333644196,0.018827347488942249,0.49537679314333333
242,outward,8001790,60078,22547,46703,0.0015012102645222125,0.0048737288000466296,0.013089969389957471,0,0,1.5697586776435382,0,0,1.5697491024666665,-0.028311217840653623,0,0,-0.028274333400000001,-0.77082919841452846,0,0,-0.77078974441000003,0.50528320471655586,0,0,0.50527280983333334,0.13460442399833941,0,0,0.13459978961777777,0.49740033527461386,0.032641320446845465,0.018621041134874242,0.4956385925266667
243,outward,7998670,58748,23047,47592,0.0014824900723915957,0.0048961980670268199,0.013089969389957471,0,0,1.5697586776435382,0,0,1.5697491024666665,-0.028311217840653623,0,0,-0.028274333400000001,-0.77082919841452846,0,0,-0.77078974441000003,0.50528320471655586,0,0,0.50527280983333334,0.13460442399833941,0,0,0.13459978961777777,0.49766205949227316,0.032789455792723708,0.018412410135045382,0.49591784520222226
244,outward,7999199,57947,23889,52593,0.0014475083222731389,0.0049184183689085564,0.013089969389957471,0,0,1.5697586776435382,0,0,1.5697491024666665,-0.028311217840653623,0,0,-0.028274333400000001,-0.77082919841452846,0,0,-0.77078974441000003,0.50528320471655586,0,0,0.50527280983333334,0.13460442399833941,0,0,0.13459978961777777,0.49792496209192694,0.03293591288190284,0.018201481480011161,0.49621455117000002
245,outward,8000790,58737,23908,56416,0.0014486115385935472,0.0049403869322854257,0.013089969389957471,0,0,1.5697586776435382,0,0,1.5697491024666665,-0.028311217840653623,0,0,-0.028274333400000001,-0.77082919841452846,0,0,-0.77078974441000003,0.50528320471655586,0,0,0.50527280983333334,0.13460442399833941,0,0,0.13459978961777777,0.49818902957428651,0.033080673441959488,0.017988282416747534,0.49647635055333339
246,outward,8001661,60398,29870,60028,0.0014508796376198618,0.0049621010162939228,0.013089969389957471,0,0,1.5697586776435382,0,0,1.5697491024666665,-0.028311217840653623,0,0,-0.028274333400000001,-0.77082919841452846,0,0,-0.77078974441000003,0.50528320471655586,0,0,0.50527280983333334,0.13460442399833941,0,0,0.13459978961777777,0.49845424829475848,0.033223719419459272,0.017772840444961406,0.49673814993666665
247,outward,8000235,60633,22972,50592,0.0014368456825362141,0.0049835579129188902,0.013089969389957471,0,0,1.5697586776435382,0,0,1.5697491024666665,-0.028311217840653623,0,0,-0.028274333400000001,-0.77082919841452846,0,0,-0.77078974441000003,0.50528320471655586,0,0,0.50527280983333334,0.13460442399833941,0,0,0.13459978961777777,0.49872060446520472,0.033365032981964304,0.017555183313401012,0.49701740261222227
248,outward,7996068,56701,27667,56935,0.0014064958852046949,0.0050047549472946457,0.013089969389957471,0,0,1.5697586776435382,0,0,1.5697491024666665,-0.028311217840653623,0,0,-0.028274333400000001,-0.77082919841452846,0,0,-0.77078974441000003,0.50528320471655586,0,0,0.50527280983333334,0.13460442399833941,0,0,0.13459978961777777,0.49898808415571805,0.033504596520010414,0.017335339016166487,0.49731410858000002
249,outward,8000050,56751,28361,57102,0.001412176192384651,0.0050256894780015618,0.013089969389957471,0,0,1.5697586776435382,0,0,1.5697491024666665,-0.028311217840653623,0,0,-0.028274333400000001,-0.77082919841452846,0,0,-0.77078974441000003,0.50528320471655586,0,0,0.50527280983333334,0.13460442399833941,0,0,0.13459978961777777,0.49925667329641404,0.0336423926490554,0.017113335789020596,0.4975759079633334
250,outward,8001402,58153,26648,55472,0.0014015126575251391,0.00504635889735831,0.013089969389957471,0,0,1.5697586776435382,0,0,1.5697491024666665,-0.028311217840653623,0,0,-0.028274333400000001,-0.77082919841452846,0,0,-0.77078974441000003,0.50528320471655586,0,0,0.50527280983333334,0.13460442399833941,0,0,0.13459978961777777,0.49952635767923803,0.033778404211397453,0.016889202105698723,0.49785516063888891
251,outward,7999003,57156,29046,57370,0.001391944364793507,0.0050667606317096178,0.013089969389957471,0,0,1.5697586776435382,0,0,1.5697491024666665,-0.028311217840653623,0,0,-0.028274333400000001,-0.77082919841452846,0,0,-0.77078974441000003,0.50528320471655586,0,0,0.50527280983333334,0.13460442399833941,0,0,0.13459978961777777,0.49979712295978745,0.033912614278064336,0.016662966674219862,0.49813441331444452
252,outward,8000254,57410,24416,49166,0.0013660036775651752,0.0050868921417096501,0.013089969389957471,0,0,1.5697586776435382,0,0,1.5697491024666665,-0.028311217840653623,0,0,-0.028274333400000001,-0.77082919841452846,0,0,-0.77078974441000003,0.50528320471655586,0,0,0.50527280983333334,0.13460442399833941,0,0,0.13459978961777777,0.50006895465914891,0.034045006150672699,0.016434658433196872,0.49843111928222228
253,outward,7999402,56812,25824,47203,0.0013760359935933719,0.0051067509226009047,0.013089969389957471,0,0,1.5697586776435382,0,0,1.5697491024666665,-0.028311217840653623,0,0,-0.028274333400000001,-0.77082919841452846,0,0,-0.77078974441000003,0.50528320471655586,0,0,0.50527280983333334,0.13460442399833941,0,0,0.13459978961777777,0.50034183816575062,0.034175563363258207,0.016204306548146943,0.49869291866555554
254,outward,7999262,56074,17268,38241,0.0013522135324172679,0.0051263345044887309,0.013089969389957471,0,0,1.5697586776435382,0,0,1.5697491024666665,-0.028311217840653623,0,0,-0.028274333400000001,-0.77082919841452846,0,0,-0.77078974441000003,0.50528320471655586,0,0,0.50527280983333334,0.13460442399833941,0,0,0.13459978961777777,0.50061575873722874,0.034304269684076086,0.015971940407802258,0.49898962463333335
255,outward,8017170,73244,66083,124111,0.0013468814283397745,0.0051456404526114127,0.013089969389957471,0,0,1.5697586776435382,0,0,1.5697491024666665,-0.028311217840653623,0,0,-0.028274333400000001,-0.77082919841452846,0,0,-0.77078974441000003,0.50528320471655586,0,0,0.50527280983333334,0.13460442399833941,0,0,0.13459978961777777,0.50089070150230808,0.03443110911737178,0.015737589620420288,0.49926887730888897
256,outward,7984457,57701,28194,65029,0.001325118225641353,0.0051646663676057671,0.013089969389957471,0,0,1.5697586776435382,0,0,1.5697491024666665,-0.028311217840653623,0,0,-0.028274333400000001,-0.77082919841452846,0,0,-0.77078974441000003,0.50528320471655586,0,0,0.50527280983333334,0.13460442399833941,0,0,0.13459978961777777,0.50116665146269723,0.034556065905122765,0.015501284010094601,0.49956558327666672
257,outward,7999606,57307,34482,65315,0.0013392688026971356,0.0051834098857684143,0.013089969389957471,0,0,1.5697586776435382,0,0,1.5697491024666665,-0.028311217840653623,0,0,-0.028274333400000001,-0.77082919841452846,0,0,-0.77078974441000003,0.50528320471655586,0,0,0.50527280983333334,0.13460442399833941,0,0,0.13459978961777777,0.50144359349499756,0.034679124528750202,0.01526305361306492,0.4998273826600001
258,outward,8004087,61394,25046,55805,0.0013544114516642614,0.00520186867931253,0.013089969389957471,0,0,1.5697586776435382,0,0,1.5697491024666665,-0.028311217840653623,0,0,-0.028274333400000001,-0.77082919841452846,0,0,-0.77078974441000003,0.50528320471655586,0,0,0.50527280983333334,0.13460442399833941,0,0,0.13459978961777777,0.50172151235262485,0.034800269710801551,0.015022928674027989,0.5000891820433333
259,outward,7995577,56971,26518,50695,0.0013356243415136859,0.0052200404566202325,0.013089969389957471,0,0,1.5697586776435382,0,0,1.5697491024666665,-0.028311217840653623,0,0,-0.028274333400000001,-0.77082919841452846,0,0,-0.77078974441000003,0.50528320471655586,0,0,0.50527280983333334,0.13460442399833941,0,0,0.13459978961777777,0.50200039266774532,0.034919486416603335,0.014780939642447935,0.50038588801111117
260,outward,7999624,56595,26824,53453,0.0013527052733008915,0.0052379229624905004,0.013094807406226251,0,0,1.5697586776435382,0,0,1.5697491024666665,-0.028311217840653623,0,0,-0.028274333400000001,-0.77082919841452846,0,0,-0.77078974441000003,0.50528320471655586,0,0,0.50527280983333334,0.13460442399833941,0,0,0.13459978961777777,0.5022802189532245,0.035036759855884517,0.014537117168866716,0.50064768739444443
261,outward,8003059,59654,27473,57444,0.0013707321754466983,0.0052555139783826777,0.013138784945956694,0,0,1.5697586776435382,0,0,1.5697491024666665,-0.028311217840653623,0,0,-0.028274333400000001,-0.77082919841452846,0,0,-0.77078974441000003,0.50528320471655586,0,0,0.50527280983333334,0.13460442399833941,0,0,0.13459978961777777,0.50256097560458868,0.035152075484370479,0.014291492101214814,0.5009094867777778
262,outward,7997207,56861,27463,56269,0.0013896894434775042,0.005272811322655572,0.01318202830663893,0,0,1.5697586776435382,0,0,1.5697491024666665,-0.028311217840653623,0,0,-0.028274333400000001,-0.77082919841452846,0,0,-0.77078974441000003,0.50528320471655586,0,0,0.50527280983333334,0.13460442399833941,0,0,0.13459978961777777,0.50284264690199898,0.03526541900534725,0.014044095481121299,0.50117128616111117
263,outward,8013513,70374,27639,53324,0.0014270146497766811,0.0052898128508020873,0.013224532127005218,0,0,1.5697586776435382,0,0,1.5697491024666665,-0.028311217840653623,0,0,-0.028274333400000001,-0.77082919841452846,0,0,-0.77078974441000003,0.50528320471655586,0,0,0.50527280983333334,0.13460442399833941,0,0,0.13459978961777777,0.50312521701223822,0.035376776371196385,0.013794958540225029,0.5014156322522223
264,outward,7986234,56608,24381,49805,0.0014652386689049113,0.0053065164556794575,0.013266291139198643,0,0,1.5697586776435382,0,0,1.5697491024666665,-0.028311217840653623,0,0,-0.028274333400000001,-0.77082919841452846,0,0,-0.77078974441000003,0.50528320471655586,0,0,0.50527280983333334,0.13460442399833941,0,0,0.13459978961777777,0.50340866999070999,0.035486133784900342,0.013544112696484374,0.50165997834333331
265,outward,8009764,66372,33777,75435,0.0015043455562654406,0.0053229200677350512,0.013307300169337628,0,0,1.5697586776435382,0,0,1.5697491024666665,-0.028311217840653623,0,0,-0.028274333400000001,-0.77082919841452846,0,0,-0.77078974441000003,0.50528320471655586,0,0,0.50527280983333334,0.13460442399833941,0,0,0.13459978961777777,0.50369298978344856,0.035593477701518238,0.01329158955048825,0.50190432443444455
266,outward,7990948,57320,25899,52676,0.001544319257893001,0.0053390216552277351,0.013347554138069338,0,0,1.5697586776435382,0,0,1.5697491024666665,-0.028311217840653623,0,0,-0.028274333400000001,-0.77082919841452846,0,0,-0.77078974441000003,0.50528320471655586,0,0,0.50527280983333334,0.13460442399833941,0,0,0.13459978961777777,0.50397816022914221,0.035698794829631994,0.013037420881766524,0.50214867052555556
267,outward,8000457,57777,26954,53824,0.0015676903202532788,0.0053548192244447989,0.013387048061111998,0,0,1.5697586776435382,0,0,1.5697491024666665,-0.028311217840653623,0,0,-0.028274333400000001,-0.77082919841452846,0,0,-0.77078974441000003,0.50528320471655586,0,0,0.50527280983333334,0.13460442399833941,0,0,0.13459978961777777,0.50426416506116667,0.035802072132763346,0.012781638645100225,0.50241046990888893
268,outward,8002670,60447,27676,56852,0.0016093490611666095,0.0053703108199145014,0.013425777049786253,0,0,1.5697586776435382,0,0,1.5697491024666665,-0.028311217840653623,0,0,-0.028274333400000001,-0.77082919841452846,0,0,-0.77078974441000003,0.50528320471655586,0,0,0.50527280983333334,0.13460442399833941,0,0,0.13459978961777777,0.50455098790962993,0.035903296830761045,0.012524274966832389,0.50265481600000006
269,outward,8002725,63172,34583,71166,0.0016343725262965014,0.0053854945246141562,0.01346373631153539,0,0,1.5697586776435382,0,0,1.5697491024666665,-0.028311217840653623,0,0,-0.028274333400000001,-0.77082919841452846,0,0,-0.77078974441000003,0.50528320471655586,0,0,0.50527280983333334,0.13460442399833941,0,0,0.13459978961777777,0.50483861230342886,0.036002456401158379,0.012265362141178283,0.50291661538333343
270,outward,7996123,59295,23222,50750,0.0016601975367622757,0.0054003684601737567,0.013500921150434391,0,0,1.5697586776435382,0,0,1.5697491024666665,-0.028311217840653623,0,0,-0.028274333400000001,-0.77082919841452846,0,0,-0.77078974441000003,0.50528320471655586,0,0,0.50527280983333334,0.13460442399833941,0,0,0.13459978961777777,0.50512702167231582,0.036099538580501675,0.01200493262653618,0.50317841476666658
271,outward,7999902,59197,22074,52056,0.0016868075223158696,0.0054149307870752514,0.013537326967688128,0,0,1.5697586776435382,0,0,1.5697491024666665,-0.028311217840653623,0,0,-0.028274333400000001,-0.77082919841452846,0,0,-0.77078974441000003,0.50528320471655586,0,0,0.50527280983333334,0.13460442399833941,0,0,0.13459978961777777,0.50541619934897575,0.036194531365648756,0.011743019041797673,0.50344021414999995
272,outward,7997614,56811,28880,60028,0.0016792792311980387,0.0054291797048473135,0.013572949262118283,0,0,1.5697586776435382,0,0,1.5697491024666665,-0.028311217840653623,0,0,-0.028274333400000001,-0.77082919841452846,0,0,-0.77078974441000003,0.50528320471655586,0,0,0.50527280983333334,0.13460442399833941,0,0,0.13459978961777777,0.50570612857111419,0.036287423015038442,0.011479654162658188,0.50373692011777771
273,outward,8004707,61518,25825,55584,0.0016899557777808605,0.0054431134522557661,0.013607783630639416,0,0,1.5697586776435382,0,0,1.5697491024666665,-0.028311217840653623,0,0,-0.028274333400000001,-0.77082919841452846,0,0,-0.77078974441000003,0.50528320471655586,0,0,0.50527280983333334,0.13460442399833941,0,0,0.13459978961777777,0.50599679248355423,0.036378202049929788,0.011214870917927538,0.50401617279333333
274,outward,7995485,57003,31101,62805,0.0017188203068875252,0.0054567303074894678,0.01364182576872367,0,0,1.5697586776435382,0,0,1.5697491024666665,-0.028311217840653623,0,0,-0.028274333400000001,-0.77082919841452846,0,0,-0.77078974441000003,0.50528320471655586,0,0,0.50527280983333334,0.13460442399833941,0,0,0.13459978961777777,0.50628817414034488,0.036466857255612696,0.010948702385840361,0.5042779721766667
275,outward,8001142,58145,30528,58787,0.001713495995900427,0.0054700285883419039,0.01367507147085476,0,0,1.5697586776435382,0,0,1.5697491024666665,-0.028311217840653623,0,0,-0.028274333400000001,-0.77082919841452846,0,0,-0.77078974441000003,0.50528320471655586,0,0,0.50527280983333334,0.13460442399833941,0,0,0.13459978961777777,0.5065802565068771,0.036553377682588241,0.010681181790366619,0.50457467814444446
276,outward,7999243,57388,28251,54685,0.0017263256868771393,0.0054830066523882358,0.013707516630970589,0,0,1.5697586776435382,0,0,1.5697491024666665,-0.028311217840653623,0,0,-0.028274333400000001,-0.77082919841452846,0,0,-0.77078974441000003,0.50528320471655586,0,0,0.50527280983333334,0.13460442399833941,0,0,0.13459978961777777,0.50687302246201094,0.036637752647719943,0.010412342497522266,0.50485393081999996
277,outward,7999837,57225,25555,52297,0.0017223856742331067,0.0054956628971579912,0.013739157242894979,0,0,1.5697586776435382,0,0,1.5697491024666665,-0.028311217840653623,0,0,-0.028274333400000001,-0.77082919841452846,0,0,-0.77078974441000003,0.50528320471655586,0,0,0.50527280983333334,0.13460442399833941,0,0,0.13459978961777777,0.50716645480021016,0.036719971735355302,0.010142218011679312,0.50515063678777783
278,outward,8000041,57266,22695,47527,0.0017365653368768275,0.0055079957603032951,0.013769989400758237,0,0,1.5697586776435382,0,0,1.5697491024666665,-0.028311217840653623,0,0,-0.028274333400000001,-0.77082919841452846,0,0,-0.77078974441000003,0.50528320471655586,0,0,0.50527280983333334,0.13460442399833941,0,0,0.13459978961777777,0.50746053623368714,0.036800024798417916,0.0098708419718768186,0.50542988946333334
279,outward,8001076,58342,25324,52297,0.0017339408025760505,0.0055200037197626868,0.013800009299406717,0,0,1.5697586776435382,0,0,1.5697491024666665,-0.028311217840653623,0,0,-0.028274333400000001,-0.77082919841452846,0,0,-0.77078974441000003,0.50528320471655586,0,0,0.50527280983333334,0.13460442399833941,0,0,0.13459978961777777,0.50775524939455541,0.036877901959470147,0.0095982481481311204,0.50572659543111109
280,outward,8001661,60003,22371,45380,0.0017494012878886966,0.0055316852939205222,0.013829213234801305,0,0,1.5697586776435382,0,0,1.5697491024666665,-0.028311217840653623,0,0,-0.028274333400000001,-0.77082919841452846,0,0,-0.77078974441000003,0.50528320471655586,0,0,0.50527280983333334,0.13460442399833941,0,0,0.13459978961777777,0.50805057683699106,0.036953593611745994,0.0093244704377464776,0.50600584810666671
281,outward,7998003,58006,23277,52020,0.0017829293469910912,0.0055430390417618991,0.013857597604404748,0,0,1.5697586776435382,0,0,1.5697491024666665,-0.028311217840653623,0,0,-0.028274333400000001,-0.77082919841452846,0,0,-0.77078974441000003,0.50528320471655586,0,0,0.50527280983333334,0.13460442399833941,0,0,0.13459978961777777,0.50834650103940215,0.037027090420154798,0.0090495428616253377,0.50626764748999997
282,outward,8005105,63111,47741,93122,0.001799600873846674,0.0055540635630232198,0.013885158907558049,0,0,1.5697586776435382,0,0,1.5697491024666665,-0.028311217840653623,0,0,-0.028274333400000001,-0.77082919841452846,0,0,-0.77078974441000003,0.50528320471655586,0,0,0.50527280983333334,0.13460442399833941,0,0,0.13459978961777777,0.5086430044066057,0.037098383322255207,0.0087734995605792138,0.50654690016555548
283,outward,7998902,62013,33732,69195,0.0017993982732723568,0.0055647574983382813,0.013911893745845703,0,0,1.5697586776435382,0,0,1.5697491024666665,-0.028311217840653623,0,0,-0.028274333400000001,-0.77082919841452846,0,0,-0.77078974441000003,0.50528320471655586,0,0,0.50527280983333334,0.13460442399833941,0,0,0.13459978961777777,0.50894006927201341,0.037167463529199717,0.0084963747916387538,0.50684360613333335
284,outward,7997115,59128,23602,52046,0.0017648505864578112,0.0055751195293799573,0.013937798823449893,0,0,1.5697586776435382,0,0,1.5697491024666665,-0.028311217840653623,0,0,-0.028274333400000001,-0.77082919841452846,0,0,-0.77078974441000003,0.50528320471655586,0,0,0.50527280983333334,0.13460442399833941,0,0,0.13459978961777777,0.5092376778998231,0.037234322526649537,0.0082182029243642683,0.5071752186855556
285,outward,8002984,62112,33222,67139,0.0017482999542675071,0.0055851483789974305,0.013962870947493575,0,0,1.5697586776435382,0,0,1.5697491024666665,-0.028311217840653623,0,0,-0.028274333400000001,-0.77082919841452846,0,0,-0.77078974441000003,0.50528320471655586,0,0,0.50527280983333334,0.13460442399833941,0,0,0.13459978961777777,0.50953581248721935,0.037298952075660377,0.007939018437156737,0.5074893779455556
286,outward,7998698,60810,22740,47102,0.0017322752816637532,0.0055948428113490566,0.013987107028372641,0,0,1.5697586776435382,0,0,1.5697491024666665,-0.028311217840653623,0,0,-0.028274333400000001,-0.77082919841452846,0,0,-0.77078974441000003,0.50528320471655586,0,0,0.50527280983333334,0.13460442399833941,0,0,0.13459978961777777,0.50983445516657944,0.037361344213538032,0.0076588559135678906,0.5078035372055556
287,outward,8002493,63303,28204,60260,0.001699305408801699,0.0056042016320307043,0.014010504080076761,0,0,1.5697586776435382,0,0,1.5697491024666665,-0.028311217840653623,0,0,-0.028274333400000001,-0.77082919841452846,0,0,-0.77078974441000003,0.50528320471655586,0,0,0.50527280983333334,0.13460442399833941,0,0,0.13459978961777777,0.51013358800768671,0.037421491254665082,0.0073777500386107454,0.50813514975777774
288,outward,7994596,57899,29861,57805,0.0016842789899088606,0.0056132236881997625,0.014033059220499406,0,0,1.5697586776435382,0,0,1.5697491024666665,-0.028311217840653623,0,0,-0.028274333400000001,-0.77082919841452846,0,0,-0.77078974441000003,0.50528320471655586,0,0,0.50527280983333334,0.13460442399833941,0,0,0.13459978961777777,0.5104331930199506,0.037479385791297865,0.0070957355950698239,0.50844930901777785
289,outward,8000855,58754,23824,50278,0.0016697247421728623,0.0056219078686946793,0.014054769671736699,0,0,1.5697586776435382,0,0,1.5697491024666665,-0.028311217840653623,0,0,-0.028274333400000001,-0.77082919841452846,0,0,-0.77078974441000003,0.50528320471655586,0,0,0.50527280983333334,0.13460442399833941,0,0,0.13459978961777777,0.51073325215463294,0.037535020694333628,0.0068128474598124732,0.50876346827777774
290,outward,8005420,64174,30945,60223,0.0016381713246328422,0.0056302531041500436,0.014075632760375109,0,0,1.5697586776435382,0,0,1.5697491024666665,-0.028311217840653623,0,0,-0.028274333400000001,-0.77082919841452846,0,0,-0.77078974441000003,0.50528320471655586,0,0,0.50527280983333334,0.13460442399833941,0,0,0.13459978961777777,0.51103374730707951,0.037588389114048576,0.00652912060009857,0.5090950808300001
291,outward,7994540,58714,27500,54278,0.0016245072170795183,0.0056382583671072866,0.014095645917768216,0,0,1.5697586776435382,0,0,1.5697491024666665,-0.028311217840653623,0,0,-0.028274333400000001,-0.77082919841452846,0,0,-0.77078974441000003,0.50528320471655586,0,0,0.50527280983333334,0.13460442399833941,0,0,0.13459978961777777,0.51133466031895825,0.037639484480806486,0.0062445900698911436,0.50940924008999999
292,outward,8000550,59264,23667,56389,0.0016112609689582502,0.0056459226721209729,0.014114806680302433,0,0,1.5697586776435382,0,0,1.5697491024666665,-0.028311217840653623,0,0,-0.028274333400000001,-0.77082919841452846,0,0,-0.77078974441000003,0.50528320471655586,0,0,0.50527280983333334,0.13460442399833941,0,0,0.13459978961777777,0.51163597298050256,0.037688300505737078,0.0059592910061675866,0.50972339934999999
293,outward,7998206,57470,24834,55009,0.0016158676627248125,0.0056532450758605612,0.014133112689651403,0,0,1.5697586776435382,0,0,1.5697491024666665,-0.028311217840653623,0,0,-0.028274333400000001,-0.77082919841452846,0,0,-0.77078974441000003,0.50528320471655586,0,0,0.50527280983333334,0.13460442399833941,0,0,0.13459978961777777,0.51193766703276022,0.037734831181385875,0.0056732586252288978,0.51002010531777775
294,outward,8000893,58363,22334,52213,0.0016034024549824721,0.0056602246772078811,0.014150561693019703,0,0,1.5697586776435382,0,0,1.5697491024666665,-0.028311217840653623,0,0,-0.028274333400000001,-0.77082919841452846,0,0,-0.77078974441000003,0.50528320471655586,0,0,0.50527280983333334,0.13460442399833941,0,0,0.13459978961777777,0.51223972416984709,0.037779070782333626,0.0053865282190114503,0.51033426457777775
295,outward,8001530,59893,24834,56537,0.0016087536242914702,0.0056668606173500436,0.014167151543375108,0,0,1.5697586776435382,0,0,1.5697491024666665,-0.028311217840653623,0,0,-0.028274333400000001,-0.77082919841452846,0,0,-0.77078974441000003,0.50528320471655586,0,0,0.50527280983333334,0.13460442399833941,0,0,0.13459978961777777,0.51254212604120575,0.037821013865786922,0.0050991351513965492,0.51063097054555562
296,outward,7999309,59202,21704,47907,0.0016144495278723747,0.0056731520798680383,0.014182880199670095,0,0,1.5697586776435382,0,0,1.5697491024666665,-0.028311217840653623,0,0,-0.028274333400000001,-0.77082919841452846,0,0,-0.77078974441000003,0.50528320471655586,0,0,0.50527280983333334,0.13460442399833941,0,0,0.13459978961777777,0.51284485425386883,0.037860655272138874,0.0048111148545215247,0.51092767651333337
297,outward,8002272,61474,30667,49222,0.0016030184805354564,0.0056790982908208306,0.014197745727052076,0,0,1.5697586776435382,0,0,1.5697491024666665,-0.028311217840653623,0,0,-0.028274333400000001,-0.77082919841452846,0,0,-0.77078974441000003,0.50528320471655586,0,0,0.50527280983333334,0.13460442399833941,0,0,0.13459978961777777,0.51314789037472675,0.037897990125500366,0.0045225028250897312,0.51124183577333338
298,outward,8000049,61523,25724,109296,0.0015918953413933679,0.0056846985188250551,0.014211746297062637,0,0,1.5697586776435382,0,0,1.5697491024666665,-0.028311217840653623,0,0,-0.028274333400000001,-0.77082919841452846,0,0,-0.77078974441000003,0.50528320471655586,0,0,0.50527280983333334,0.13460442399833941,0,0,0.13459978961777777,0.51345121593279908,0.037933013834201931,0.0042333346206816789,0.51155599503333338
299,outward,7999633,61156,36334,69334,0.0015985149316879443,0.0056899520751302899,0.014224880187825724,0,0,1.5697586776435382,0,0,1.5697491024666665,-0.028311217840653623,0,0,-0.028274333400000001,-0.77082919841452846,0,0,-0.77078974441000003,0.50528320471655586,0,0,0.50527280983333334,0.13460442399833941,0,0,0.13459978961777777,0.51375481242151089,0.037965722091265995,0.0039436458560648457,0.51185270100111113
300,outward,7997902,59058,32389,66954,0.0015879521603998636,0.0056948583136898993,0.014237145784224747,0,0,1.5697586776435382,0,0,1.5697491024666665,-0.028311217840653623,0,0,-0.028274333400000001,-0.77082919841452846,0,0,-0.77078974441000003,0.50528320471655586,0,0,0.50527280983333334,0.13460442399833941,0,0,0.13459978961777777,0.51405866130097133,0.037996110874849401,0.0036534721995047726,0.51216686026111102
301,outward,7998994,58052,24806,50028,0.0015950950720824419,0.0056994166312274103,0.014248541578068525,0,0,1.5697586776435382,0,0,1.5697491024666665,-0.028311217840653623,0,0,-0.028274333400000001,-0.77082919841452846,0,0,-0.77078974441000003,0.50528320471655586,0,0,0.50527280983333334,0.13460442399833941,0,0,0.13459978961777777,0.51436274400025694,0.038024176448656972,0.0033628493690749978,0.51246356622888889
302,outward,8000865,58917,25648,53889,0.0016373783880347936,0.005703626467298546,0.014259066168246366,0,0,1.5697586776435382,0,0,1.5697491024666665,-0.028311217840653623,0,0,-0.028274333400000001,-0.77082919841452846,0,0,-0.77078974441000003,0.50528320471655586,0,0,0.50527280983333334,0.13460442399833941,0,0,0.13459978961777777,0.51466704191969737,0.038049915362325007,0.0030718131289679397,0.51272536561222215
303,outward,8008901,67818,24186,49047,0.0016624236319195962,0.0057074873043487509,0.014268718260871878,0,0,1.5697586776435382,0,0,1.5697491024666665,-0.028311217840653623,0,0,-0.028274333400000001,-0.77082919841452846,0,0,-0.77078974441000003,0.50528320471655586,0,0,0.50527280983333334,0.13460442399833941,0,0,0.13459978961777777,0.51497153643316418,0.038073324451775518,0.002780399285805459,0.51300461828777777
304,outward,7991661,59479,21963,50741,0.0016702121776086543,0.0057109986677663276,0.014277496669415819,0,0,1.5697586776435382,0,0,1.5697491024666665,-0.028311217840653623,0,0,-0.028274333400000001,-0.77082919841452846,0,0,-0.77078974441000003,0.50528320471655586,0,0,0.50527280983333334,0.13460442399833941,0,0,0.13459978961777777,0.51527620889036252,0.038094400839540937,0.0024886436849490918,0.51330132425555552
305,outward,7999069,58548,24741,56453,0.0016956319592513758,0.0057141601259311408,0.014285400314827851,0,0,1.5697586776435382,0,0,1.5697491024666665,-0.028311217840653623,0,0,-0.028274333400000001,-0.77082919841452846,0,0,-0.77078974441000003,0.50528320471655586,0,0,0.50527280983333334,0.13460442399833941,0,0,0.13459978961777777,0.51558104061912524,0.0381131419350592,0.0021965822068105633,0.51358057693111114
306,outward,7999754,58302,21704,48685,0.001703757720236232,0.0057169712902588798,0.0142924282256472,0,0,1.5697586776435382,0,0,1.5697491024666665,-0.028311217840653623,0,0,-0.028274333400000001,-0.77082919841452846,0,0,-0.77078974441000003,0.50528320471655586,0,0,0.50527280983333334,0.13460442399833941,0,0,0.13459978961777777,0.51588601292770953,0.038129545434939405,0.0019042507631624325,0.51387728289888901
307,outward,8000299,58601,22648,50750,0.0017294773532650076,0.0057194318152409109,0.014298579538102277,0,0,1.5697586776435382,0,0,1.5697491024666665,-0.028311217840653623,0,0,-0.028274333400000001,-0.77082919841452846,0,0,-0.77078974441000003,0.50528320471655586,0,0,0.50527280983333334,0.13460442399833941,0,0,0.13459978961777777,0.51619110710709437,0.038143609323198095,0.0016116852934483735,0.51415653557444452
308,outward,8002374,60975,21528,47083,0.0017727721493165927,0.0057215413984797138,0.014303853496199285,0,0,1.5697586776435382,0,0,1.5697491024666665,-0.028311217840653623,0,0,-0.028274333400000001,-0.77082919841452846,0,0,-0.77078974441000003,0.50528320471655586,0,0,0.50527280983333334,0.13460442399833941,0,0,0.13459978961777777,0.51649630443328176,0.038155331871465768,0.001318921761094202,0.51441833495777778
309,outward,7998105,59080,23194,55593,0.0017812635077261163,0.0057232997807198649,0.014308249451799662,0,0,1.5697586776435382,0,0,1.5697491024666665,-0.028311217840653623,0,0,-0.028274333400000001,-0.77082919841452846,0,0,-0.77078974441000003,0.50528320471655586,0,0,0.50527280983333334,0.13460442399833941,0,0,0.13459978961777777,0.51680158616959748,0.038164711639163705,0.001025996149817795,0.51471504092555564
310,outward,7999633,58713,26583,57120,0.0018072925684863295,0.0057247067458745552,0.014311766864686389,0,0,1.5697586776435382,0,0,1.5697491024666665,-0.028311217840653623,0,0,-0.028274333400000001,-0.77082919841452846,0,0,-0.77078974441000003,0.50528320471655586,0,0,0.50527280983333334,0.13460442399833941,0,0,0.13459978961777777,0.51710693356899418,0.038171747473652082,0.00073294445993952312,0.51499429360111115
311,outward,8004023,62736,21093,44352,0.0018333872923275152,0.0057257621210478121,0.014314405302619531,0,0,1.5697586776435382,0,0,1.5697491024666665,-0.028311217840653623,0,0,-0.028274333400000001,-0.77082919841452846,0,0,-0.77078974441000003,0.50528320471655586,0,0,0.50527280983333334,0.13460442399833941,0,0,0.13459978961777777,0.51741232787635605,0.038176438510347604,0.00043980270469358944,0.51527354627666666
312,outward,7994540,57276,26361,52501,0.0018420756319116327,0.0057264657765521403,0.014316164441380352,0,0,1.5697586776435382,0,0,1.5697491024666665,-0.028311217840653623,0,0,-0.028274333400000001,-0.77082919841452846,0,0,-0.77078974441000003,0.50528320471655586,0,0,0.50527280983333334,0.13460442399833941,0,0,0.13459978961777777,0.51771775033080292,0.038178784172812237,0.00014660690653734481,0.51557025224444442
313,outward,8000457,57733,26583,54889,0.0018507921185807463,0.0057268176259218356,0.01431704406480459,0,0,1.5697586776435382,0,0,1.5697491024666665,-0.028311217840653623,0,0,-0.028274333400000001,-0.77082919841452846,0,0,-0.77078974441000003,0.50528320471655586,0,0,0.50527280983333334,0.13460442399833941,0,0,0.13459978961777777,0.51802318216799559,0.038178784172812258,-0.00014660690653730396,0.51586695821222217
314,outward,7999569,57302,26778,55842,0.0018595179879955515,0.0057268176259218382,0.014317044064804595,0,0,1.5697586776435382,0,0,1.5697491024666665,-0.028311217840653623,0,0,-0.028274333400000001,-0.77082919841452846,0,0,-0.77078974441000003,0.50528320471655586,0,0,0.50527280983333334,0.13460442399833941,0,0,0.13459978961777777,0.51832860462244235,0.038176438510347598,-0.0004398027046935419,0.51616366418000004
315,outward,8000790,58092,23482,48213,0.0018682344746645541,0.0057264657765521395,0.014316164441380348,0,0,1.5697586776435382,0,0,1.5697491024666665,-0.028311217840653623,0,0,-0.028274333400000001,-0.77082919841452846,0,0,-0.77078974441000003,0.50528320471655586,0,0,0.50527280983333334,0.13460442399833941,0,0,0.13459978961777777,0.51863399892980422,0.038171747473652082,-0.00073294445993954849,0.51646037014777779
316,outward,8006254,64346,25157,52019,0.0018594695220264246,0.0057257621210478121,0.014314405302619531,0,0,1.5697586776435382,0,0,1.5697491024666665,-0.028311217840653623,0,0,-0.028274333400000001,-0.77082919841452846,0,0,-0.77078974441000003,0.50528320471655586,0,0,0.50527280983333334,0.13460442399833941,0,0,0.13459978961777777,0.51893934632920113,0.038164711639163677,-0.0010259961498177853,0.51677452940777779
317,outward,7994558,58904,24574,45231,0.0018681109536454743,0.0057247067458745518,0.01431176686468638,0,0,1.5697586776435382,0,0,1.5697491024666665,-0.028311217840653623,0,0,-0.028274333400000001,-0.77082919841452846,0,0,-0.77078974441000003,0.50528320471655586,0,0,0.50527280983333334,0.13460442399833941,0,0,0.13459978961777777,0.51924462806551674,0.038155331871465761,-0.0013189217610942478,0.51707123537555566
318,outward,7999661,58565,20953,49843,0.0018766867221833294,0.005723299780719864,0.01430824945179966,0,0,1.5697586776435382,0,0,1.5697491024666665,-0.028311217840653623,0,0,-0.028274333400000001,-0.77082919841452846,0,0,-0.77078974441000003,0.50528320471655586,0,0,0.50527280983333334,0.13460442399833941,0,0,0.13459978961777777,0.51954982539170413,0.03814360932319813,-0.0016116852934484653,0.51736794134333342
319,outward,8000402,58967,22333,49675,0.0018851780805929641,0.005721541398479719,0.014303853496199297,0,0,1.5697586776435382,0,0,1.5697491024666665,-0.028311217840653623,0,0,-0.028274333400000001,-0.77082919841452846,0,0,-0.77078974441000003,0.50528320471655586,0,0,0.50527280983333334,0.13460442399833941,0,0,0.13459978961777777,0.51985491957108898,0.038129545434939432,-0.001904250763162372,0.51766464731111117
320,outward,7998790,57757,23224,48973,0.0018761129999779191,0.0057194318152409144,0.014298579538102285,0,0,1.5697586776435382,0,0,1.5697491024666665,-0.028311217840653623,0,0,-0.028274333400000001,-0.77082919841452846,0,0,-0.77078974441000003,0.50528320471655586,0,0,0.50527280983333334,0.13460442399833941,0,0,0.13459978961777777,0.52015989187967326,0.038113141935059131,-0.0021965822068105018,0.51797880657111106
321,outward,8004356,62113,23787,51861,0.0018494727563399538,0.0057169712902588694,0.014292428225647174,0,0,1.5697586776435382,0,0,1.5697491024666665,-0.028311217840653623,0,0,-0.028274333400000001,-0.77082919841452846,0,0,-0.77078974441000003,0.50528320471655586,0,0,0.50527280983333334,0.13460442399833941,0,0,0.13459978961777777,0.52046472360843599,0.038094400839540909,-0.0024886436849491335,0.51831041912333331
322,outward,7995726,57839,24037,49453,0.001840145225102674,0.0057141601259311364,0.014285400314827841,0,0,1.5697586776435382,0,0,1.5697491024666665,-0.028311217840653623,0,0,-0.028274333400000001,-0.77082919841452846,0,0,-0.77078974441000003,0.50528320471655586,0,0,0.50527280983333334,0.13460442399833941,0,0,0.13459978961777777,0.52076939606563433,0.038073324451775525,-0.0027803992858055722,0.51862457838333331
323,outward,8000901,58740,22018,46102,0.0018481117145232595,0.0057109986677663285,0.014277496669415822,0,0,1.5697586776435382,0,0,1.5697491024666665,-0.028311217840653623,0,0,-0.028274333400000001,-0.77082919841452846,0,0,-0.77078974441000003,0.50528320471655586,0,0,0.50527280983333334,0.13460442399833941,0,0,0.13459978961777777,0.52107389057910114,0.038049915362324986,-0.0030718131289679818,0.51892128435111107
324,outward,8002448,61188,22139,43389,0.0018384469679899595,0.0057074873043487474,0.014268718260871869,0,0,1.5697586776435382,0,0,1.5697491024666665,-0.028311217840653623,0,0,-0.028274333400000001,-0.77082919841452846,0,0,-0.77078974441000003,0.50528320471655586,0,0,0.50527280983333334,0.13460442399833941,0,0,0.13459978961777777,0.52137818849854145,0.038024176448657021,-0.0033628493690749457,0.51923544361111118
325,outward,7996355,57543,24982,74085,0.0018285856274303791,0.005703626467298553,0.014259066168246383,0,0,1.5697586776435382,0,0,1.5697491024666665,-0.028311217840653623,0,0,-0.028274333400000001,-0.77082919841452846,0,0,-0.77078974441000003,0.50528320471655586,0,0,0.50527280983333334,0.13460442399833941,0,0,0.13459978961777777,0.52168227119782706,0.037996110874849359,-0.003653472199504747,0.51954960287111107
326,outward,8000078,57621,25074,50676,0.0018359623589382368,0.0056994166312274034,0.014248541578068508,0,0,1.5697586776435382,0,0,1.5697491024666665,-0.028311217840653623,0,0,-0.028274333400000001,-0.77082919841452846,0,0,-0.77078974441000003,0.50528320471655586,0,0,0.50527280983333334,0.13460442399833941,0,0,0.13459978961777777,0.52198612007728762,0.037965722091265933,-0.0039436458560649403,0.51984630883888883
327,outward,7999735,57356,22333,48574,0.0018256519783986791,0.0056948583136898897,0.014237145784224725,0,0,1.5697586776435382,0,0,1.5697491024666665,-0.028311217840653623,0,0,-0.028274333400000001,-0.77082919841452846,0,0,-0.77078974441000003,0.50528320471655586,0,0,0.50527280983333334,0.13460442399833941,0,0,0.13459978961777777,0.52228971656599943,0.037933013834201952,-0.0042333346206816511,0.52016046809888894
328,outward,8000892,58248,21259,47407,0.0018325424993327344,0.0056899520751302925,0.014224880187825731,0,0,1.5697586776435382,0,0,1.5697491024666665,-0.028311217840653623,0,0,-0.028274333400000001,-0.77082919841452846,0,0,-0.77078974441000003,0.50528320471655586,0,0,0.50527280983333334,0.13460442399833941,0,0,0.13459978961777777,0.52259304212407176,0.037897990125500366,-0.004522502825089752,0.52045717406666669
329,outward,7998782,57030,23287,50176,0.0018217087974050639,0.0056846985188250551,0.014211746297062637,0,0,1.5697586776435382,0,0,1.5697491024666665,-0.028311217840653623,0,0,-0.028274333400000001,-0.77082919841452846,0,0,-0.77078974441000003,0.50528320471655586,0,0,0.50527280983333334,0.13460442399833941,0,0,0.13459978961777777,0.52289607824492967,0.037860655272138874,-0.0048111148545214415,0.5207713333266667
330,outward,8005003,62033,24769,53862,0.0018105856582629754,0.0056790982908208306,0.014197745727052076,0,0,1.5697586776435382,0,0,1.5697491024666665,-0.028311217840653623,0,0,-0.028274333400000001,-0.77082919841452846,0,0,-0.77078974441000003,0.50528320471655586,0,0,0.50527280983333334,0.13460442399833941,0,0,0.13459978961777777,0.52319880645759276,0.037821013865786964,-0.0050991351513965874,0.5210854925866667
331,outward,7996078,58111,22167,48389,0.001816607903148304,0.0056731520798680444,0.01418288019967011,0,0,1.5697586776435382,0,0,1.5697491024666665,-0.028311217840653623,0,0,-0.028274333400000001,-0.77082919841452846,0,0,-0.77078974441000003,0.50528320471655586,0,0,0.50527280983333334,0.13460442399833941,0,0,0.13459978961777777,0.52350120832895142,0.03777907078233371,-0.0053865282190114893,0.52138219855444445
332,outward,8000355,58466,21158,43371,0.0018223038067292086,0.0056668606173500566,0.014167151543375141,0,0,1.5697586776435382,0,0,1.5697491024666665,-0.028311217840653623,0,0,-0.028274333400000001,-0.77082919841452846,0,0,-0.77078974441000003,0.50528320471655586,0,0,0.50527280983333334,0.13460442399833941,0,0,0.13459978961777777,0.52380326546603828,0.037734831181385924,-0.0056732586252289463,0.52167890452222221
333,outward,8002060,60526,24213,49963,0.0018276549760383176,0.005660224677207888,0.01415056169301972,0,0,1.5697586776435382,0,0,1.5697491024666665,-0.028311217840653623,0,0,-0.028274333400000001,-0.77082919841452846,0,0,-0.77078974441000003,0.50528320471655586,0,0,0.50527280983333334,0.13460442399833941,0,0,0.13459978961777777,0.52410495951829594,0.037688300505737064,-0.0059592910061674808,0.52197561048999996
334,outward,8000030,60556,21990,43186,0.0018326430605182242,0.0056532450758605595,0.014133112689651398,0,0,1.5697586776435382,0,0,1.5697491024666665,-0.028311217840653623,0,0,-0.028274333400000001,-0.77082919841452846,0,0,-0.77078974441000003,0.50528320471655586,0,0,0.50527280983333334,0.13460442399833941,0,0,0.13459978961777777,0.52440627217984026,0.037639484480806409,-0.0062445900698912329,0.52227231645777772
335,outward,7997837,58393,22240,48093,0.0018372497542847865,0.0056459226721209616,0.014114806680302404,0,0,1.5697586776435382,0,0,1.5697491024666665,-0.028311217840653623,0,0,-0.028274333400000001,-0.77082919841452846,0,0,-0.77078974441000003,0.50528320471655586,0,0,0.50527280983333334,0.13460442399833941,0,0,0.13459978961777777,0.52470718519171899,0.037588389114048583,-0.0065291206000984339,0.52256902242555547
336,outward,7999735,58128,22547,46880,0.0018065502139411604,0.0056382583671072874,0.014095645917768219,0,0,1.5697586776435382,0,0,1.5697491024666665,-0.028311217840653623,0,0,-0.028274333400000001,-0.77082919841452846,0,0,-0.77078974441000003,0.50528320471655586,0,0,0.50527280983333334,0.13460442399833941,0,0,0.13459978961777777,0.52500768034416556,0.037535020694333586,-0.0068128474598124775,0.52290063497777783
337,outward,8002041,60169,21009,45463,0.0017579795219433425,0.0056302531041500375,0.014075632760375094,0,0,1.5697586776435382,0,0,1.5697491024666665,-0.028311217840653623,0,0,-0.028274333400000001,-0.77082919841452846,0,0,-0.77078974441000003,0.50528320471655586,0,0,0.50527280983333334,0.13460442399833941,0,0,0.13459978961777777,0.5253077394788479,0.037479385791297913,-0.0070957355950698629,0.52324970082222222
338,outward,7996643,56812,27269,53269,0.0017438793966256805,0.0056219078686946871,0.014054769671736718,0,0,1.5697586776435382,0,0,1.5697491024666665,-0.028311217840653623,0,0,-0.028274333400000001,-0.77082919841452846,0,0,-0.77078974441000003,0.50528320471655586,0,0,0.50527280983333334,0.13460442399833941,0,0,0.13459978961777777,0.52560734449111191,0.037421491254665123,-0.0073777500386108608,0.52356386008222222
339,outward,8004308,61120,25602,50500,0.0017118718566674351,0.0056132236881997685,0.014033059220499421,0,0,1.5697586776435382,0,0,1.5697491024666665,-0.028311217840653623,0,0,-0.028274333400000001,-0.77082919841452846,0,0,-0.77078974441000003,0.50528320471655586,0,0,0.50527280983333334,0.13460442399833941,0,0,0.13459978961777777,0.52590647733221907,0.037361344213538011,-0.0076588559135678871,0.52389547263444447
340,outward,7996883,58003,23352,46213,0.0016968454377745967,0.0056042016320307017,0.014010504080076754,0,0,1.5697586776435382,0,0,1.5697491024666665,-0.028311217840653623,0,0,-0.028274333400000001,-0.77082919841452846,0,0,-0.77078974441000003,0.50528320471655586,0,0,0.50527280983333334,0.13460442399833941,0,0,0.13459978961777777,0.52620512001157915,0.037298952075660412,-0.0079390184371568463,0.52420963189444447
341,outward,8001865,59868,22500,45194,0.0016813288571346785,0.0055948428113490618,0.013987107028372654,0,0,1.5697586776435382,0,0,1.5697491024666665,-0.028311217840653623,0,0,-0.028274333400000001,-0.77082919841452846,0,0,-0.77078974441000003,0.50528320471655586,0,0,0.50527280983333334,0.13460442399833941,0,0,0.13459978961777777,0.5265032545989754,0.037234322526649558,-0.0082182029243643324,0.52452379115444447
342,outward,8047022,106890,39584,77972,0.0016478508923086777,0.0055851483789974331,0.013962870947493582,0,0,1.5697586776435382,0,0,1.5697491024666665,-0.028311217840653623,0,0,-0.028274333400000001,-0.77082919841452846,0,0,-0.77078974441000003,0.50528320471655586,0,0,0.50527280983333334,0.13460442399833941,0,0,0.13459978961777777,0.5268008632267851,0.037167463529199737,-0.0084963747916387052,0.52485540370666672
343,outward,7953504,60394,31666,57167,0.0016313002601184845,0.0055751195293799608,0.013937798823449902,0,0,1.5697586776435382,0,0,1.5697491024666665,-0.028311217840653623,0,0,-0.028274333400000001,-0.77082919841452846,0,0,-0.77078974441000003,0.50528320471655586,0,0,0.50527280983333334,0.13460442399833941,0,0,0.13459978961777777,0.5270979280921928,0.037098383322255221,-0.0087734995605792676,0.52516956296666661
344,outward,7999734,60128,27787,59066,0.001631659157748433,0.005564757498338283,0.013911893745845708,0,0,1.5697586776435382,0,0,1.5697491024666665,-0.028311217840653623,0,0,-0.028274333400000001,-0.77082919841452846,0,0,-0.77078974441000003,0.50528320471655586,0,0,0.50527280983333334,0.13460442399833941,0,0,0.13459978961777777,0.52739443145939635,0.037027090420154792,-0.0090495428616254002,0.52546626893444437
345,outward,7999282,59410,22473,49018,0.0016314565571741158,0.0055540635630232189,0.013885158907558048,0,0,1.5697586776435382,0,0,1.5697491024666665,-0.028311217840653623,0,0,-0.028274333400000001,-0.77082919841452846,0,0,-0.77078974441000003,0.50528320471655586,0,0,0.50527280983333334,0.13460442399833941,0,0,0.13459978961777777,0.52769035566180744,0.036953593611745925,-0.009324470437746429,0.52576297490222224
346,outward,8003513,62923,33037,78129,0.0016306747918074516,0.0055430390417618887,0.013857597604404722,0,0,1.5697586776435382,0,0,1.5697491024666665,-0.028311217840653623,0,0,-0.028274333400000001,-0.77082919841452846,0,0,-0.77078974441000003,0.50528320471655586,0,0,0.50527280983333334,0.13460442399833941,0,0,0.13459978961777777,0.5279856831042431,0.036877901959470119,-0.0095982481481311135,0.52605968086999999
347,outward,7996651,59574,27333,59454,0.0016292962664652411,0.0055316852939205179,0.013829213234801295,0,0,1.5697586776435382,0,0,1.5697491024666665,-0.028311217840653623,0,0,-0.028274333400000001,-0.77082919841452846,0,0,-0.77078974441000003,0.50528320471655586,0,0,0.50527280983333334,0.13460442399833941,0,0,0.13459978961777777,0.52828039626511136,0.036800024798417853,-0.009870841971876718,0.52635638683777786
348,outward,7999550,59124,24797,50686,0.0016273034595557512,0.0055200037197626782,0.013800009299406696,0,0,1.5697586776435382,0,0,1.5697491024666665,-0.028311217840653623,0,0,-0.028274333400000001,-0.77082919841452846,0,0,-0.77078974441000003,0.50528320471655586,0,0,0.50527280983333334,0.13460442399833941,0,0,0.13459978961777777,0.52857447769858834,0.036719971735355197,-0.010142218011679215,0.52665309280555561
349,outward,7999874,58998,24444,49639,0.0016421322174772213,0.0055079957603032794,0.013769989400758199,0,0,1.5697586776435382,0,0,1.5697491024666665,-0.028311217840653623,0,0,-0.028274333400000001,-0.77082919841452846,0,0,-0.77078974441000003,0.50528320471655586,0,0,0.50527280983333334,0.13460442399833941,0,0,0.13459978961777777,0.52886791003678757,0.036637752647719957,-0.010412342497522334,0.52693234548111112
350,outward,7999568,58566,20879,47750,0.001656311880120831,0.005495662897157993,0.013739157242894982,0,0,1.5697586776435382,0,0,1.5697491024666665,-0.028311217840653623,0,0,-0.028274333400000001,-0.77082919841452846,0,0,-0.77078974441000003,0.50528320471655586,0,0,0.50527280983333334,0.13460442399833941,0,0,0.13459978961777777,0.5291606759919214,0.036553377682588255,-0.01068118179036677,0.52721159815666674
351,outward,7998402,56968,30444,63139,0.0016698251596991565,0.0054830066523882384,0.013707516630970596,0,0,1.5697586776435382,0,0,1.5697491024666665,-0.028311217840653623,0,0,-0.028274333400000001,-0.77082919841452846,0,0,-0.77078974441000003,0.50528320471655586,0,0,0.50527280983333334,0.13460442399833941,0,0,0.13459978961777777,0.52945275835845362,0.036466857255612661,-0.010948702385840345,0.52749085083222225
352,outward,8002021,58989,24805,51186,0.0016826548506757577,0.0054700285883418987,0.013675071470854746,0,0,1.5697586776435382,0,0,1.5697491024666665,-0.028311217840653623,0,0,-0.028274333400000001,-0.77082919841452846,0,0,-0.77078974441000003,0.50528320471655586,0,0,0.50527280983333334,0.13460442399833941,0,0,0.13459978961777777,0.52974414001524428,0.036378202049929774,-0.011214870917927576,0.52777010350777787
353,outward,7998310,57299,24639,55268,0.0017122371241331535,0.0054567303074894661,0.013641825768723664,0,0,1.5697586776435382,0,0,1.5697491024666665,-0.028311217840653623,0,0,-0.028274333400000001,-0.77082919841452846,0,0,-0.77078974441000003,0.50528320471655586,0,0,0.50527280983333334,0.13460442399833941,0,0,0.13459978961777777,0.53003480392768443,0.03628742301503847,-0.011479654162658247,0.52803190289111113
354,outward,8000966,58265,22796,47463,0.0017061950687955463,0.0054431134522557705,0.013607783630639426,0,0,1.5697586776435382,0,0,1.5697491024666665,-0.028311217840653623,0,0,-0.028274333400000001,-0.77082919841452846,0,0,-0.77078974441000003,0.50528320471655586,0,0,0.50527280983333334,0.13460442399833941,0,0,0.13459978961777777,0.53032473314982276,0.036194531365648749,-0.011743019041797531,0.52832860885888888
355,outward,8000032,58297,24203,51713,0.0017168716153782571,0.0054291797048473126,0.013572949262118281,0,0,1.5697586776435382,0,0,1.5697491024666665,-0.028311217840653623,0,0,-0.028274333400000001,-0.77082919841452846,0,0,-0.77078974441000003,0.50528320471655586,0,0,0.50527280983333334,0.13460442399833941,0,0,0.13459978961777777,0.53061391082648268,0.036099538580501675,-0.012004932626536086,0.5286078615344445
356,outward,8000142,58439,21528,45750,0.0017442499087049201,0.0054149307870752514,0.013537326967688128,0,0,1.5697586776435382,0,0,1.5697491024666665,-0.028311217840653623,0,0,-0.028274333400000001,-0.77082919841452846,0,0,-0.77078974441000003,0.50528320471655586,0,0,0.50527280983333334,0.13460442399833941,0,0,0.13459978961777777,0.53090232019536965,0.036002456401158324,-0.012265362141178238,0.52886966091777776
357,outward,8001754,60193,22176,51204,0.0017534066020362671,0.0054003684601737481,0.013500921150434371,0,0,1.5697586776435382,0,0,1.5697491024666665,-0.028311217840653623,0,0,-0.028274333400000001,-0.77082919841452846,0,0,-0.77078974441000003,0.50528320471655586,0,0,0.50527280983333334,0.13460442399833941,0,0,0.13459978961777777,0.53118994458916868,0.035903296830761031,-0.012524274966832418,0.52914891359333338
358,outward,8000845,61038,23935,49713,0.0017268717358354113,0.0053854945246141544,0.013463736311535386,0,0,1.5697586776435382,0,0,1.5697491024666665,-0.028311217840653623,0,0,-0.028274333400000001,-0.77082919841452846,0,0,-0.77078974441000003,0.50528320471655586,0,0,0.50527280983333334,0.13460442399833941,0,0,0.13459978961777777,0.53147676743763184,0.035802072132763485,-0.01278163864510027,0.52946307285333327
359,outward,8008597,69635,25871,54500,0.0017344419087429452,0.0053703108199145222,0.013425777049786305,0,0,1.5697586776435382,0,0,1.5697491024666665,-0.028311217840653623,0,0,-0.028274333400000001,-0.77082919841452846,0,0,-0.77078974441000003,0.50528320471655586,0,0,0.50527280983333334,0.13460442399833941,0,0,0.13459978961777777,0.53176277226965629,0.03569879482963198,-0.013037420881766539,0.52974232552888889
360,outward,7989910,59545,25204,51464,0.0017411940652118929,0.0053548192244447972,0.013387048061111993,0,0,1.5697586776435382,0,0,1.5697491024666665,-0.028311217840653623,0,0,-0.028274333400000001,-0.77082919841452846,0,0,-0.77078974441000003,0.50528320471655586,0,0,0.50527280983333334,0.13460442399833941,0,0,0.13459978961777777,0.53204794271534994,0.035593477701518238,-0.013291589550488314,0.5300215782044444
361,outward,8003976,63521,28278,58083,0.0017645651275721708,0.0053390216552277351,0.013347554138069338,0,0,1.5697586776435382,0,0,1.5697491024666665,-0.028311217840653623,0,0,-0.028274333400000001,-0.77082919841452846,0,0,-0.77078974441000003,0.50528320471655586,0,0,0.50527280983333334,0.13460442399833941,0,0,0.13459978961777777,0.53233226250808852,0.03548613378490037,-0.013544112696484527,0.53028337758777777
362,outward,7995976,59497,22519,44518,0.0017521789525329901,0.0053229200677350555,0.013307300169337639,0,0,1.5697586776435382,0,0,1.5697491024666665,-0.028311217840653623,0,0,-0.028274333400000001,-0.77082919841452846,0,0,-0.77078974441000003,0.50528320471655586,0,0,0.50527280983333334,0.13460442399833941,0,0,0.13459978961777777,0.53261571548656017,0.035376776371196419,-0.013794958540225007,0.53058008355555553
363,outward,7997309,56806,28185,58750,0.0017563792554490254,0.0053065164556794628,0.013266291139198657,0,0,1.5697586776435382,0,0,1.5697491024666665,-0.028311217840653623,0,0,-0.028274333400000001,-0.77082919841452846,0,0,-0.77078974441000003,0.50528320471655586,0,0,0.50527280983333334,0.13460442399833941,0,0,0.13459978961777777,0.53289828559679953,0.035265419005347132,-0.014044095481121304,0.53085933623111115
364,outward,8005632,62438,27379,60093,0.0017247901056883785,0.0052898128508020699,0.013224532127005174,0,0,1.5697586776435382,0,0,1.5697491024666665,-0.028311217840653623,0,0,-0.028274333400000001,-0.77082919841452846,0,0,-0.77078974441000003,0.50528320471655586,0,0,0.50527280983333334,0.13460442399833941,0,0,0.13459978961777777,0.53317995689420983,0.035152075484370368,-0.014291492101214798,0.53117349549111115
365,outward,7995559,57997,23917,53601,0.0017097554353209254,0.0052728113226555547,0.013182028306638886,0,0,1.5697586776435382,0,0,1.5697491024666665,-0.028311217840653623,0,0,-0.028274333400000001,-0.77082919841452846,0,0,-0.77078974441000003,0.50528320471655586,0,0,0.50527280983333334,0.13460442399833941,0,0,0.13459978961777777,0.53346071354557389,0.035036759855884551,-0.01453711716886674,0.5314702014588889
366,outward,8000502,58499,20907,51491,0.0016763528266849903,0.0052555139783826829,0.013138784945956708,0,0,1.5697586776435382,0,0,1.5697491024666665,-0.028311217840653623,0,0,-0.028274333400000001,-0.77082919841452846,0,0,-0.77078974441000003,0.50528320471655586,0,0,0.50527280983333334,0.13460442399833941,0,0,0.13459978961777777,0.53374053983105318,0.034919486416603362,-0.014780939642448056,0.5317843607188889
367,outward,8003587,62086,23639,54500,0.0016594731443865252,0.0052379229624905039,0.013094807406226259,0,0,1.5697586776435382,0,0,1.5697491024666665,-0.028311217840653623,0,0,-0.028274333400000001,-0.77082919841452846,0,0,-0.77078974441000003,0.50528320471655586,0,0,0.50527280983333334,0.13460442399833941,0,0,0.13459978961777777,0.53401942014617376,0.034800269710801544,-0.015022928674027896,0.53208106668666666
368,outward,7998967,61053,21629,46787,0.0016241941995071008,0.0052200404566202317,0.013089969389957471,0,0,1.5697586776435382,0,0,1.5697491024666665,-0.028311217840653623,0,0,-0.028274333400000001,-0.77082919841452846,0,0,-0.77078974441000003,0.50528320471655586,0,0,0.50527280983333334,0.13460442399833941,0,0,0.13459978961777777,0.53429733900380094,0.034679124528750202,-0.015263053613065077,0.53239522594666666
369,outward,7997215,58268,21658,48048,0.0016054070893565253,0.00520186867931253,0.013089969389957471,0,0,1.5697586776435382,0,0,1.5697491024666665,-0.028311217840653623,0,0,-0.028274333400000001,-0.77082919841452846,0,0,-0.77078974441000003,0.50528320471655586,0,0,0.50527280983333334,0.13460442399833941,0,0,0.13459978961777777,0.53457428103610127,0.034556065905122661,-0.015501284010094535,0.53269193191444442
370,outward,7999346,57614,24519,52667,0.0016030964461013486,0.0051834098857683987,0.013089969389957471,0,0,1.5697586776435382,0,0,1.5697491024666665,-0.028311217840653623,0,0,-0.028274333400000001,-0.77082919841452846,0,0,-0.77078974441000003,0.50528320471655586,0,0,0.50527280983333334,0.13460442399833941,0,0,0.13459978961777777,0.53485023099649043,0.034431109117371794,-0.015737589620420309,0.53297118458999992
371,outward,8000291,57905,22510,47259,0.0016172470231571312,0.0051646663676057688,0.013089969389957471,0,0,1.5697586776435382,0,0,1.5697491024666665,-0.028311217840653623,0,0,-0.028274333400000001,-0.77082919841452846,0,0,-0.77078974441000003,0.50528320471655586,0,0,0.50527280983333334,0.13460442399833941,0,0,0.13459978961777777,0.53512517376156987,0.034304269684076065,-0.01597194040780232,0.5332329839733333
372,outward,8000049,57954,20593,46703,0.0015780305282364626,0.0051456404526114092,0.013089969389957471,0,0,1.5697586776435382,0,0,1.5697491024666665,-0.028311217840653623,0,0,-0.028274333400000001,-0.77082919841452846,0,0,-0.77078974441000003,0.50528320471655586,0,0,0.50527280983333334,0.13460442399833941,0,0,0.13459978961777777,0.53539909433304778,0.034175563363258221,-0.016204306548146877,0.53354714323333341
373,outward,7999929,57883,26259,53046,0.0015377918397143642,0.0051263345044887327,0.013089969389957471,0,0,1.5697586776435382,0,0,1.5697491024666665,-0.028311217840653623,0,0,-0.028274333400000001,-0.77082919841452846,0,0,-0.77078974441000003,0.50528320471655586,0,0,0.50527280983333334,0.13460442399833941,0,0,0.13459978961777777,0.53567197783964959,0.034045006150672658,-0.01643465843319699,0.53386130249333341
374,outward,8003169,61052,21389,46851,0.0015314226707606737,0.0051067509226008986,0.013089969389957471,0,0,1.5697586776435382,0,0,1.5697491024666665,-0.028311217840653623,0,0,-0.028274333400000001,-0.77082919841452846,0,0,-0.77078974441000003,0.50528320471655586,0,0,0.50527280983333334,0.13460442399833941,0,0,0.13459978961777777,0.53594380953901111,0.033912614278064267,-0.016662966674219907,0.53414055516888892
375,outward,7997680,58732,21769,44167,0.001489095110122185,0.0050868921417096397,0.013089969389957471,0,0,1.5697586776435382,0,0,1.5697491024666665,-0.028311217840653623,0,0,-0.028274333400000001,-0.77082919841452846,0,0,-0.77078974441000003,0.50528320471655586,0,0,0.50527280983333334,0.13460442399833941,0,0,0.13459978961777777,0.53621457481956047,0.033778404211397495,-0.016889202105698803,0.53445471442888892
376,outward,7997587,56319,26324,52917,0.0014806077151160446,0.0050667606317096239,0.013089969389957471,0,0,1.5697586776435382,0,0,1.5697491024666665,-0.028311217840653623,0,0,-0.028274333400000001,-0.77082919841452846,0,0,-0.77078974441000003,0.50528320471655586,0,0,0.50527280983333334,0.13460442399833941,0,0,0.13459978961777777,0.53648425920238441,0.033642392649055344,-0.017113335789020544,0.53473396710444443
377,outward,8000271,56590,27111,56371,0.001453586130162221,0.0050463588973583013,0.013089969389957471,0,0,1.5697586776435382,0,0,1.5697491024666665,-0.028311217840653623,0,0,-0.028274333400000001,-0.77082919841452846,0,0,-0.77078974441000003,0.50528320471655586,0,0,0.50527280983333334,0.13460442399833941,0,0,0.13459978961777777,0.53675284834308046,0.033504596520010407,-0.017335339016166452,0.53503067307222218
378,outward,8000689,57279,26121,50490,0.0014429225953027647,0.0050256894780015609,0.013089969389957471,0,0,1.5697586776435382,0,0,1.5697491024666665,-0.028311217840653623,0,0,-0.028274333400000001,-0.77082919841452846,0,0,-0.77078974441000003,0.50528320471655586,0,0,0.50527280983333334,0.13460442399833941,0,0,0.13459978961777777,0.53702032803359367,0.033365032981964374,-0.017555183313401029,0.53530992574777769
379,outward,8000900,58179,23648,46677,0.0014136963180381157,0.0050047549472946561,0.013089969389957471,0,0,1.5697586776435382,0,0,1.5697491024666665,-0.028311217840653623,0,0,-0.028274333400000001,-0.77082919841452846,0,0,-0.77078974441000003,0.50528320471655586,0,0,0.50527280983333334,0.13460442399833941,0,0,0.13459978961777777,0.53728668420404002,0.033223719419459272,-0.017772840444961337,0.53560663171555556
380,outward,8000531,58710,24463,50583,0.0014007998129288435,0.0049835579129188902,0.013089969389957471,0,0,1.5697586776435382,0,0,1.5697491024666665,-0.028311217840653623,0,0,-0.028274333400000001,-0.77082919841452846,0,0,-0.77078974441000003,0.50528320471655586,0,0,0.50527280983333334,0.13460442399833941,0,0,0.13459978961777777,0.53755190292451194,0.03308067344195946,-0.01798828241674752,0.53588588439111118
381,outward,7999958,58668,25120,47213,0.0013867658578452513,0.0049621010162939185,0.013089969389957471,0,0,1.5697586776435382,0,0,1.5697491024666665,-0.028311217840653623,0,0,-0.028274333400000001,-0.77082919841452846,0,0,-0.77078974441000003,0.50528320471655586,0,0,0.50527280983333334,0.13460442399833941,0,0,0.13459978961777777,0.53781597040687157,0.032935912881902826,-0.018201481480011279,0.53616513706666669
382,outward,8002113,60781,21611,44437,0.0013715806646493744,0.0049403869322854239,0.013089969389957471,0,0,1.5697586776435382,0,0,1.5697491024666665,-0.028311217840653623,0,0,-0.028274333400000001,-0.77082919841452846,0,0,-0.77078974441000003,0.50528320471655586,0,0,0.50527280983333334,0.13460442399833941,0,0,0.13459978961777777,0.53807887300652535,0.032789455792723764,-0.018412410135045298,0.53644438974222219
383,outward,7998717,59498,23944,48870,0.0013377772965252888,0.0049184183689085642,0.013089969389957471,0,0,1.5697586776435382,0,0,1.5697491024666665,-0.028311217840653623,0,0,-0.028274333400000001,-0.77082919841452846,0,0,-0.77078974441000003,0.50528320471655586,0,0,0.50527280983333334,0.13460442399833941,0,0,0.13459978961777777,0.5383405972241847,0.032641320446845479,-0.018621041134874165,0.53674109571000006
384,outward,8001753,61251,24528,53185,0.0013551554230736285,0.0048961980670268216,0.013089969389957471,0,0,1.5697586776435382,0,0,1.5697491024666665,-0.028311217840653623,0,0,-0.028274333400000001,-0.77082919841452846,0,0,-0.77078974441000003,0.50528320471655586,0,0,0.50527280983333334,0.13460442399833941,0,0,0.13459978961777777,0.53860112970760954,0.032491525333644168,-0.018827347488942252,0.53698544180111107
385,outward,7997234,58485,23296,49157,0.0013538885231650921,0.0048737288000466252,0.013089969389957471,0,0,1.5697586776435382,0,0,1.5697491024666665,-0.028311217840653623,0,0,-0.028274333400000001,-0.77082919841452846,0,0,-0.77078974441000003,0.50528320471655586,0,0,0.50527280983333334,0.13460442399833941,0,0,0.13459978961777777,0.53886045725333587,0.032340089157382457,-0.019031302466803911,0.53724724118444445
386,outward,8002004,60489,21778,45861,0.0013514166855580489,0.0048510133736073685,0.013089969389957471,0,0,1.5697586776435382,0,0,1.5697491024666665,-0.028311217840653623,0,0,-0.028274333400000001,-0.77082919841452846,0,0,-0.77078974441000003,0.50528320471655586,0,0,0.50527280983333334,0.13460442399833941,0,0,0.13459978961777777,0.53911856680838632,0.032187030835113317,-0.019232879601812695,0.53750904056777782
387,outward,7996411,56900,16352,39361,0.0013477268572751333,0.0048280546252669971,0.013089969389957471,0,0,1.5697586776435382,0,0,1.5697665557588889,-0.028311217840653623,0,0,-0.028274333400000001,-0.77082919841452846,0,0,-0.77078974441000003,0.50528320471655586,0,0,0.50527280983333334,0.13460442399833941,0,0,0.13459978961777777,0.5393754454719637,0.032032369494556144,-0.019432052694811627,0.53777083995111119
388,outward,7999502,56402,14917,35509,0.0013253528452970009,0.0048048554241834213,0.013089969389957471,0,0,1.5697586776435382,0,0,1.5697491024666665,-0.028311217840653623,0,0,-0.028274333400000001,-0.77082919841452846,0,0,-0.77078974441000003,0.50528320471655586,0,0,0.50527280983333334,0.13460442399833941,0,0,0.13459978961777777,0.5396310804971286,0.031876124471940839,-0.019628795817822241,0.5380500926266667
389,outward,7999272,55674,19343,46018,0.0013191884871286419,0.0047814186707911257,0.013089969389957471,0,0,1.5697586776435382,0,0,1.5697665557588889,-0.028311217840653623,0,0,-0.028291786692222223,-0.77082919841452846,0,0,-0.77078974441000003,0.50528320471655586,0,0,0.50527280983333334,0.13460442399833941,0,0,0.13459978961777777,0.53988545929245801,0.031718315309824011,-0.019823083317733005,0.53831189200999996
390,outward,7998263,53937,13092,31509,0.0013117678991246828,0.0047577472964736014,0.013089969389957471,0,0,1.5697586776435382,0,0,1.5697491024666665,-0.028311217840653623,0,0,-0.028291786692222223,-0.77082919841452846,0,0,-0.77078974441000003,0.50528320471655586,0,0,0.50527280983333334,0.13460442399833941,0,0,0.13459978961777777,0.54013856942368699,0.031558961754875978,-0.020014889819990812,0.53857369139333333
391,outward,8001392,55329,16602,46842,0.0013205319392425308,0.0047338442632313968,0.013089969389957471,0,0,1.5697586776435382,0,0,1.5697491024666665,-0.028311217840653623,0,0,-0.028291786692222223,-0.77082919841452846,0,0,-0.77078974441000003,0.50528320471655586,0,0,0.50527280983333334,0.13460442399833941,0,0,0.13459978961777777,0.54039039861533333,0.031398083755636116,-0.020204190232289379,0.53881803748444446
392,outward,8006485,61814,68176,110676,0.0013280150397778634,0.0047097125633454176,0.013089969389957471,0,0,1.5697586776435382,0,0,1.5697491024666665,-0.028311217840653623,0,0,-0.028291786692222223,-0.77082919841452846,0,0,-0.77078974441000003,0.50528320471655586,0,0,0.50527280983333334,0.13460442399833941,0,0,0.13459978961777777,0.54064093475230324,0.031235701460241926,-0.020390959748258362,0.53906238357555547
393,outward,7995688,57502,18287,41852,0.0013342050856366416,0.0046853552190362887,0.013089969389957471,0,0,1.5697586776435382,0,0,1.5697491024666665,-0.028311217840653623,0,0,-0.028291786692222223,-0.77082919841452846,0,0,-0.77078974441000003,0.50528320471655586,0,0,0.50527280983333334,0.13460442399833941,0,0,0.13459978961777777,0.54089016588147809,0.031071835214124884,-0.020575173851153806,0.5393067296666666
394,outward,7999115,56617,20806,47417,0.0013216368314781235,0.0046607752821187327,0.013089969389957471,0,0,1.5697586776435382,0,0,1.5697491024666665,-0.028311217840653623,0,0,-0.028291786692222223,-0.77082919841452846,0,0,-0.77078974441000003,0.50528320471655586,0,0,0.50527280983333334,0.13460442399833941,0,0,0.13459978961777777,0.54113808021328458,0.03090650555768041,-0.02075680831754689,0.53956852904999997
395,outward,8007661,64278,14555,37222,0.0013252050721734854,0.0046359758336520611,0.013089969389957471,0,0,1.5697586776435382,0,0,1.5697491024666665,-0.028311217840653623,0,0,-0.028291786692222223,-0.77082919841452846,0,0,-0.77078974441000003,0.50528320471655586,0,0,0.50527280983333334,0.13460442399833941,0,0,0.13459978961777777,0.54138466612324443,0.030739733223905479,-0.020935839221014333,0.53981287514111109
396,outward,7992883,57161,21963,40130,0.0013448981832444584,0.0046109599835858217,0.013089969389957471,0,0,1.5697586776435382,0,0,1.5697491024666665,-0.028311217840653623,0,0,-0.028291786692222223,-0.77082919841452846,0,0,-0.77078974441000003,0.50528320471655586,0,0,0.50527280983333334,0.13460442399833941,0,0,0.13459978961777777,0.54162991215350598,0.030571539136007693,-0.021112242935826381,0.54003976793999997
397,outward,7998827,55988,17000,35232,0.0013457981223947701,0.0045857308704011536,0.013089969389957471,0,0,1.5697586776435382,0,0,1.5697491024666665,-0.028311217840653623,0,0,-0.028291786692222223,-0.77082919841452846,0,0,-0.77078974441000003,0.50528320471655586,0,0,0.50527280983333334,0.13460442399833941,0,0,0.13459978961777777,0.54187380701435572,0.030401944404986298,-0.021285996140638343,0.54028411403111121
398,outward,8001986,57974,15657,33121,0.0013628001843556392,0.0045602916607479444,0.013089969389957471,0,0,1.5697586776435382,0,0,1.5697491024666665,-0.028311217840653623,0,0,-0.028291786692222223,-0.77082919841452846,0,0,-0.77078974441000003,0.50528320471655586,0,0,0.50527280983333334,0.13460442399833941,0,0,0.13459978961777777,0.54211633958571148,0.030230970327180678,-0.021457075822177464,0.54051100683000008
399,outward,7999558,57532,13787,31658,0.0013958932490447662,0.0045346455490771018,0.013089969389957471,0,0,1.5697586776435382,0,0,1.5697491024666665,-0.028311217840653623,0,0,-0.028291786692222223,-0.77082919841452846,0,0,-0.77078974441000003,0.50528320471655586,0,0,0.50527280983333334,0.13460442399833941,0,0,0.13459978961777777,0.54235749891859464,0.03005863838179218,-0.021625459278935937,0.54072044633666672
400,outward,8000800,58332,15787,67898,0.0014101597830390444,0.004508795757268827,0.013089969389957471,0,0,1.5697586776435382,0,0,1.5697491024666665,-0.028311217840653623,0,0,-0.028291786692222223,-0.77082919841452846,0,0,-0.77078974441000003,0.50528320471655586,0,0,0.50527280983333334,0.13460442399833941,0,0,0.13459978961777777,0.54259727423658299,0.029884970228374979,-0.021791124124856873,0.54094733913555559
401,outward,7999531,57863,23046,45937,0.0014230423021385219,0.0044827455342562467,0.013089969389957471,0,0,1.5697586776435382,0,0,1.5697491024666665,-0.028311217840653623,0,0,-0.028291786692222223,-0.77082919841452846,0,0,-0.77078974441000003,0.50528320471655586,0,0,0.50527280983333334,0.13460442399833941,0,0,0.13459978961777777,0.54283565493724439,0.029709987704297149,-0.021954048293025476,0.54117423193444447
402,outward,7997569,55432,23259,45416,0.0014519834961332911,0.0044564981556445725,0.013089969389957471,0,0,1.5697586776435382,0,0,1.5697491024666665,-0.028311217840653623,0,0,-0.028291786692222223,-0.77082919841452846,0,0,-0.77078974441000003,0.50528320471655586,0,0,0.50527280983333334,0.13460442399833941,0,0,0.13459978961777777,0.54307263059354827,0.02953371282217377,-0.022114210039359442,0.5413836714411111
403,outward,8014235,69667,27158,56166,0.0014620663535481748,0.0044300569233260657,0.013089969389957471,0,0,1.5697586776435382,0,0,1.5697491024666665,-0.028311217840653623,0,0,-0.028291786692222223,-0.77082919841452846,0,0,-0.77078974441000003,0.50528320471655586,0,0,0.50527280983333334,0.13460442399833941,0,0,0.13459978961777777,0.54330819095525684,0.029356167767268453,-0.022271587946296415,0.54161056424000009
404,outward,7987670,57337,23084,49631,0.0014707339163678723,0.0044034251650902677,0.013089969389957471,0,0,1.5697586776435382,0,0,1.5697491024666665,-0.028311217840653623,0,0,-0.028291786692222223,-0.77082919841452846,0,0,-0.77078974441000003,0.50528320471655586,0,0,0.50527280983333334,0.13460442399833941,0,0,0.13459978961777777,0.54354232595029639,0.029177374894867415,-0.022426160926484751,0.54183745703888897
405,outward,8005059,62396,26435,56481,0.001477976112518542,0.0043766062342301118,0.013089969389957471,0,0,1.5697586776435382,0,0,1.5697491024666665,-0.028311217840653623,0,0,-0.028291786692222223,-0.77082919841452846,0,0,-0.77078974441000003,0.50528320471655586,0,0,0.50527280983333334,0.13460442399833941,0,0,0.13459978961777777,0.54377502568610692,0.028997356727622204,-0.022577908226473355,0.54206434983777785
406,outward,7994985,57381,26037,52713,0.0014837830494401905,0.0043496035091433304,0.013089969389957471,0,0,1.5697586776435382,0,0,1.5697491024666665,-0.028311217840653623,0,0,-0.028291786692222223,-0.77082919841452846,0,0,-0.77078974441000003,0.50528320471655586,0,0,0.50527280983333334,0.13460442399833941,0,0,0.13459978961777777,0.54400628045097044,0.028816135952863604,-0.022726809430399762,0.54229124263666673
407,outward,8001735,59116,23991,47453,0.0014881450154149434,0.00432242039292954,0.013089969389957471,0,0,1.5697586776435382,0,0,1.5697491024666665,-0.028311217840653623,0,0,-0.028291786692222223,-0.77082919841452846,0,0,-0.77078974441000003,0.50528320471655586,0,0,0.50527280983333334,0.13460442399833941,0,0,0.13459978961777777,0.54423608071531682,0.028633735419888055,-0.022872844463681079,0.54251813543555549
408,outward,8003670,62786,30648,59500,0.0014735991886501987,0.0042950603129832078,0.013089969389957471,0,0,1.5697586776435382,0,0,1.5697491024666665,-0.028311217840653623,0,0,-0.028291786692222223,-0.77082919841452846,0,0,-0.77078974441000003,0.50528320471655586,0,0,0.50527280983333334,0.13460442399833941,0,0,0.13459978961777777,0.54446441713300897,0.028450178137209924,-0.02301599359670254,0.54276248152666662
409,outward,7999901,62687,36740,71186,0.0014750428074533639,0.0042675267205814884,0.013089969389957471,0,0,1.5697586776435382,0,0,1.5697491024666665,-0.028311217840653623,0,0,-0.028291786692222223,-0.77082919841452846,0,0,-0.77078974441000003,0.50528320471655586,0,0,0.50527280983333334,0.13460442399833941,0,0,0.13459978961777777,0.54469128054260585,0.028265487269788624,-0.02315623744850771,0.54298937432555561
410,outward,7999754,62441,28065,56583,0.0014575601259391169,0.0042398230904682936,0.013089969389957471,0,0,1.5697586776435382,0,0,1.5697491024666665,-0.028311217840653623,0,0,-0.028291786692222223,-0.77082919841452846,0,0,-0.77078974441000003,0.50528320471655586,0,0,0.50527280983333334,0.13460442399833941,0,0,0.13459978961777777,0.54491666196860233,0.028079686136224746,-0.023293556990487158,0.54323372041666673
411,outward,7996846,59287,25593,52676,0.0014560487530467237,0.0042119529204337116,0.013089969389957471,0,0,1.5697586776435382,0,0,1.5697491024666665,-0.028311217840653623,0,0,-0.028291786692222223,-0.77082919841452846,0,0,-0.77078974441000003,0.50528320471655586,0,0,0.50527280983333334,0.13460442399833941,0,0,0.13459978961777777,0.54514055262264771,0.027892798205925794,-0.023427933550069072,0.54346061321555561
412,outward,7999690,58977,23111,47703,0.0014355933159809764,0.0041839197308888689,0.013089969389957471,0,0,1.5697586776435382,0,0,1.5697491024666665,-0.028311217840653623,0,0,-0.028291786692222223,-0.77082919841452846,0,0,-0.77078974441000003,0.50528320471655586,0,0,0.50527280983333334,0.13460442399833941,0,0,0.13459978961777777,0.54536294390473938,0.027704847096243358,-0.023559348814407667,0.54370495930666674
413,outward,8000567,59544,29018,53111,0.0014310917991838812,0.0041557270644365036,0.013089969389957471,0,0,1.5697586776435382,0,0,1.5697491024666665,-0.028311217840653623,0,0,-0.028291786692222223,-0.77082919841452846,0,0,-0.77078974441000003,0.50528320471655586,0,0,0.50527280983333334,0.13460442399833941,0,0,0.13459978961777777,0.54558382740439626,0.027515856569580527,-0.023687784834073383,0.5439318521055555
414,outward,8002097,61641,22537,53278,0.0014250824999517686,0.0041273784854370787,0.013089969389957471,0,0,1.5697586776435382,0,0,1.5697491024666665,-0.028311217840653623,0,0,-0.028291786692222223,-0.77082919841452846,0,0,-0.77078974441000003,0.50528320471655586,0,0,0.50527280983333334,0.13460442399833941,0,0,0.13459978961777777,0.54580319490180718,0.027325850530469615,-0.023813224026741665,0.54415874490444449
415,outward,7998947,60588,29037,63259,0.0014175571984739177,0.0040988775795704419,0.013089969389957471,0,0,1.5697586776435382,0,0,1.5697491024666665,-0.028311217840653623,0,0,-0.028291786692222223,-0.77082919841452846,0,0,-0.77078974441000003,0.50528320471655586,0,0,0.50527280983333334,0.13460442399833941,0,0,0.13459978961777777,0.5460210383689551,0.027134853022621919,-0.023935649180884117,0.54438563770333326
416,outward,7997532,58120,24611,52361,0.0013910545745107195,0.004070227953393288,0.013089969389957471,0,0,1.5697586776435382,0,0,1.5697491024666665,-0.028311217840653623,0,0,-0.028291786692222223,-0.77082919841452846,0,0,-0.77078974441000003,0.50528320471655586,0,0,0.50527280983333334,0.13460442399833941,0,0,0.13459978961777777,0.54623734997072038,0.026942888225943883,-0.024055043459455444,0.54462998379444438
417,outward,8000456,58576,23973,49861,0.0013804733773870037,0.004041433233891582,0.013089969389957471,0,0,1.5697586776435382,0,0,1.5697491024666665,-0.028311217840653623,0,0,-0.028291786692222223,-0.77082919841452846,0,0,-0.77078974441000003,0.50528320471655586,0,0,0.50527280983333334,0.13460442399833941,0,0,0.13459978961777777,0.54645212206595661,0.026749980453529693,-0.024171390403585548,0.54485687659333337
418,outward,7999171,57747,22213,50175,0.0013508993815121162,0.0040124970680294539,0.013089969389957471,0,0,1.5697586776435382,0,0,1.5697491024666665,-0.028311217840653623,0,0,-0.028291786692222223,-0.77082919841452846,0,0,-0.77078974441000003,0.50528320471655586,0,0,0.50527280983333334,0.13460442399833941,0,0,0.13459978961777777,0.54666534720854554,0.026556154148618311,-0.024284673936266876,0.5451012226844445
419,outward,8001189,58936,25936,54158,0.0013372317252121624,0.0039834231222927461,0.013089969389957471,0,0,1.5697586776435382,0,0,1.5697491024666665,-0.028311217840653623,0,0,-0.028291786692222223,-0.77082919841452846,0,0,-0.77078974441000003,0.50528320471655586,0,0,0.50527280983333334,0.13460442399833941,0,0,0.13459978961777777,0.54687701814842427,0.026361433881525287,-0.02439487836604521,0.54532811548333338
420,outward,7995624,54560,11296,29333,0.0012871032817575179,0.0039542150822287929,0.013089969389957471,0,0,1.5697586776435382,0,0,1.5697491024666665,-0.028311217840653623,0,0,-0.028291786692222223,-0.77082919841452846,0,0,-0.77078974441000003,0.50528320471655586,0,0,0.50527280983333334,0.13460442399833941,0,0,0.13459978961777777,0.54708712783259139,0.02616584434654327,-0.024501988390709176,0.54558991486666675
421,outward,7999494,54054,10759,29222,0.0012703201670357656,0.0039248766519814904,0.013089969389957471,0,0,1.5697586776435382,0,0,1.5697491024666665,-0.028311217840653623,0,0,-0.028291786692222223,-0.77082919841452846,0,0,-0.77078974441000003,0.50528320471655586,0,0,0.50527280983333334,0.13460442399833941,0,0,0.13459978961777777,0.54729566940608465,0.025969410358814081,-0.024605989100979289,0.54581680766555563
422,outward,8003939,57993,16287,35518,0.001234515649418011,0.003895411553822112,0.013089969389957471,0,0,1.5697586776435382,0,0,1.5697491024666665,-0.028311217840653623,0,0,-0.028291786692222223,-0.77082919841452846,0,0,-0.77078974441000003,0.50528320471655586,0,0,0.50527280983333334,0.13460442399833941,0,0,0.13459978961777777,0.54750263621293582,0.025772156851168803,-0.024706865984197399,0.54606115375666664
423,outward,7998123,56116,13093,29445,0.001214589657380194,0.0038658235276753201,0.013089969389957471,0,0,1.5697586776435382,0,0,1.5697491024666665,-0.028311217840653623,0,0,-0.028291786692222223,-0.77082919841452846,0,0,-0.77078974441000003,0.50528320471655586,0,0,0.50527280983333334,0.13460442399833941,0,0,0.13459978961777777,0.54770802179709999,0.025574108870941369,-0.024804604928015866,0.54628804655555563
424,outward,8000309,56425,9953,24380,0.0011756291504333438,0.003836116330641205,0.013089969389957471,0,0,1.5697586776435382,0,0,1.5697491024666665,-0.028311217840653623,0,0,-0.028291786692222223,-0.77082919841452846,0,0,-0.77078974441000003,0.50528320471655586,0,0,0.50527280983333334,0.13460442399833941,0,0,0.13459978961777777,0.54791181990335724,0.025375291576750687,-0.024899192224088987,0.54653239264666664
425,outward,7997662,54087,11120,25917,0.0011350811655794768,0.0038062937365126027,0.013089969389957471,0,0,1.5697586776435382,0,0,1.5697491024666665,-0.028311217840653623,0,0,-0.028291786692222223,-0.77082919841452846,0,0,-0.77078974441000003,0.50528320471655586,0,0,0.50527280983333334,0.13460442399833941,0,0,0.13459978961777777,0.54811402447819235,0.025175730235254982,-0.024990614571760408,0.54677673873777777
426,outward,8002058,56145,13722,28667,0.0011103929415257063,0.0037763595352882473,0.013089969389957471,0,0,1.5697586776435382,0,0,1.5697491024666665,-0.028311217840653623,0,0,-0.028291786692222223,-0.77082919841452846,0,0,-0.77078974441000003,0.50528320471655586,0,0,0.50527280983333334,0.13460442399833941,0,0,0.13459978961777777,0.54831462967064326,0.024975450217873212,-0.025078859081752326,0.54700363153666665
427,outward,7999374,55519,12685,30037,0.0010841053350877372,0.0037463175326809817,0.013089969389957471,0,0,1.5697586776435382,0,0,1.5697491024666665,-0.028311217840653623,0,0,-0.028291786692222223,-0.77082919841452846,0,0,-0.77078974441000003,0.50528320471655586,0,0,0.50527280983333334,0.13460442399833941,0,0,0.13459978961777777,0.54851362983312846,0.024774476997482312,-0.025163913279857283,0.54723052433555552
428,outward,7998512,54031,14361,31778,0.0010387594064618089,0.0037161715496223467,0.013089969389957471,0,0,1.5697586776435382,0,0,1.5697491024666665,-0.028311217840653623,0,0,-0.028291786692222223,-0.77082919841452846,0,0,-0.77078974441000003,0.50528320471655586,0,0,0.50527280983333334,0.13460442399833941,0,0,0.13459978961777777,0.54871101952224266,0.024572836145079473,-0.025245765110625391,0.54747487042666665
429,outward,8001115,55146,12667,28945,0.0010092562966870222,0.003685925421761921,0.013089969389957471,0,0,1.5697586776435382,0,0,1.5697491024666665,-0.028311217840653623,0,0,-0.028291786692222223,-0.77082919841452846,0,0,-0.77078974441000003,0.50528320471655586,0,0,0.50527280983333334,0.13460442399833941,0,0,0.13459978961777777,0.54890679349953153,0.024370553326417851,-0.025324402941055934,0.54770176322555564
430,outward,7999384,54530,10435,25926,0.00097813747508712634,0.0036555829989626774,0.013089969389957471,0,0,1.5697586776435382,0,0,1.5697491024666665,-0.028311217840653623,0,0,-0.028291786692222223,-0.77082919841452846,0,0,-0.77078974441000003,0.50528320471655586,0,0,0.50527280983333334,0.13460442399833941,0,0,0.13459978961777777,0.5491009467322332,0.024167654298613062,-0.025399815564285055,0.5479286560244444
431,outward,8000975,55505,13334,28583,0.00094539790889980324,0.0036251481447919592,0.013089969389957471,0,0,1.5697586776435382,0,0,1.5697491024666665,-0.028311217840653623,0,0,-0.028291786692222223,-0.77082919841452846,0,0,-0.77078974441000003,0.50528320471655586,0,0,0.50527280983333334,0.13460442399833941,0,0,0.13459978961777777,0.54929347439399745,0.023964164906719231,-0.02547199220327542,0.54815554882333339
432,outward,8000022,55527,11074,23333,0.00094593935621967162,0.0035946247360078842,0.013089969389957471,0,0,1.5697586776435382,0,0,1.5697491024666665,-0.028311217840653623,0,0,-0.028291786692222223,-0.77082919841452846,0,0,-0.77078974441000003,0.50528320471655586,0,0,0.50527280983333334,0.13460442399833941,0,0,0.13459978961777777,0.54948437186557464,0.023760111080273739,-0.025540922514507097,0.54834753503777778
433,outward,8048458,103985,12112,26074,0.00092739732113011897,0.0035640166620410606,0.013089969389957471,0,0,1.5697586776435382,0,0,1.5697491024666665,-0.028311217840653623,0,0,-0.028291786692222223,-0.77082919841452846,0,0,-0.77078974441000003,0.50528320471655586,0,0,0.50527280983333334,0.13460442399833941,0,0,0.13459978961777777,0.54967363473547759,0.023555518829817251,-0.025606596591665799,0.54855697454444452
434,outward,7952058,56043,10324,21898,0.00090722068436643877,0.0035333278244725876,0.013089969389957471,0,0,1.5697586776435382,0,0,1.5697491024666665,-0.028311217840653623,0,0,-0.028291786692222223,-0.77082919841452846,0,0,-0.77078974441000003,0.50528320471655586,0,0,0.50527280983333334,0.13460442399833941,0,0,0.13459978961777777,0.54986125880061587,0.023350414243378529,-0.025669004969332707,0.54876641405111115
435,outward,7998921,54964,10454,25667,0.00090285853506033575,0.0035025621365067793,0.013089969389957471,0,0,1.5697586776435382,0,0,1.5697491024666665,-0.028311217840653623,0,0,-0.028291786692222223,-0.77082919841452846,0,0,-0.77078974441000003,0.50528320471655586,0,0,0.50527280983333334,0.13460442399833941,0,0,0.13459978961777777,0.55004724006690142,0.023144823482935159,-0.025728138626674515,0.54895840026555554
436,outward,8001123,56087,12111,27770,0.00089685358690150263,0.0034717235224402737,0.013089969389957471,0,0,1.5697586776435382,0,0,1.5697491024666665,-0.028311217840653623,0,0,-0.028291786692222223,-0.77082919841452846,0,0,-0.77078974441000003,0.50528320471655586,0,0,0.50527280983333334,0.13460442399833941,0,0,0.13459978961777777,0.55023157474982576,0.022938772780839528,-0.025783988991132691,0.54915038647999992
437,outward,7998393,54480,13907,30324,0.00088920205538123298,0.0034408159171259293,0.013089969389957471,0,0,1.5697586776435382,0,0,1.5697491024666665,-0.028311217840653623,0,0,-0.028291786692222223,-0.77082919841452846,0,0,-0.77078974441000003,0.50528320471655586,0,0,0.50527280983333334,0.13460442399833941,0,0,0.13459978961777777,0.5504142592750092,0.022732288436220105,-0.025836547942110814,0.54934237269444453
438,outward,8001809,56289,12898,27592,0.00087990036612028977,0.0034098432654330155,0.013089969389957471,0,0,1.5697586776435382,0,0,1.5697491024666665,-0.028311217840653623,0,0,-0.028291786692222223,-0.77082919841452846,0,0,-0.77078974441000003,0.50528320471655586,0,0,0.50527280983333334,0.13460442399833941,0,0,0.13459978961777777,0.55059529027871934,0.022525396811349171,-0.025885807814668437,0.54953435890888891
439,outward,8000290,56579,12111,28426,0.00086894515538604722,0.0033788095217023757,0.013089969389957471,0,0,1.5697586776435382,0,0,1.5697491024666665,-0.028311217840653623,0,0,-0.028291786692222223,-0.77082919841452846,0,0,-0.77078974441000003,0.50528320471655586,0,0,0.50527280983333334,0.13460442399833941,0,0,0.13459978961777777,0.55077466460836311,0.022318124327983892,-0.025931761403206837,0.54972634512333329
440,outward,7997105,53684,15269,32824,0.00087378656280756584,0.0033477186491975837,0.013089969389957471,0,0,1.5697586776435382,0,0,1.5697491024666665,-0.028311217840653623,0,0,-0.028291786692222223,-0.77082919841452846,0,0,-0.77078974441000003,0.50528320471655586,0,0,0.50527280983333334,0.13460442399833941,0,0,0.13459978961777777,0.55095237932294672,0.022110497463676972,-0.025974401965161001,0.54990087804555554
441,outward,8001282,54966,13130,28834,0.00085951506294668079,0.0033165746195515456,0.013089969389957471,0,0,1.5697586776435382,0,0,1.5697491024666665,-0.028311217840653623,0,0,-0.028291786692222223,-0.77082919841452846,0,0,-0.77078974441000003,0.50528320471655586,0,0,0.50527280983333334,0.13460442399833941,0,0,0.13459978961777777,0.55112843169350745,0.021902542748056187,-0.026013723224686095,0.55009286426000004
442,outward,8000623,55589,13278,29473,0.00087848780350741063,0.003285381412208428,0.013089969389957471,0,0,1.5697586776435382,0,0,1.5697491024666665,-0.028311217840653623,0,0,-0.028291786692222223,-0.77082919841452846,0,0,-0.77078974441000003,0.50528320471655586,0,0,0.50527280983333334,0.13460442399833941,0,0,0.13459978961777777,0.55130281920351598,0.021694286759078446,-0.026049719376350474,0.55024994389000004
443,outward,7999448,55037,11009,26361,0.00087834239129369607,0.0032541430138617669,0.013089969389957471,0,0,1.5697586776435382,0,0,1.5697491024666665,-0.028311217840653623,0,0,-0.028291786692222223,-0.77082919841452846,0,0,-0.77078974441000003,0.50528320471655586,0,0,0.50527280983333334,0.13460442399833941,0,0,0.13459978961777777,0.55147553954924677,0.02148575611924845,-0.026082385088822723,0.55042447681222229
444,outward,7999696,54733,12509,28500,0.00089398310702459849,0.0032228634178872672,0.013089969389957471,0,0,1.5697586776435382,0,0,1.5697491024666665,-0.028311217840653623,0,0,-0.028291786692222223,-0.77082919841452846,0,0,-0.77078974441000003,0.50528320471655586,0,0,0.50527280983333334,0.13460442399833941,0,0,0.13459978961777777,0.55164659064012045,0.021276977491813905,-0.026111715508562471,0.55058155644222218
445,outward,8001310,56043,12121,24334,0.00090795456789827256,0.0031915466237720856,0.013089969389957471,0,0,1.5697586776435382,0,0,1.5697491024666665,-0.028311217840653623,0,0,-0.028291786692222223,-0.77082919841452846,0,0,-0.77078974441000003,0.50528320471655586,0,0,0.50527280983333334,0.13460442399833941,0,0,0.13459978961777777,0.55181597059901311,0.021067977576927147,-0.026137706263509797,0.55073863607222218
446,outward,8005133,61176,9667,28361,0.00092025489679081751,0.003160196636539072,0.013089969389957471,0,0,1.5697586776435382,0,0,1.5697491024666665,-0.028311217840653623,0,0,-0.028291786692222223,-0.77082919841452846,0,0,-0.77078974441000003,0.50528320471655586,0,0,0.50527280983333334,0.13460442399833941,0,0,0.13459978961777777,0.55198367776253732,0.020858783107779059,-0.026160353466773319,0.55089571570222229
447,outward,8012465,73641,15667,32602,0.00093088243031513862,0.0031288174661668589,0.013089969389957471,0,0,1.5697586776435382,0,0,1.5697491024666665,-0.028311217840653623,0,0,-0.028291786692222223,-0.77082919841452846,0,0,-0.77078974441000003,0.50528320471655586,0,0,0.50527280983333334,0.13460442399833941,0,0,0.13459978961777777,0.55214971068129015,0.020649420846701856,-0.026179653720320918,0.55105279533222218
448,outward,7981856,55497,11824,25102,0.00095728901129010779,0.0030974131270052785,0.013089969389957471,0,0,1.5697586776435382,0,0,1.5697491024666665,-0.028311217840653623,0,0,-0.028291786692222223,-0.77082919841452846,0,0,-0.77078974441000003,0.50528320471655586,0,0,0.50527280983333334,0.13460442399833941,0,0,0.13459978961777777,0.55231406812007089,0.020439917581245349,-0.026195604118669915,0.55119242167000004
449,outward,8000067,55564,11269,28177,0.00098202011229309161,0.0030659876371868021,0.013089969389957471,0,0,1.5697586776435382,0,0,1.5697491024666665,-0.028311217840653623,0,0,-0.028291786692222223,-0.77082919841452846,0,0,-0.77078974441000003,0.50528320471655586,0,0,0.50527280983333334,0.13460442399833941,0,0,0.13459978961777777,0.55247674905806698,0.020230300120219397,-0.02620820225257493,0.5513320480077778
450,outward,7999309,54873,9740,23602,0.0010050747125114334,0.0030345450180329094,0.013089969389957471,0,0,1.5697586776435382,0,0,1.5697491024666665,-0.028311217840653623,0,0,-0.028291786692222223,-0.77082919841452846,0,0,-0.77078974441000003,0.50528320471655586,0,0,0.50527280983333334,0.13460442399833941,0,0,0.13459978961777777,0.55263775268900783,0.020020595289712249,-0.026217446212718085,0.55147167434555555
451,outward,8064300,119173,17139,36565,0.0010089987134522804,0.0030030892934568374,0.013089969389957471,0,0,1.5697586776435382,0,0,1.5697491024666665,-0.028311217840653623,0,0,-0.028291786692222223,-0.77082919841452846,0,0,-0.77078974441000003,0.50528320471655586,0,0,0.50527280983333334,0.13460442399833941,0,0,0.13459978961777777,0.552797078421288,0.019810829929073112,-0.026223334593399726,0.55162875397555555
452,outward,7936336,55509,16575,37426,0.0010112448157324483,0.0029716244893609666,0.013089969389957471,0,0,1.5697586776435382,0,0,1.5697491024666665,-0.028311217840653623,0,0,-0.028291786692222223,-0.77082919841452846,0,0,-0.77078974441000003,0.50528320471655586,0,0,0.50527280983333334,0.13460442399833941,0,0,0.13459978961777777,0.55295472587805539,0.019601030886870728,-0.026225866496225301,0.55178583360555555
453,outward,8008151,63660,47759,95750,0.0010118126424998319,0.0029401546330306092,0.013089969389957471,0,0,1.5697586776435382,0,0,1.5697491024666665,-0.028311217840653623,0,0,-0.028291786692222223,-0.77082919841452846,0,0,-0.77078974441000003,0.50528320471655586,0,0,0.50527280983333334,0.13460442399833941,0,0,0.13459978961777777,0.55311069489727027,0.019391225016819641,-0.026225041533797483,0.55194291323555555
454,outward,7995060,58720,28491,57982,0.0010281553239369634,0.0029086837525229459,0.013089969389957471,0,0,1.5697586776435382,0,0,1.5697491024666665,-0.028311217840653623,0,0,-0.028291786692222223,-0.77082919841452846,0,0,-0.77078974441000003,0.50528320471655586,0,0,0.50527280983333334,0.13460442399833941,0,0,0.13459978961777777,0.55326498553172954,0.019181439173677532,-0.026220859833404307,0.55208253957333331
455,outward,8072641,131361,32111,66816,0.0010602729128406096,0.0028772158760516299,0.013089969389957471,0,0,1.5697586776435382,0,0,1.5697491024666665,-0.028311217840653623,0,0,-0.028291786692222223,-0.77082919841452846,0,0,-0.77078974441000003,0.50528320471655586,0,0,0.50527280983333334,0.13460442399833941,0,0,0.13459978961777777,0.5534175980490591,0.018971700209111202,-0.026213322040708028,0.55220471261888893
456,outward,7928290,59651,22491,48019,0.0010732590923924201,0.0028457550313666802,0.013089969389957471,0,0,1.5697586776435382,0,0,1.5697491024666665,-0.028311217840653623,0,0,-0.028291786692222223,-0.77082919841452846,0,0,-0.77078974441000003,0.50528320471655586,0,0,0.50527280983333334,0.13460442399833941,0,0,0.13459978961777777,0.55356853293167108,0.018762034967538123,-0.026202429323436492,0.55234433895666668
457,outward,8001559,61210,21713,46603,0.00108456763722653,0.0028143052451307183,0.013089969389957471,0,0,1.5697586776435382,0,0,1.5697491024666665,-0.028311217840653623,0,0,-0.028291786692222223,-0.77082919841452846,0,0,-0.77078974441000003,0.50528320471655586,0,0,0.50527280983333334,0.13460442399833941,0,0,0.13459978961777777,0.55371779087669037,0.018552470281932607,-0.026188183375071304,0.55248396529444455
458,outward,7998975,60185,25685,52731,0.0010941992444681858,0.0027828705422898912,0.013089969389957471,0,0,1.5697586776435382,0,0,1.5697491024666665,-0.028311217840653623,0,0,-0.028291786692222223,-0.77082919841452846,0,0,-0.77078974441000003,0.50528320471655586,0,0,0.50527280983333334,0.13460442399833941,0,0,0.13459978961777777,0.5538653727958458,0.018343032969606515,-0.026170586418537877,0.55262359163222219
459,outward,7998846,59031,27889,50556,0.0010847015336235,0.0027514549454409772,0.013089969389957471,0,0,1.5697586776435382,0,0,1.5697491024666665,-0.028311217840653623,0,0,-0.028291786692222223,-0.77082919841452846,0,0,-0.77078974441000003,0.50528320471655586,0,0,0.50527280983333334,0.13460442399833941,0,0,0.13459978961777777,0.55401127981532816,0.018133749827956413,-0.026149641209894284,0.5527806712622223
460,outward,7999495,58526,25963,51185,0.0010909822153282178,0.0027200624741934619,0.013089969389957471,0,0,1.5697586776435382,0,0,1.5697491024666665,-0.028311217840653623,0,0,-0.028291786692222223,-0.77082919841452846,0,0,-0.77078974441000003,0.50528320471655586,0,0,0.50527280983333334,0.13460442399833941,0,0,0.13459978961777777,0.55415551327561285,0.017924647630187272,-0.026125351042021787,0.55292029759999994
461,outward,8003613,62139,27398,59416,0.0010955893378350456,0.0026886971445280908,0.013089969389957471,0,0,1.5697586776435382,0,0,1.5697491024666665,-0.028311217840653623,0,0,-0.028291786692222223,-0.77082919841452846,0,0,-0.77078974441000003,0.50528320471655586,0,0,0.50527280983333334,0.13460442399833941,0,0,0.13459978961777777,0.55429807473125015,0.017715753121001352,-0.026097719748313812,0.55305992393777781
462,outward,7998578,60717,30064,60935,0.0010985244556945828,0.0026573629681502027,0.013089969389957471,0,0,1.5697586776435382,0,0,1.5697491024666665,-0.028311217840653623,0,0,-0.028291786692222223,-0.77082919841452846,0,0,-0.77078974441000003,0.50528320471655586,0,0,0.50527280983333334,0.13460442399833941,0,0,0.13459978961777777,0.55443896595061981,0.017507093012258272,-0.026066751706364001,0.55319955027555556
463,outward,8001095,61812,34204,58760,0.0010823360450642472,0.0026260639518387407,0.013089969389957471,0,0,1.5697586776435382,0,0,1.5697491024666665,-0.028311217840653623,0,0,-0.028291786692222223,-0.77082919841452846,0,0,-0.77078974441000003,0.50528320471655586,0,0,0.50527280983333334,0.13460442399833941,0,0,0.13459978961777777,0.55457818891565047,0.017298693978609329,-0.026032451841659237,0.55335662990555556
464,outward,7997846,59658,25796,55250,0.0010819326723171541,0.0025948040967913991,0.013089969389957471,0,0,1.5697586776435382,0,0,1.5697491024666665,-0.028311217840653623,0,0,-0.028291786692222223,-0.77082919841452846,0,0,-0.77078974441000003,0.50528320471655586,0,0,0.50527280983333334,0.13460442399833941,0,0,0.13459978961777777,0.5547157458215034,0.01709058265309633,-0.025994825631265536,0.55349625624333332
465,outward,8000541,60199,22759,49500,0.0010624099481700844,0.0025635873979644496,0.013089969389957471,0,0,1.5697586776435382,0,0,1.5697491024666665,-0.028311217840653623,0,0,-0.028291786692222223,-0.77082919841452846,0,0,-0.77078974441000003,0.50528320471655586,0,0,0.50527280983333334,0.13460442399833941,0,0,0.13459978961777777,0.55485163907622481,0.016882785622727662,-0.025953879107519614,0.55365333587333332
466,outward,8000854,61053,30111,84722,0.001058676865113628,0.0025324178434091493,0.013089969389957471,0,0,1.5697586776435382,0,0,1.5697491024666665,-0.028311217840653623,0,0,-0.028291786692222223,-0.77082919841452846,0,0,-0.77078974441000003,0.50528320471655586,0,0,0.50527280983333334,0.13460442399833941,0,0,0.13459978961777777,0.55498587130035659,0.016675329424017844,-0.025909618861717051,0.55379296221111118
467,outward,8007087,68140,25213,54194,0.0010532827514677656,0.0025012994136026766,0.013089969389957471,0,0,1.5697586776435382,0,0,1.5697491024666665,-0.028311217840653623,0,0,-0.028291786692222223,-0.77082919841452846,0,0,-0.77078974441000003,0.50528320471655586,0,0,0.50527280983333334,0.13460442399833941,0,0,0.13459978961777777,0.55511844532651611,0.016468240538505215,-0.02586205204780441,0.55393258854888883
468,outward,7994225,62365,31038,61657,0.001046230439849416,0.0024702360807757821,0.013089969389957471,0,0,1.5697586776435382,0,0,1.5697491024666665,-0.028311217840653623,0,0,-0.028291786692222223,-0.77082919841452846,0,0,-0.77078974441000003,0.50528320471655586,0,0,0.50527280983333334,0.13460442399833941,0,0,0.13459978961777777,0.55524936419893878,0.01626154538823164,-0.025811186386064836,0.55407221488666669
469,outward,8000392,62757,24407,53880,0.0010200696822721955,0.0024392318082347461,0.013089969389957471,0,0,1.5697586776435382,0,0,1.5697491024666665,-0.028311217840653623,0,0,-0.028291786692222223,-0.77082919841452846,0,0,-0.77078974441000003,0.50528320471655586,0,0,0.50527280983333334,0.13460442399833941,0,0,0.13459978961777777,0.55537863117298258,0.016055270331199474,-0.025757030166810305,0.55422929451666658
470,outward,7995763,58520,24676,54315,0.0009922570263158903,0.0024082905496799209,0.013089969389957471,0,0,1.5697586776435382,0,0,1.5697491024666665,-0.028311217840653623,0,0,-0.028291786692222223,-0.77082919841452846,0,0,-0.77078974441000003,0.50528320471655586,0,0,0.50527280983333334,0.13460442399833941,0,0,0.13459978961777777,0.55550624971459817,0.015849441656796793,-0.025699592254071021,0.55438637414666669
471,outward,7996966,55486,13963,31037,0.000962795937931471,0.002377416248519519,0.013089969389957471,0,0,1.5697586776435382,0,0,1.5697491024666665,-0.028311217840653623,0,0,-0.028291786692222223,-0.77082919841452846,0,0,-0.77078974441000003,0.50528320471655586,0,0,0.50527280983333334,0.13460442399833941,0,0,0.13459978961777777,0.55563222349976193,0.015644085581191385,-0.025638882089283936,0.55454345377666669
472,outward,8000476,55962,9675,25574,0.00096659667753962175,0.0023466128371787075,0.013089969389957471,0,0,1.5697586776435382,0,0,1.5697491024666665,-0.028311217840653623,0,0,-0.028291786692222223,-0.77082919841452846,0,0,-0.77078974441000003,0.50528320471655586,0,0,0.50527280983333334,0.13460442399833941,0,0,0.13459978961777777,0.55575655641387034,0.015439228242698791,-0.025574909694982172,0.55466562682222231
473,outward,7999615,55577,11222,28945,0.00095130325387038361,0.0023158842364048187,0.013089969389957471,0,0,1.5697586776435382,0,0,1.5697491024666665,-0.028311217840653623,0,0,-0.028291786692222223,-0.77082919841452846,0,0,-0.77078974441000003,0.50528320471655586,0,0,0.50527280983333334,0.13460442399833941,0,0,0.13459978961777777,0.5558792525511006,0.015234895697116141,-0.025507685678485426,0.55480525315999996
474,outward,7999068,54645,11158,26009,0.00093437305332277898,0.0022852343545674211,0.013089969389957471,0,0,1.5697586776435382,0,0,1.5697491024666665,-0.028311217840653623,0,0,-0.028291786692222223,-0.77082919841452846,0,0,-0.77078974441000003,0.50528320471655586,0,0,0.50527280983333334,0.13460442399833941,0,0,0.13459978961777777,0.5560003162137297,0.015031113913032284,-0.025437221235588985,0.55494487949777782
475,outward,8001828,56473,12787,28389,0.00093326367039636704,0.0022546670869548423,0.013089969389957471,0,0,1.5697586776435382,0,0,1.5697491024666665,-0.028311217840653623,0,0,-0.028291786692222223,-0.77082919841452846,0,0,-0.77078974441000003,0.50528320471655586,0,0,0.50527280983333334,0.13460442399833941,0,0,0.13459978961777777,0.55611975191141916,0.014827908767102304,-0.025363528154253953,0.55506705254333333
476,outward,8001419,57892,12723,28657,0.00091307303030796483,0.0022241863150653457,0.013089969389957471,0,0,1.5697586776435382,0,0,1.5697491024666665,-0.028311217840653623,0,0,-0.028291786692222223,-0.77082919841452846,0,0,-0.77078974441000003,0.50528320471655586,0,0,0.50527280983333334,0.13460442399833941,0,0,0.13459978961777777,0.55623756436046068,0.014625306039296931,-0.025286618818295123,0.55520667888111119
477,outward,7997254,55146,13852,25407,0.00089125914157184294,0.0021937959058945396,0.013089969389957471,0,0,1.5697586776435382,0,0,1.5697491024666665,-0.028311217840653623,0,0,-0.028291786692222223,-0.77082919841452846,0,0,-0.77078974441000003,0.50528320471655586,0,0,0.50527280983333334,0.13460442399833941,0,0,0.13459978961777777,0.55635375848298196,0.014423331408119957,-0.02520650621107158,0.55534630521888884
478,outward,8000244,55390,12389,27611,0.0008678269263152627,0.0021634997112179935,0.013089969389957471,0,0,1.5697586776435382,0,0,1.5697491024666665,-0.028311217840653623,0,0,-0.028291786692222223,-0.77082919841452846,0,0,-0.77078974441000003,0.50528320471655586,0,0,0.50527280983333334,0.13460442399833941,0,0,0.13459978961777777,0.5564683394061174,0.014222010445799007,-0.025123203919176378,0.5554859315566667
479,outward,7999198,54588,14102,30695,0.00084278151167294091,0.0021333015668698512,0.013089969389957471,0,0,1.5697586776435382,0,0,1.5697491024666665,-0.028311217840653623,0,0,-0.028291786692222223,-0.77082919841452846,0,0,-0.77078974441000003,0.50528320471655586,0,0,0.50527280983333334,0.13460442399833941,0,0,0.13459978961777777,0.55658131246113807,0.014021368613443923,-0.025036726136125526,0.55562555789444446
480,outward,8001152,55740,12621,31833,0.00081612822891585779,0.0021032052920165883,0.013089969389957471,0,0,1.5697586776435382,0,0,1.5697491024666665,-0.028311217840653623,0,0,-0.028291786692222223,-0.77082919841452846,0,0,-0.77078974441000003,0.50528320471655586,0,0,0.50527280983333334,0.13460442399833941,0,0,0.13459978961777777,0.5566926831825435,0.013821431256174655,-0.024947087666047883,0.55576518423222221
481,outward,7998198,53938,12574,30176,0.00080532590476567467,0.0020732146884261983,0.013089969389957471,0,0,1.5697586776435382,0,0,1.5697491024666665,-0.028311217840653623,0,0,-0.028291786692222223,-0.77082919841452846,0,0,-0.77078974441000003,0.50528320471655586,0,0,0.50527280983333334,0.13460442399833941,0,0,0.13459978961777777,0.55680245730711309,0.013622223598225075,-0.024854303927374765,0.55588735727777783
482,outward,8001031,54969,10176,23666,0.00077547369155750445,0.0020433335397337612,0.013089969389957471,0,0,1.5697586776435382,0,0,1.5697491024666665,-0.028311217840653623,0,0,-0.028291786692222223,-0.77082919841452846,0,0,-0.77078974441000003,0.50528320471655586,0,0,0.50527280983333334,0.13460442399833941,0,0,0.13459978961777777,0.5569106407729203,0.013423770738011201,-0.024758390956528289,0.55602698361555558
483,outward,8000624,55593,13000,29102,0.0007614841118092075,0.0020135656107016799,0.013089969389957471,0,0,1.5697586776435382,0,0,1.5697491024666665,-0.028311217840653623,0,0,-0.028291786692222223,-0.77082919841452846,0,0,-0.77078974441000003,0.50528320471655586,0,0,0.50527280983333334,0.13460442399833941,0,0,0.13459978961777777,0.55701723971830741,0.013226097643173501,-0.024659365411611813,0.55614915666111109
484,outward,8003281,58874,18843,40000,0.00072845671941845769,0.0019839146464760253,0.013089969389957471,0,0,1.5697586776435382,0,0,1.5697491024666665,-0.028311217840653623,0,0,-0.028291786692222223,-0.77082919841452846,0,0,-0.77078974441000003,0.50528320471655586,0,0,0.50527280983333334,0.13460442399833941,0,0,0.13459978961777777,0.55712226048081681,0.013029229145589341,-0.02455724457610127,0.55628878299888895
485,outward,7997707,56581,17519,32907,0.00071130443637235086,0.0019543843718384012,0.013089969389957471,0,0,1.5697586776435382,0,0,1.5697491024666665,-0.028311217840653623,0,0,-0.028291786692222223,-0.77082919841452846,0,0,-0.77078974441000003,0.50528320471655586,0,0,0.50527280983333334,0.13460442399833941,0,0,0.13459978961777777,0.55722570959608564,0.012833189936353531,-0.024452046362529716,0.55641095604444446
486,outward,7998754,55335,10963,26352,0.00067512721386342456,0.0019249784904530297,0.013089969389957471,0,0,1.5697586776435382,0,0,1.5697491024666665,-0.028311217840653623,0,0,-0.028291786692222223,-0.77082919841452846,0,0,-0.77078974441000003,0.50528320471655586,0,0,0.50527280983333334,0.13460442399833941,0,0,0.13459978961777777,0.55732759379670127,0.012638004560733218,-0.024343789316182373,0.55655058238222221
487,outward,8002086,57421,13481,32481,0.0006722916611457963,0.0018957006841099826,0.013089969389957471,0,0,1.5697586776435382,0,0,1.5697491024666665,-0.028311217840653623,0,0,-0.028291786692222223,-0.77082919841452846,0,0,-0.77078974441000003,0.50528320471655586,0,0,0.50527280983333334,0.13460442399833941,0,0,0.13459978961777777,0.55742792001101238,0.012443697413087642,-0.024232492618782225,0.55665530213555547
488,outward,8000124,57545,10630,23213,0.00065044482990117558,0.0018665546119631463,0.013089969389957471,0,0,1.5697586776435382,0,0,1.5697491024666665,-0.028311217840653623,0,0,-0.028291786692222223,-0.77082919841452846,0,0,-0.77078974441000003,0.50528320471655586,0,0,0.50527280983333334,0.13460442399833941,0,0,0.13459978961777777,0.55752669536190169,0.012250292731767278,-0.024118176092182027,0.5567774751811112
489,outward,7998151,55696,9611,24713,0.00062704713523498157,0.0018375439097650917,0.013089969389957471,0,0,1.5697586776435382,0,0,1.5697491024666665,-0.028311217840653623,0,0,-0.028291786692222223,-0.77082919841452846,0,0,-0.77078974441000003,0.50528320471655586,0,0,0.50527280983333334,0.13460442399833941,0,0,0.13459978961777777,0.55762392716551834,0.012057814593973089,-0.024000860202051152,0.55689964822666671
490,outward,7999319,55015,10482,22639,0.00060210589329612318,0.0018086721890959634,0.013089969389957471,0,0,1.5697586776435382,0,0,1.5697491024666665,-0.028311217840653623,0,0,-0.028291786692222223,-0.77082919841452846,0,0,-0.77078974441000003,0.50528320471655586,0,0,0.50527280983333334,0.13460442399833941,0,0,0.13459978961777777,0.5577196229299658,0.011866286910593923,-0.023880566061568853,0.55702182127222222
491,outward,7998495,53510,13046,29019,0.00057562861218807271,0.0017799430365890885,0.013089969389957471,0,0,1.5697586776435382,0,0,1.5697491024666665,-0.028311217840653623,0,0,-0.028291786692222223,-0.77082919841452846,0,0,-0.77078974441000003,0.50528320471655586,0,0,0.50527280983333334,0.13460442399833941,0,0,0.13459978961777777,0.55781379035395362,0.01167573342100906,-0.023757315435109019,0.55714399431777772
492,outward,8001679,55189,12880,30918,0.00056507628284241385,0.0017513600131513589,0.013089969389957471,0,0,1.5697586776435382,0,0,1.5697491024666665,-0.028311217840653623,0,0,-0.028291786692222223,-0.77082919841452846,0,0,-0.77078974441000003,0.50528320471655586,0,0,0.50527280983333334,0.13460442399833941,0,0,0.13459978961777777,0.55790643732540202,0.011486177687868158,-0.023631130741934691,0.55724871407111121
493,outward,8001365,56554,11602,27046,0.00053555020873530257,0.0017229266531802237,0.013089969389957471,0,0,1.5697586776435382,0,0,1.5697491024666665,-0.028311217840653623,0,0,-0.028291786692222223,-0.77082919841452846,0,0,-0.77078974441000003,0.50528320471655586,0,0,0.50527280983333334,0.13460442399833941,0,0,0.13459978961777777,0.55799757192000843,0.011297643091834012,-0.023502035059883866,0.55737088711666671
494,outward,7998429,54983,11722,29241,0.00052196505000845494,0.0016946464637751018,0.013089969389957471,0,0,1.5697586776435382,0,0,1.5697491024666665,-0.028311217840653623,0,0,-0.028291786692222223,-0.77082919841452846,0,0,-0.77078974441000003,0.50528320471655586,0,0,0.50527280983333334,0.13460442399833941,0,0,0.13459978961777777,0.55808720239976983,0.011110152826299223,-0.023370052129059987,0.55747560686999997
495,outward,8000966,55949,10222,24788,0.00048942248421424139,0.0016665229239448834,0.013089969389957471,0,0,1.5697586776435382,0,0,1.5697491024666665,-0.028311217840653623,0,0,-0.028291786692222223,-0.77082919841452846,0,0,-0.77078974441000003,0.50528320471655586,0,0,0.50527280983333334,0.13460442399833941,0,0,0.13459978961777777,0.55817533721146351,0.01092372989207554,-0.023235206355522439,0.55759777991555559
496,outward,8002495,58444,11935,29852,0.0004728375425746556,0.001638559483811331,0.013089969389957471,0,0,1.5697586776435382,0,0,1.5697491024666665,-0.028311217840653623,0,0,-0.028291786692222223,-0.77082919841452846,0,0,-0.77078974441000003,0.50528320471655586,0,0,0.50527280983333334,0.13460442399833941,0,0,0.13459978961777777,0.5582619849850855,0.010738397092049594,-0.023097522814974302,0.55770249966888885
497,outward,7999188,57632,15278,40870,0.00045476556286327963,0.0016107595638074391,0.013089969389957471,0,0,1.5697586776435382,0,0,1.5697491024666665,-0.028311217840653623,0,0,-0.028291786692222223,-0.77082919841452846,0,0,-0.77078974441000003,0.50528320471655586,0,0,0.50527280983333334,0.13460442399833941,0,0,0.13459978961777777,0.55834715453224493,0.010554177025811056,-0.022957027256454147,0.55780721942222222
498,outward,7999300,56932,15611,36426,0.00045266864891158054,0.0015831265538716584,0.013089969389957471,0,0,1.5697586776435382,0,0,1.5697491024666665,-0.028311217840653623,0,0,-0.028291786692222223,-0.77082919841452846,0,0,-0.77078974441000003,0.50528320471655586,0,0,0.50527280983333334,0.13460442399833941,0,0,0.13459978961777777,0.55843085484451682,0.010371092084252206,-0.022813746106023068,0.55789448588333335
499,outward,7998819,55751,11241,29259,0.0004141959156278574,0.0015556638126378308,0.013089969389957471,0,0,1.5697586776435382,0,0,1.5697491024666665,-0.028311217840653623,0,0,-0.028291786692222223,-0.77082919841452846,0,0,-0.77078974441000003,0.50528320471655586,0,0,0.50527280983333334,0.13460442399833941,0,0,0.13459978961777777,0.55851309509174996,0.010189164444135271,-0.022667706470456378,0.55801665892888896
500,outward,8020096,75847,17824,63963,0.00039171640952773146,0.0015283746666202905,0.013089969389957471,0,0,1.5697586776435382,0,0,1.5697491024666665,-0.028311217840653623,0,0,-0.028291786692222223,-0.77082919841452846,0,0,-0.77078974441000003,0.50528320471655586,0,0,0.50527280983333334,0.13460442399833941,0,0,0.13459978961777777,0.55859388462033233,0.010008416062636197,-0.022518936140931606,0.55812137868222222
501,outward,7981392,57239,17824,37954,0.00036778618477673053,0.0015012624093954296,0.013089969389957471,0,0,1.5697586776435382,0,0,1.5697491024666665,-0.028311217840653623,0,0,-0.028291786692222223,-0.77082919841452846,0,0,-0.77078974441000003,0.50528320471655586,0,0,0.50527280983333334,0.13460442399833941,0,0,0.13459978961777777,0.55867323295141413,0.0098288686718479446,-0.022367463596718228,0.5582260984355556
502,outward,7999633,56872,15509,79981,0.00035986805474741423,0.0014743303007771916,0.013089969389957471,0,0,1.5697586776435382,0,0,1.5697491024666665,-0.028311217840653623,0,0,-0.028291786692222223,-0.77082919841452846,0,0,-0.77078974441000003,0.50528320471655586,0,0,0.50527280983333334,0.13460442399833941,0,0,0.13459978961777777,0.55875114977908213,0.0096505437732672984,-0.022213318008868155,0.55831336489666672
503,outward,8001698,58570,17852,35935,0.00031561183685990812,0.0014475815659900947,0.013089969389957471,0,0,1.5697586776435382,0,0,1.5697491024666665,-0.028311217840653623,0,0,-0.028291786692222223,-0.77082919841452846,0,0,-0.77078974441000003,0.50528320471655586,0,0,0.50527280983333334,0.13460442399833941,0,0,0.13459978961777777,0.55882764496849502,0.0094734626322403506,-0.022056529243903559,0.55843553794222223
504,outward,7998791,57361,29426,57556,0.00030484056516177915,0.0014210193948360525,0.013089969389957471,0,0,1.5697586776435382,0,0,1.5697491024666665,-0.028311217840653623,0,0,-0.028291786692222223,-0.77082919841452846,0,0,-0.77078974441000003,0.50528320471655586,0,0,0.50527280983333334,0.13460442399833941,0,0,0.13459978961777777,0.55890272855396983,0.0092976462723912655,-0.021897127867508446,0.55852280440333324
505,outward,8000095,57456,27380,53157,0.0002926576895253552,0.0013946469408586898,0.013089969389957471,0,0,1.5697586776435382,0,0,1.5697491024666665,-0.028311217840653623,0,0,-0.028291786692222223,-0.77082919841452846,0,0,-0.77078974441000003,0.50528320471655586,0,0,0.50527280983333334,0.13460442399833941,0,0,0.13459978961777777,0.55897641073702875,0.0091231154700044496,-0.021735145148215597,0.55861007086444447
506,outward,8000985,58441,21815,43195,0.0002790734114731519,0.0013684673205006674,0.013089969389957471,0,0,1.5697586776435382,0,0,1.5697491024666665,-0.028311217840653623,0,0,-0.028291786692222223,-0.77082919841452846,0,0,-0.77078974441000003,0.50528320471655586,0,0,0.50527280983333334,0.13460442399833941,0,0,0.13459978961777777,0.55904870188439526,0.0089498907483964284,-0.021570613061099884,0.5586973373255556
507,outward,8000032,58473,24389,52620,0.00028155138995078488,0.0013424836122594643,0.013089969389957471,0,0,1.5697586776435382,0,0,1.5697491024666665,-0.028311217840653623,0,0,-0.028291786692222223,-0.77082919841452846,0,0,-0.77078974441000003,0.50528320471655586,0,0,0.50527280983333334,0.13460442399833941,0,0,0.13459978961777777,0.559119612525948,0.0087779923722439805,-0.021403564291462826,0.55876715049444448
508,outward,8016966,75439,24954,51379,0.00026519557039228481,0.0013166988558365969,0.013089969389957471,0,0,1.5697586776435382,0,0,1.5697491024666665,-0.028311217840653623,0,0,-0.028291786692222223,-0.77082919841452846,0,0,-0.77078974441000003,0.50528320471655586,0,0,0.50527280983333334,0.13460442399833941,0,0,0.13459978961777777,0.55918915335263042,0.0086074403418860863,-0.021234032238525841,0.55885441695555571
509,outward,7982115,57554,27167,50241,0.00026492322818594261,0.001291116051282913,0.013089969389957471,0,0,1.5697586776435382,0,0,1.5697491024666665,-0.028311217840653623,0,0,-0.028291786692222223,-0.77082919841452846,0,0,-0.77078974441000003,0.50528320471655586,0,0,0.50527280983333334,0.13460442399833941,0,0,0.13459978961777777,0.55925733521431198,0.0084382543876022949,-0.0210620510191184,0.55892423012444448
510,outward,8000902,58456,26612,55555,0.00026329192097862553,0.0012657381581403441,0.013089969389957471,0,0,1.5697586776435382,0,0,1.5697491024666665,-0.028311217840653623,0,0,-0.028291786692222223,-0.77082919841452846,0,0,-0.77078974441000003,0.50528320471655586,0,0,0.50527280983333334,0.13460442399833941,0,0,0.13459978961777777,0.5593241691176053,0.0082704539638533362,-0.020887655471368803,0.55899404329333335
511,outward,8000697,59153,25112,52232,0.00026031265538317694,0.0012405680945780004,0.013089969389957471,0,0,1.5697586776435382,0,0,1.5697491024666665,-0.028311217840653623,0,0,-0.028291786692222223,-0.77082919841452846,0,0,-0.77078974441000003,0.50528320471655586,0,0,0.50527280983333334,0.13460442399833941,0,0,0.13459978961777777,0.55938966622363495,0.0081040582434990464,-0.020710881158390388,0.55906385646222212
512,outward,8002652,61805,23213,49500,0.00025599659252373286,0.0012156087365248569,0.013089969389957471,0,0,1.5697586776435382,0,0,1.5697491024666665,-0.028311217840653623,0,0,-0.028291786692222223,-0.77082919841452846,0,0,-0.77078974441000003,0.50528320471655586,0,0,0.50527280983333334,0.13460442399833941,0,0,0.13459978961777777,0.55945383784576408,0.0079390861119804212,-0.020531764371975351,0.55913366963111122
513,outward,7996643,58448,25500,52991,0.00025035504576409462,0.0011908629167970632,0.013089969389957471,0,0,1.5697586776435382,0,0,1.5697491024666665,-0.028311217840653623,0,0,-0.028291786692222223,-0.77082919841452846,0,0,-0.77078974441000003,0.50528320471655586,0,0,0.50527280983333334,0.13460442399833941,0,0,0.13459978961777777,0.55951669544726956,0.0077755561614774402,-0.020350342136280494,0.55920348279999998
514,outward,8001864,60312,34352,63926,0.00024339947838070142,0.001166333424221616,0.013089969389957471,0,0,1.5697586776435382,0,0,1.5697491024666665,-0.028311217840653623,0,0,-0.028291786692222223,-0.77082919841452846,0,0,-0.77078974441000003,0.50528320471655586,0,0,0.50527280983333334,0.13460442399833941,0,0,0.13459978961777777,0.5595782506389726,0.007613486685035714,-0.020166652211520385,0.55927329596888886
515,outward,7998606,58918,25593,53324,0.00023514150119474664,0.001142023002755357,0.013089969389957471,0,0,1.5697586776435382,0,0,1.5697491024666665,-0.028311217840653623,0,0,-0.028291786692222223,-0.77082919841452846,0,0,-0.77078974441000003,0.50528320471655586,0,0,0.50527280983333334,0.13460442399833941,0,0,0.13459978961777777,0.55963851517682317,0.0074528956706636281,-0.019980733097652532,0.55934310913777785
516,outward,8002502,61420,25731,54917,0.00022559287015644358,0.0011179343505995441,0.013089969389957471,0,0,1.5697586776435382,0,0,1.5697491024666665,-0.028311217840653623,0,0,-0.028291786692222223,-0.77082919841452846,0,0,-0.77078974441000003,0.50528320471655586,0,0,0.50527280983333334,0.13460442399833941,0,0,0.13459978961777777,0.55969750095943549,0.007293800795395179,-0.019792624038070271,0.55941292230666673
517,outward,7996523,57943,31463,60167,0.00021476548387988625,0.0010940701193092768,0.013089969389957471,0,0,1.5697586776435382,0,0,1.5697491024666665,-0.028311217840653623,0,0,-0.028291786692222223,-0.77082919841452846,0,0,-0.77078974441000003,0.50528320471655586,0,0,0.50527280983333334,0.13460442399833941,0,0,0.13459978961777777,0.55975522002557621,0.0071362194193345966,-0.019602365023291268,0.5594827354755556
518,outward,7999744,57687,24278,48056,0.00020267138113172489,0.0010704329129001895,0.013089969389957471,0,0,1.5697586776435382,0,0,1.5697491024666665,-0.028311217840653623,0,0,-0.028291786692222223,-0.77082919841452846,0,0,-0.77078974441000003,0.50528320471655586,0,0,0.50527280983333334,0.13460442399833941,0,0,0.13459978961777777,0.55981168455160457,0.0069801685796599278,-0.019409996794646864,0.55955254864444448
519,outward,7998661,56348,24880,48298,0.00020677603049334969,0.0010470252869489891,0.013089969389957471,0,0,1.5697586776435382,0,0,1.5697491024666665,-0.028311217840653623,0,0,-0.028291786692222223,-0.77082919841452846,0,0,-0.77078974441000003,0.50528320471655586,0,0,0.50527280983333334,0.13460442399833941,0,0,0.13459978961777777,0.55986690684886586,0.0068256649846026671,-0.019215560847972331,0.55960490852111122
520,outward,8003781,60129,24713,48546,0.00020963845108801227,0.0010238497476904001,0.013089969389957471,0,0,1.5697586776435382,0,0,1.5697491024666665,-0.028311217840653623,0,0,-0.028291786692222223,-0.77082919841452846,0,0,-0.77078974441000003,0.50528320471655586,0,0,0.50527280983333334,0.13460442399833941,0,0,0.13459978961777777,0.55992089936103606,0.0066727250073974152,-0.019019099437293862,0.55965726839777785
521,outward,7995384,55513,13556,30472,0.00019381779436933311,0.0010009087511096122,0.013089969389957471,0,0,1.5697586776435382,0,0,1.5697491024666665,-0.028311217840653623,0,0,-0.028291786692222223,-0.77082919841452846,0,0,-0.77078974441000003,0.50528320471655586,0,0,0.50527280983333334,0.13460442399833941,0,0,0.13459978961777777,0.55997367466141579,0.0065213646802021481,-0.018820655578522059,0.55972708156666673
522,outward,8000753,56266,9778,23926,0.0001942332180824291,0.00097820470203032221,0.013089969389957471,0,0,1.5697586776435382,0,0,1.5697491024666665,-0.028311217840653623,0,0,-0.028291786692222223,-0.77082919841452846,0,0,-0.77078974441000003,0.50528320471655586,0,0,0.50527280983333334,0.13460442399833941,0,0,0.13459978961777777,0.56002524545017729,0.0063715996879874556,-0.0186202730531374,0.55977944144333336
523,outward,8001568,57834,11898,28907,0.00017599083795516446,0.00095573995319811825,0.013089969389957471,0,0,1.5697586776435382,0,0,1.5697491024666665,-0.028311217840653623,0,0,-0.028291786692222223,-0.77082919841452846,0,0,-0.77078974441000003,0.50528320471655586,0,0,0.50527280983333334,0.13460442399833941,0,0,0.13459978961777777,0.56007562455156601,0.0062234453623960968,-0.018417996411883318,0.55984925461222212
524,outward,7999059,56893,11037,25287,0.00017401006267714347,0.00093351680435941448,0.013089969389957471,0,0,1.5697586776435382,0,0,1.5697491024666665,-0.028311217840653623,0,0,-0.028291786692222223,-0.77082919841452846,0,0,-0.77078974441000003,0.50528320471655586,0,0,0.50527280983333334,0.13460442399833941,0,0,0.13459978961777777,0.56012482491104476,0.0060769166755786615,-0.018213870978453232,0.55990161448888887
525,outward,7998392,55285,12629,27361,0.00017085054548915402,0.00091153750133679914,0.013089969389957471,0,0,1.5697586776435382,0,0,1.5697491024666665,-0.028311217840653623,0,0,-0.028291786692222223,-0.77082919841452846,0,0,-0.77078974441000003,0.50528320471655586,0,0,0.50527280983333334,0.13460442399833941,0,0,0.13459978961777777,0.56017285959239604,0.0059320282339887275,-0.018007942853179824,0.55995397436555561
526,outward,7999227,54512,11861,27241,0.00016652535017380732,0.0008898042350983091,0.013089969389957471,0,0,1.5697586776435382,0,0,1.5697491024666665,-0.028311217840653623,0,0,-0.028291786692222223,-0.77082919841452846,0,0,-0.77078974441000003,0.50528320471655586,0,0,0.50527280983333334,0.13460442399833941,0,0,0.13459978961777777,0.56021974177476808,0.005788794272160518,-0.017800258916728273,0.56000633424222224
527,outward,8001789,56301,11111,24796,0.00014359436365685152,0.00086831914082407765,0.013089969389957471,0,0,1.5697586776435382,0,0,1.5697491024666665,-0.028311217840653623,0,0,-0.028291786692222223,-0.77082919841452846,0,0,-0.77078974441000003,0.50528320471655586,0,0,0.50527280983333334,0.13460442399833941,0,0,0.13459978961777777,0.56026548474968019,0.0056472286464483391,-0.017590866833780024,0.56007614741111122
528,outward,7999643,55944,13250,26981,0.00015443075412469032,0.00084708429696725082,0.013089969389957471,0,0,1.5697586776435382,0,0,1.5697491024666665,-0.028311217840653623,0,0,-0.028291786692222223,-0.77082919841452846,0,0,-0.77078974441000003,0.50528320471655586,0,0,0.50527280983333334,0.13460442399833941,0,0,0.13459978961777777,0.56031010191796771,0.0055073448287416239,-0.017379815056726939,0.5601110539955555
529,outward,8000059,56003,9398,23046,0.00012923475352333291,0.00082610172431124356,0.013089969389957471,0,0,1.5697586776435382,0,0,1.5697491024666665,-0.028311217840653623,0,0,-0.028291786692222223,-0.77082919841452846,0,0,-0.77078974441000003,0.50528320471655586,0,0,0.50527280983333334,0.13460442399833941,0,0,0.13459978961777777,0.56035360678668011,0.0053691559001459799,-0.017167152829358427,0.56018086716444437
530,outward,7999513,55516,16852,31889,0.00012037974556899922,0.00080537338502189692,0.013089969389957471,0,0,1.5697586776435382,0,0,1.5697491024666665,-0.028311217840653623,0,0,-0.028291786692222223,-0.77082919841452846,0,0,-0.77078974441000003,0.50528320471655586,0,0,0.50527280983333334,0.13460442399833941,0,0,0.13459978961777777,0.56039601296593422,0.0052326745446398372,-0.016952930190553626,0.56023322704111111
531,outward,8001105,56621,10593,27768,0.00012787934037861159,0.00078490118169597561,0.013089969389957471,0,0,1.5697586776435382,0,0,1.5697491024666665,-0.028311217840653623,0,0,-0.028291786692222223,-0.77082919841452846,0,0,-0.77078974441000003,0.50528320471655586,0,0,0.50527280983333334,0.13460442399833941,0,0,0.13459978961777777,0.56043733416570718,0.0050979130426986293,-0.016737197977965506,0.56026813362555561
532,outward,7998864,55485,9611,25324,0.0001168406634849406,0.00076468695640479433,0.013089969389957471,0,0,1.5697586776435382,0,0,1.5697491024666665,-0.028311217840653623,0,0,-0.028291786692222223,-0.77082919841452846,0,0,-0.77078974441000003,0.50528320471655586,0,0,0.50527280983333334,0.13460442399833941,0,0,0.13459978961777777,0.56047758419258531,0.0049648832648872872,-0.016520007831716962,0.56032049350222224
533,outward,8001523,57008,14213,29713,0.00010473081369644088,0.00074473248973309307,0.013089969389957471,0,0,1.5697586776435382,0,0,1.5697491024666665,-0.028311217840653623,0,0,-0.028291786692222223,-0.77082919841452846,0,0,-0.77078974441000003,0.50528320471655586,0,0,0.50527280983333334,0.13460442399833941,0,0,0.13459978961777777,0.56051677694645852,0.0048335966654292403,-0.016301412198086115,0.56037285337888887
534,outward,7998614,55622,12472,28889,9.1563690902907169e-05,0.00072503949981438597,0.013089969389957471,0,0,1.5697586776435382,0,0,1.5697491024666665,-0.028311217840653623,0,0,-0.028291786692222223,-0.77082919841452846,0,0,-0.77078974441000003,0.50528320471655586,0,0,0.50527280983333334,0.13460442399833941,0,0,0.13459978961777777,0.56055492641716265,0.0047040642757396117,-0.016081464333195628,0.56042521325555561
535,outward,8001281,56903,17009,35935,9.4806577162542816e-05,0.00070560964136094173,0.013089969389957471,0,0,1.5697586776435382,0,0,1.5697491024666665,-0.028311217840653623,0,0,-0.028291786692222223,-0.77082919841452846,0,0,-0.77078974441000003,0.50528320471655586,0,0,0.50527280983333334,0.13460442399833941,0,0,0.13459978961777777,0.56059204668107365,0.0045762966979348823,-0.01586021830670559,0.5604601198400001
536,outward,8000531,57434,10389,24898,7.9566964406918572e-05,0.00068644450469023234,0.013089969389957471,0,0,1.5697586776435382,0,0,1.5697491024666665,-0.028311217840653623,0,0,-0.028291786692222223,-0.77082919841452846,0,0,-0.77078974441000003,0.50528320471655586,0,0,0.50527280983333334,0.13460442399833941,0,0,0.13459978961777777,0.56062815189764414,0.0044503040983050893,-0.015637729005499479,0.56051247971666673
537,outward,7998604,56038,12981,30769,6.3312304310780831e-05,0.00066754561474576337,0.013089969389957471,0,0,1.5697586776435382,0,0,1.5697491024666665,-0.028311217840653623,0,0,-0.028291786692222223,-0.77082919841452846,0,0,-0.77078974441000003,0.50528320471655586,0,0,0.50527280983333334,0.13460442399833941,0,0,0.13459978961777777,0.56066325630589198,0.004326096200765398,-0.015414052137376493,0.56056483959333336
538,outward,7999411,55449,10611,25972,4.6056835891983283e-05,0.00064891443011480966,0.013089969389957471,0,0,1.5697586776435382,0,0,1.5697491024666665,-0.028311217840653623,0,0,-0.028291786692222223,-0.77082919841452846,0,0,-0.77078974441000003,0.50528320471655586,0,0,0.50527280983333334,0.13460442399833941,0,0,0.13459978961777777,0.56069737422083599,0.0042036822802724886,-0.015189244234736814,0.56061719946999999
539,outward,8000485,55934,12213,28787,6.2721458613745895e-05,0.00063055234204087332,0.013089969389957471,0,0,1.5697586776435382,0,0,1.5697491024666665,-0.028311217840653623,0,0,-0.028291786692222223,-0.77082919841452846,0,0,-0.77078974441000003,0.50528320471655586,0,0,0.50527280983333334,0.13460442399833941,0,0,0.13459978961777777,0.56073052002987467,0.0040830711562134057,-0.014963362658277586,0.56063465276222224
540,outward,8001105,57039,13158,27787,4.3507390985797478e-05,0.00061246067343201079,0.013089969389957471,0,0,1.5697586776435382,0,0,1.5697491024666665,-0.028311217840653623,0,0,-0.028291786692222223,-0.77082919841452846,0,0,-0.77078974441000003,0.50528320471655586,0,0,0.50527280983333334,0.13460442399833941,0,0,0.13459978961777777,0.56076270818912,0.0039642711857641021,-0.014736465600675071,0.56068701263888887
541,outward,7998281,55320,13639,28741,4.0788965786520137e-05,0.00059464067786461525,0.013089969389957471,0,0,1.5697586776435382,0,0,1.5697491024666665,-0.028311217840653623,0,0,-0.028291786692222223,-0.77082919841452846,0,0,-0.77078974441000003,0.50528320471655586,0,0,0.50527280983333334,0.13460442399833941,0,0,0.13459978961777777,0.56079395321966785,0.0038472902572180847,-0.014508612090281807,0.56072191922333348
542,outward,8000160,55480,9500,23491,3.7127411890103268e-05,0.0005770935385827127,0.013089969389957471,0,0,1.5697586776435382,0,0,1.5697491024666665,-0.028311217840653623,0,0,-0.028291786692222223,-0.77082919841452846,0,0,-0.77078974441000003,0.50528320471655586,0,0,0.50527280983333334,0.13460442399833941,0,0,0.13459978961777777,0.56082426970382382,0.0037321357832877573,-0.014279861994808565,0.56075682580777775
543,outward,8001253,56733,15389,33519,3.2537311601577024e-05,0.00055982036749316355,0.013089969389957471,0,0,1.5697586776435382,0,0,1.5697491024666665,-0.028311217840653623,0,0,-0.028291786692222223,-0.77082919841452846,0,0,-0.77078974441000003,0.50528320471655586,0,0,0.50527280983333334,0.13460442399833941,0,0,0.13459978961777777,0.56085367228127114,0.0036188146943747592,-0.014050276025019879,0.56079173239222224
544,outward,7999004,55737,11954,28797,4.4486596826653901e-05,0.00054282220415621384,0.013089969389957471,0,0,1.5697586776435382,0,0,1.5697491024666665,-0.028311217840653623,0,0,-0.028291786692222223,-0.77082919841452846,0,0,-0.77078974441000003,0.50528320471655586,0,0,0.50527280983333334,0.13460442399833941,0,0,0.13459978961777777,0.56088217564518206,0.0035073334318085209,-0.013819915738419555,0.56080918568444449
545,outward,8001567,57304,13879,31233,3.8083376293185367e-05,0.00052610001477127811,0.013089969389957471,0,0,1.5697586776435382,0,0,1.5697491024666665,-0.028311217840653623,0,0,-0.028291786692222223,-0.77082919841452846,0,0,-0.77078974441000003,0.50528320471655586,0,0,0.50527280983333334,0.13460442399833941,0,0,0.13459978961777777,0.56090979453828271,0.0033976979410595036,-0.013588843542941835,0.56084409226888887
546,outward,8005439,62743,11741,31963,3.0795684949347368e-05,0.00050965469115892557,0.013089969389957471,0,0,1.5697586776435382,0,0,1.5697665557588889,-0.028311217840653623,0,0,-0.028291786692222223,-0.77082919841452846,0,0,-0.77078974441000003,0.50528320471655586,0,0,0.50527280983333334,0.13460442399833941,0,0,0.13459978961777777,0.56093654374885649,0.0032899136649223648,-0.013357122700642847,0.56087899885333337
547,outward,7994587,57330,11306,29833,2.2638311078737594e-05,0.00049348704973835474,0.013089969389957471,0,0,1.5697586776435382,0,0,1.5697491024666665,-0.028311217840653623,0,0,-0.028291786692222223,-0.77082919841452846,0,0,-0.77078974441000003,0.50528320471655586,0,0,0.50527280983333334,0.13460442399833941,0,0,0.13459978961777777,0.56096243810669466,0.0031839855366642329,-0.013124817331384415,0.56091390543777775
548,outward,7998178,55508,11361,29333,4.8532668916911881e-05,0.0004775978304996349,0.013089969389957471,0,0,1.5697586776435382,0,0,1.5697491024666665,-0.028311217840653623,0,0,-0.028291786692222223,-0.77082919841452846,0,0,-0.77078974441000003,0.50528320471655586,0,0,0.50527280983333334,0.13460442399833941,0,0,0.13459978961777777,0.56098749247899526,0.0030799179731520361,-0.012891992416531968,0.56091390543777775
549,outward,7999189,54697,9815,25352,3.8680456773021454e-05,0.00046198769597280539,0.013089969389957471,0,0,1.5697586776435382,0,0,1.5697491024666665,-0.028311217840653623,0,0,-0.028291786692222223,-0.77082919841452846,0,0,-0.77078974441000003,0.50528320471655586,0,0,0.50527280983333334,0.13460442399833941,0,0,0.13459978961777777,0.56101172176620095,0.0029777148679410634,-0.012658713802633637,0.56094881202222224
550,outward,8000956,55653,11315,27926,2.8003159534217836e-05,0.00044665723019115947,0.013089969389957471,0,0,1.5697586776435382,0,0,1.5697491024666665,-0.028311217840653623,0,0,-0.028291786692222223,-0.77082919841452846,0,0,-0.77078974441000003,0.50528320471655586,0,0,0.50527280983333334,0.13460442399833941,0,0,0.13459978961777777,0.56103514089778739,0.0028773795843436297,-0.012425048205121065,0.56098371860666674
551,outward,8030856,86509,16195,33879,3.3968998898403768e-05,0.00043160693765154442,0.013089969389957471,0,0,1.5697586776435382,0,0,1.5697491024666665,-0.028311217840653623,0,0,-0.028291786692222223,-0.77082919841452846,0,0,-0.77078974441000003,0.50528320471655586,0,0,0.50527280983333334,0.13460442399833941,0,0,0.13459978961777777,0.56105776482799286,0.0027789149484591662,-0.01219106321198847,0.56100117189888898
552,outward,7972975,59484,17722,39047,3.9139636881735385e-05,0.00041683724226887492,0.013089969389957471,0,0,1.5697586776435382,0,0,1.5697491024666665,-0.028311217840653623,0,0,-0.028291786692222223,-0.77082919841452846,0,0,-0.77078974441000003,0.50528320471655586,0,0,0.50527280983333334,0.13460442399833941,0,0,0.13459978961777777,0.56107960853149141,0.0026823232421801903,-0.011956827287488522,0.56101862519111112
553,outward,7997671,57155,18991,39519,4.3530048158046952e-05,0.00040234848632702852,0.013089969389957471,0,0,1.5697586776435382,0,0,1.5697491024666665,-0.028311217840653623,0,0,-0.028291786692222223,-0.77082919841452846,0,0,-0.77078974441000003,0.50528320471655586,0,0,0.50527280983333334,0.13460442399833941,0,0,0.13459978961777777,0.56110068699901139,0.0025876061961705734,-0.011722409775823495,0.56103607848333337
554,outward,8000048,57203,15602,31630,4.7155223455774831e-05,0.00038814092942558601,0.013089969389957471,0,0,1.5697586776435382,0,0,1.5697491024666665,-0.028311217840653623,0,0,-0.028291786692222223,-0.77082919841452846,0,0,-0.77078974441000003,0.50528320471655586,0,0,0.50527280983333334,0.13460442399833941,0,0,0.13459978961777777,0.56112101523290003,0.0024947649828045032,-0.011487880904825911,0.56105353177555561
555,outward,7999643,56846,27268,81278,5.0030165122283421e-05,0.00037421474742067547,0.013089969389957471,0,0,1.5697586776435382,0,0,1.5697491024666665,-0.028311217840653623,0,0,-0.028291786692222223,-0.77082919841452846,0,0,-0.77078974441000003,0.50528320471655586,0,0,0.50527280983333334,0.13460442399833941,0,0,0.13459978961777777,0.5611406082426259,0.0024038002090898485,-0.011253311789658202,0.56107098506777775
556,outward,8000104,56950,24685,51047,5.2169882625907604e-05,0.00036057003136347724,0.013089969389957471,0,0,1.5697586776435382,0,0,1.5697491024666665,-0.028311217840653623,0,0,-0.028291786692222223,-0.77082919841452846,0,0,-0.77078974441000003,0.50528320471655586,0,0,0.50527280983333334,0.13460442399833941,0,0,0.13459978961777777,0.5611594810402285,0.0023147119095503687,-0.011018774436494416,0.56108843836
557,outward,8000319,57269,25176,51426,5.3589388006258787e-05,0.00034720678643255528,0.013089969389957471,0,0,1.5697586776435382,0,0,1.5697665557588889,-0.028311217840653623,0,0,-0.028291786692222223,-0.77082919841452846,0,0,-0.77078974441000003,0.50528320471655586,0,0,0.50527280983333334,0.13460442399833941,0,0,0.13459978961777777,0.56117764863570874,0.0022274995390843891,-0.010784341746215549,0.56110589165222224
558,outward,7999761,57030,21529,48954,5.4303691264356857e-05,0.00033412493086265837,0.013089969389957471,0,0,1.5697586776435382,0,0,1.5697491024666665,-0.028311217840653623,0,0,-0.028291786692222223,-0.77082919841452846,0,0,-0.77078974441000003,0.50528320471655586,0,0,0.50527280983333334,0.13460442399833941,0,0,0.13459978961777777,0.56119512603236588,0.0021421619657919738,-0.010550087518095224,0.56112334494444438
559,outward,8005282,62312,27481,80018,3.6874503477002385e-05,0.00032132429486879605,0.013089969389957471,0,0,1.5697586776435382,0,0,1.5697491024666665,-0.028311217840653623,0,0,-0.028291786692222223,-0.77082919841452846,0,0,-0.77078974441000003,0.50528320471655586,0,0,0.50527280983333334,0.13460442399833941,0,0,0.13459978961777777,0.56121192822207111,0.0020586974637731461,-0.010316086453489909,0.56115825152888887
560,outward,7998633,60945,30213,57889,3.6223400959989327e-05,0.00030880461956597191,0.013089969389957471,0,0,1.5697586776435382,0,0,1.5697491024666665,-0.028311217840653623,0,0,-0.028291786692222223,-0.77082919841452846,0,0,-0.77078974441000003,0.50528320471655586,0,0,0.50527280983333334,0.13460442399833941,0,0,0.13459978961777777,0.56122807018049103,0.0019771037058951566,-0.010082414159528876,0.56117570482111112
561,outward,7998558,59503,23463,48130,3.4912067157666371e-05,0.0002965655558842735,0.013089969389957471,0,0,1.5697586776435382,0,0,1.5697491024666665,-0.028311217840653623,0,0,-0.028291786692222223,-0.77082919841452846,0,0,-0.77078974441000003,0.50528320471655586,0,0,0.50527280983333334,0.13460442399833941,0,0,0.13459978961777777,0.5612435668622433,0.0018973777565355694,-0.0098491471528063396,0.56119315811333337
562,outward,7999577,59080,21176,47259,3.2955456687688844e-05,0.00028460666348033542,0.013089969389957471,0,0,1.5697586776435382,0,0,1.5697491024666665,-0.028311217840653623,0,0,-0.028291786692222223,-0.77082919841452846,0,0,-0.77078974441000003,0.50528320471655586,0,0,0.50527280983333334,0.13460442399833941,0,0,0.13459978961777777,0.56125843319600355,0.001819516064286689,-0.0096163628630654401,0.56121061140555561
563,outward,7999559,58639,24278,53343,3.0368498225796792e-05,0.00027292740964300334,0.013089969389957471,0,0,1.5697586776435382,0,0,1.5697491024666665,-0.028311217840653623,0,0,-0.028291786692222223,-0.77082919841452846,0,0,-0.77078974441000003,0.50528320471655586,0,0,0.50527280983333334,0.13460442399833941,0,0,0.13459978961777777,0.56127268407954878,0.0017435144546389871,-0.0093841396368909927,0.56122806469777775
564,outward,8002466,61105,23425,48796,4.46193817710272e-05,0.00026152716819584804,0.013089969389957471,0,0,1.5697586776435382,0,0,1.5697491024666665,-0.028311217840653623,0,0,-0.028291786692222223,-0.77082919841452846,0,0,-0.77078974441000003,0.50528320471655586,0,0,0.50527280983333334,0.13460442399833941,0,0,0.13459978961777777,0.56128633437474151,0.0016693681226303818,-0.0091525567414002147,0.56122806469777775
565,outward,7996856,57961,21574,49009,4.0816384741626521e-05,0.00025040521839455725,0.013089969389957471,0,0,1.5697586776435382,0,0,1.5697491024666665,-0.028311217840653623,0,0,-0.028291786692222223,-0.77082919841452846,0,0,-0.77078974441000003,0.50528320471655586,0,0,0.50527280983333334,0.13460442399833941,0,0,0.13459978961777777,0.56129939890246106,0.0015970716254665284,-0.0089216943679296286,0.56124551798999989
566,outward,8000337,58298,23685,51907,3.6427620238810299e-05,0.00023956074381997926,0.013089969389957471,0,0,1.5697586776435382,0,0,1.5697491024666665,-0.028311217840653623,0,0,-0.028291786692222223,-0.77082919841452846,0,0,-0.77078974441000003,0.50528320471655586,0,0,0.50527280983333334,0.13460442399833941,0,0,0.13459978961777777,0.56131189243746538,0.0015266188751164923,-0.0086916336357262085,0.56126297128222224
567,outward,8008262,66560,22380,47102,4.8921155243131231e-05,0.00022899283126747382,0.013089969389957471,0,0,1.5697586776435382,0,0,1.5697491024666665,-0.028311217840653623,0,0,-0.028291786692222223,-0.77082919841452846,0,0,-0.77078974441000003,0.50528320471655586,0,0,0.50527280983333334,0.13460442399833941,0,0,0.13459978961777777,0.56132382970320394,0.001458003130866328,-0.0084624565956367449,0.56126297128222224
568,outward,7992430,58990,25398,57805,4.3405128759443912e-05,0.00021870046962994919,0.013089969389957471,0,0,1.5697586776435382,0,0,1.5697491024666665,-0.028311217840653623,0,0,-0.028291786692222223,-0.77082919841452846,0,0,-0.77078974441000003,0.50528320471655586,0,0,0.50527280983333334,0.13460442399833941,0,0,0.13459978961777777,0.56133522536656544,0.0013912169918608229,-0.0082342462337942762,0.56128042457444449
569,outward,8008540,67530,28972,60519,3.7347499898809922e-05,0.00020868254877912343,0.013089969389957471,0,0,1.5697586776435382,0,0,1.5697491024666665,-0.028311217840653623,0,0,-0.028291786692222223,-0.77082919841452846,0,0,-0.77078974441000003,0.50528320471655586,0,0,0.50527280983333334,0.13460442399833941,0,0,0.13459978961777777,0.56134609403256497,0.0013262523896007288,-0.0080070864753133825,0.56129787786666663
570,outward,7991402,58932,34666,59759,4.8216165898340435e-05,0.00019893785844010933,0.013089969389957471,0,0,1.5697586776435382,0,0,1.5697491024666665,-0.028311217840653623,0,0,-0.028291786692222223,-0.77082919841452846,0,0,-0.77078974441000003,0.50528320471655586,0,0,0.50527280983333334,0.13460442399833941,0,0,0.13459978961777777,0.56135645023897507,0.0012631005804170095,-0.007781062187974975,0.56129787786666663
571,outward,7997235,56167,15037,30769,4.1119080086082782e-05,0.00018946508706255141,0.013089969389957471,0,0,1.5697586776435382,0,0,1.5697491024666665,-0.028311217840653623,0,0,-0.028291786692222223,-0.77082919841452846,0,0,-0.77078974441000003,0.50528320471655586,0,0,0.50527280983333334,0.13460442399833941,0,0,0.13459978961777777,0.56136630845089142,0.0012017521379166687,-0.0075562591859161931,0.56131533115888899
572,outward,7999012,55179,13259,29815,3.3523999780293856e-05,0.00018026282068750029,0.013089969389957471,0,0,1.5697586776435382,0,0,1.5697491024666665,-0.028311217840653623,0,0,-0.028291786692222223,-0.77082919841452846,0,0,-0.77078974441000003,0.50528320471655586,0,0,0.50527280983333334,0.13460442399833941,0,0,0.13459978961777777,0.56137568305524321,0.0011421969453957149,-0.0073327642333262388,0.56133278445111112
573,outward,7999986,55165,14334,30639,2.5445311909844115e-05,0.00017132954180935724,0.013089969389957471,0,0,1.5697586776435382,0,0,1.5697491024666665,-0.028311217840653623,0,0,-0.028291786692222223,-0.77082919841452846,0,0,-0.77078974441000003,0.50528320471655586,0,0,0.50527280983333334,0.13460442399833941,0,0,0.13459978961777777,0.56138458835524119,0.0010844241882218327,-0.007110665048123261,0.56135023774333337
574,outward,8001225,56390,12250,31287,3.4350611907818518e-05,0.0001626636282332749,0.013089969389957471,0,0,1.5697586776435382,0,0,1.5697665557588889,-0.028311217840653623,0,0,-0.028291786692222223,-0.77082919841452846,0,0,-0.77078974441000003,0.50528320471655586,0,0,0.50527280983333334,0.13460442399833941,0,0,0.13459978961777777,0.56139303856475908,0.00102842234619634,-0.006890050305656148,0.56135023774333337
575,outward,7999355,55745,13463,26324,4.280082142571473e-05,0.00015426335192945099,0.013089969389957471,0,0,1.5697586776435382,0,0,1.5697491024666665,-0.028311217840653623,0,0,-0.028291786692222223,-0.77082919841452846,0,0,-0.77078974441000003,0.50528320471655586,0,0,0.50527280983333334,0.13460442399833941,0,0,0.13459978961777777,0.56140104780266242,0.00097417918587314883,-0.0066710096423895516,0.56135023774333337
576,outward,8001827,57572,16028,37584,3.3356767106917928e-05,0.00014612687788097232,0.013089969389957471,0,0,1.5697586776435382,0,0,1.5697491024666665,-0.028311217840653623,0,0,-0.028291786692222223,-0.77082919841452846,0,0,-0.77078974441000003,0.50528320471655586,0,0,0.50527280983333334,0.13460442399833941,0,0,0.13459978961777777,0.5614086300870702,0.00092168175285611083,-0.0064536336595900634,0.5613676910355555
577,outward,7998189,55761,13981,33139,2.3485759292452002e-05,0.00013825226292841662,0.013089969389957471,0,0,1.5697586776435382,0,0,1.5697491024666665,-0.028311217840653623,0,0,-0.028291786692222223,-0.77082919841452846,0,0,-0.77078974441000003,0.50528320471655586,0,0,0.50527280983333334,0.13460442399833941,0,0,0.13459978961777777,0.56141579932955821,0.00087091636407227895,-0.0062380139270200594,0.56138514432777775
578,outward,8000106,55867,11167,26694,3.0655001780455216e-05,0.00013063745461084183,0.013089969389957471,0,0,1.5697586776435382,0,0,1.5697491024666665,-0.028311217840653623,0,0,-0.028291786692222223,-0.77082919841452846,0,0,-0.77078974441000003,0.50528320471655586,0,0,0.50527280983333334,0.13460442399833941,0,0,0.13459978961777777,0.56142256932929413,0.00082186859999880662,-0.0060242429866264628,0.56138514432777775
579,outward,7998725,54592,10343,25130,1.9971709294130946e-05,0.00012328028999982098,0.013089969389957471,0,0,1.5697586776435382,0,0,1.5697491024666665,-0.028311217840653623,0,0,-0.028291786692222223,-0.77082919841452846,0,0,-0.77078974441000003,0.50528320471655586,0,0,0.50527280983333334,0.13460442399833941,0,0,0.13459978961777777,0.56142895376712043,0.00077452329687891495,-0.0058124143562291166,0.56140259762
580,outward,8000856,55448,9740,23537,8.9028548981850975e-06,0.00011617849453183723,0.013089969389957471,0,0,1.5697586776435382,0,0,1.5697491024666665,-0.028311217840653623,0,0,-0.028291786692222223,-0.77082919841452846,0,0,-0.77078974441000003,0.50528320471655586,0,0,0.50527280983333334,0.13460442399833941,0,0,0.13459978961777777,0.56143496619956568,0.00072886453889968992,-0.005602622533209433,0.56142005091222225
581,outward,7998513,53961,14741,33139,1.4915287343431061e-05,0.00010932968083495349,0.013089969389957471,0,0,1.5697586776435382,0,0,1.5697491024666665,-0.028311217840653623,0,0,-0.028291786692222223,-0.77082919841452846,0,0,-0.77078974441000003,0.50528320471655586,0,0,0.50527280983333334,0.13460442399833941,0,0,0.13459978961777777,0.56144062005279616,0.00068487565033463515,-0.0053949629982054425,0.56142005091222225
582,outward,8000716,54677,15861,37695,5.5475725018405697e-05,0.00010273134755019526,0.013089969389957471,0,0,1.5697586776435382,0,0,1.5697491024666665,-0.028311217840653623,0,0,-0.028291786692222223,-0.77082919841452846,0,0,-0.77078974441000003,0.50528320471655586,0,0,0.50527280983333334,0.13460442399833941,0,0,0.13459978961777777,0.56144592861650866,0.00064253918766778552,-0.0051895322187921833,0.56138514432777775
583,outward,8002532,57209,19547,36528,9.5690873175291458e-05,9.6380878150167826e-05,0.013089969389957471,0,0,1.5697586776435382,0,0,1.5697491024666665,-0.028311217840653623,0,0,-0.028291786692222223,-0.77082919841452846,0,0,-0.77078974441000003,0.50528320471655586,0,0,0.50527280983333334,0.13460442399833941,0,0,0.13459978961777777,0.56145090503775363,0.00060183693168539215,-0.0049864276531765075,0.56135023774333337
584,outward,7997707,54916,10769,26037,0.00010066729442026467,9.0275539752808826e-05,0.013089969389957471,0,0,1.5697586776435382,0,0,1.5697491024666665,-0.028311217840653623,0,0,-0.028291786692222223,-0.77082919841452846,0,0,-0.77078974441000003,0.50528320471655586,0,0,0.50527280983333334,0.13460442399833941,0,0,0.13459978961777777,0.5614555623146964,0.0005627498795292864,-0.0047857477538907449,0.56135023774333337
585,outward,8000429,55345,12342,32120,0.00010532457136303019,8.4412481929392963e-05,0.013089969389957471,0,0,1.5697586776435382,0,0,1.5697491024666665,-0.028311217840653623,0,0,-0.028291786692222223,-0.77082919841452846,0,0,-0.77078974441000003,0.50528320471655586,0,0,0.50527280983333334,0.13460442399833941,0,0,0.13459978961777777,0.56145991329032174,0.00052525823673414598,-0.0045875919714745417,0.56135023774333337
586,outward,7999189,54534,13629,27694,0.00012712883921062179,7.8788735510121888e-05,0.013089969389957471,0,0,1.5697586776435382,0,0,1.5697491024666665,-0.028311217840653623,0,0,-0.028291786692222223,-0.77082919841452846,0,0,-0.77078974441000003,0.50528320471655586,0,0,0.50527280983333334,0.13460442399833941,0,0,0.13459978961777777,0.56146397064606346,0.00048934140922423221,-0.0043920607581658137,0.56133278445111112
587,outward,8002299,56833,16778,33750,0.00013118619495233741,7.3401211383634823e-05,0.013089969389957471,0,0,1.5697586776435382,0,0,1.5697491024666665,-0.028311217840653623,0,0,-0.028291786692222223,-0.77082919841452846,0,0,-0.77078974441000003,0.50528320471655586,0,0,0.50527280983333334,0.13460442399833941,0,0,0.13459978961777777,0.56146774689537848,0.00045497799528820707,-0.0041992555715938311,0.56133278445111112
588,outward,8001254,58087,12490,26194,0.00013496244426736137,6.8246699293231052e-05,0.013089969389957471,0,0,1.5697586776435382,0,0,1.5697491024666665,-0.028311217840653623,0,0,-0.028291786692222223,-0.77082919841452846,0,0,-0.77078974441000003,0.50528320471655586,0,0,0.50527280983333334,0.13460442399833941,0,0,0.13459978961777777,0.56147125437725043,0.00042214577751943682,-0.0040092788784686128,0.56133278445111112
589,outward,7998254,56341,11963,31028,0.00013846992613930631,6.332186662791552e-05,0.013089969389957471,0,0,1.5697586776435382,0,0,1.5697491024666665,-0.028311217840653623,0,0,-0.028291786692222223,-0.77082919841452846,0,0,-0.77078974441000003,0.50528320471655586,0,0,0.50527280983333334,0.13460442399833941,0,0,0.13459978961777777,0.56147450524963927,0.00039082171472822953,-0.0038222341582654952,0.56133278445111112
590,outward,8000206,56547,11055,25361,0.00014172079852814434,5.8623257209234425e-05,0.013089969389957471,0,0,1.5697586776435382,0,0,1.5697491024666665,-0.028311217840653623,0,0,-0.028291786692222223,-0.77082919841452846,0,0,-0.77078974441000003,0.50528320471655586,0,0,0.50527280983333334,0.13460442399833941,0,0,0.13459978961777777,0.56147751148284653,0.00036098193382748714,-0.0036382259069193891,0.56133278445111112
591,outward,7999689,56236,14500,34481,0.00014472703173540324,5.4147290074123069e-05,0.013089969389957471,0,0,1.5697586776435382,0,0,1.5697491024666665,-0.028311217840653623,0,0,-0.028291786692222223,-0.77082919841452846,0,0,-0.77078974441000003,0.50528320471655586,0,0,0.50527280983333334,0.13460442399833941,0,0,0.13459978961777777,0.5614802848528393,0.00033260172168211486,-0.0034573596405110011,0.56133278445111112
592,outward,7999651,55887,9314,22204,0.00014750040172817336,4.9890258252317228e-05,0.013089969389957471,0,0,1.5697586776435382,0,0,1.5697491024666665,-0.028311217840653623,0,0,-0.028291786692222223,-0.77082919841452846,0,0,-0.77078974441000003,0.50528320471655586,0,0,0.50527280983333334,0.13460442399833941,0,0,0.13459978961777777,0.5614828369344893,0.00030565551693804581,-0.0032797418989604253,0.56133278445111112
593,outward,7998393,54280,8351,22880,0.00015005248337818244,4.584832754070687e-05,0.013089969389957471,0,0,1.5697586776435382,0,0,1.5697491024666665,-0.028311217840653623,0,0,-0.028291786692222223,-0.77082919841452846,0,0,-0.77078974441000003,0.50528320471655586,0,0,0.50527280983333334,0.13460442399833941,0,0,0.13459978961777777,0.5614851790947597,0.00028011690181176791,-0.0031054802497133948,0.56133278445111112
594,outward,8034383,88663,14038,28945,0.00015239464364857902,4.2017535271765186e-05,0.013089969389957471,0,0,1.5697586776435382,0,0,1.5697491024666665,-0.028311217840653623,0,0,-0.028291786692222223,-0.77082919841452846,0,0,-0.77078974441000003,0.50528320471655586,0,0,0.50527280983333334,0.13460442399833941,0,0,0.13459978961777777,0.56148732248581512,0.00025595859385834155,-0.0029346832914296859,0.56133278445111112
595,outward,7967281,55944,13296,34611,0.00015453803470399929,3.839378907875123e-05,0.013089969389957471,0,0,1.5697586776435382,0,0,1.5697491024666665,-0.028311217840653623,0,0,-0.028291786692222223,-0.77082919841452846,0,0,-0.77078974441000003,0.50528320471655586,0,0,0.50527280983333334,0.13460442399833941,0,0,0.13459978961777777,0.56148927803807758,0.00023315243770916636,-0.0027674606576760241,0.56133278445111112
596,outward,7999310,55254,11037,29398,0.00015649358696645521,3.4972865656374955e-05,0.013089969389957471,0,0,1.5697586776435382,0,0,1.5697491024666665,-0.028311217840653623,0,0,-0.028291786692222223,-0.77082919841452846,0,0,-0.77078974441000003,0.50528320471655586,0,0,0.50527280983333334,0.13460442399833941,0,0,0.13459978961777777,0.56149105645320507,0.00021166939677031145,-0.0026039230206162177,0.56133278445111112
597,outward,7999652,54906,14241,31778,0.00015827200209395098,3.1750409515546717e-05,0.013089969389957471,0,0,1.5697586776435382,0,0,1.5697491024666665,-0.028311217840653623,0,0,-0.028291786692222223,-0.77082919841452846,0,0,-0.77078974441000003,0.50528320471655586,0,0,0.50527280983333334,0.13460442399833941,0,0,0.13459978961777777,0.56149266819700938,0.0001914795449093207,-0.0024441820946940213,0.56133278445111112
598,outward,8000308,55214,9629,25528,0.00015988374589825938,2.8721931736398103e-05,0.013089969389957471,0,0,1.5697586776435382,0,0,1.5697491024666665,-0.028311217840653623,0,0,-0.028291786692222223,-0.77082919841452846,0,0,-0.77078974441000003,0.50528320471655586,0,0,0.50527280983333334,0.13460442399833941,0,0,0.13459978961777777,0.56149412349231087,0.00017255205809144322,-0.0022883506403309798,0.56133278445111112
599,outward,8001300,56514,14481,32222,0.0001613390411997484,2.5882808713716481e-05,0.013089969389957471,0,0,1.5697586776435382,0,0,1.5697491024666665,-0.028311217840653623,0,0,-0.028291786692222223,-0.77082919841452846,0,0,-0.77078974441000003,0.50528320471655586,0,0,0.50527280983333334,0.13460442399833941,0,0,0.13459978961777777,0.56149543231171228,0.00015485520600609068,-0.002136542467610129,0.56133278445111112
600,outward,7998142,54656,11037,25898,0.00016264786060116165,2.3228280900913602e-05,0.013089969389957471,0,0,1.5697586776435382,0,0,1.5697491024666665,-0.028311217840653623,0,0,-0.028291786692222223,-0.77082919841452846,0,0,-0.77078974441000003,0.50528320471655586,0,0,0.50527280983333334,0.13460442399833941,0,0,0.13459978961777777,0.56149660437032745,0.00013835634365002149,-0.0019888724399673694,0.56133278445111112
601,outward,8002059,56715,9666,22973,0.00016381991921632366,2.0753451547503222e-05,0.013089969389957471,0,0,1.5697586776435382,0,0,1.5697491024666665,-0.028311217840653623,0,0,-0.028291786692222223,-0.77082919841452846,0,0,-0.77078974441000003,0.50528320471655586,0,0,0.50527280983333334,0.13460442399833941,0,0,0.13459978961777777,0.56149764911841815,0.00012302190288589291,-0.001845456477881756,0.56133278445111112
602,outward,8000690,57405,20379,42695,0.00016486466730702976,1.8453285432883937e-05,0.013089969389957471,0,0,1.5697586776435382,0,0,1.5697491024666665,-0.028311217840653623,0,0,-0.028291786692222223,-0.77082919841452846,0,0,-0.77078974441000003,0.50528320471655586,0,0,0.50527280983333334,0.13460442399833941,0,0,0.13459978961777777,0.56149857573398265,0.00010881738397376297,-0.001706411562565308,0.56133278445111112
603,outward,7997789,55194,17611,36343,0.00016579128287153022,1.6322607596064445e-05,0.013089969389957471,0,0,1.5697586776435382,0,0,1.5697491024666665,-0.028311217840653623,0,0,-0.028291786692222223,-0.77082919841452846,0,0,-0.77078974441000003,0.50528320471655586,0,0,0.50527280983333334,0.13460442399833941,0,0,0.13459978961777777,0.56149939311526542,9.5707347067395599e-05,-0.0015718557396496651,0.56133278445111112
604,outward,8001541,56735,16139,72352,0.00016660866415429965,1.4356102060109339e-05,0.013089969389957471,0,0,1.5697586776435382,0,0,1.5697491024666665,-0.028311217840653623,0,0,-0.028291786692222223,-0.77082919841452846,0,0,-0.77078974441000003,0.50528320471655586,0,0,0.50527280983333334,0.13460442399833941,0,0,0.13459978961777777,0.56150010987320309,8.3655403684531086e-05,-0.0014419081228790537,0.56133278445111112
605,outward,8015966,72701,26722,49250,0.00016732542209196843,1.2548310552679663e-05,0.013089969389957471,0,0,1.5697586776435382,0,0,1.5697491024666665,-0.028311217840653623,0,0,-0.028291786692222223,-0.77082919841452846,0,0,-0.77078974441000003,0.50528320471655586,0,0,0.50527280983333334,0.13460442399833941,0,0,0.13459978961777777,0.56150073432380521,7.2624208151330673e-05,-0.0013166888977955652,0.56133278445111112
606,outward,7988560,61261,26972,57027,0.00015049658047183723,1.08936312226996e-05,0.013089969389957471,0,0,1.5697586776435382,0,0,1.5697491024666665,-0.028311217840653623,0,0,-0.028291786692222223,-0.77082919841452846,0,0,-0.77078974441000003,0.50528320471655586,0,0,0.50527280983333334,0.13460442399833941,0,0,0.13459978961777777,0.56150127448044984,6.2575449008888558e-05,-0.0011963193254347197,0.56135023774333337
607,outward,7996864,58125,33640,67852,0.00016849002933871926,9.3863173513332831e-06,0.013089969389957471,0,0,1.5697586776435382,0,0,1.5697491024666665,-0.028311217840653623,0,0,-0.028291786692222223,-0.77082919841452846,0,0,-0.77078974441000003,0.50528320471655586,0,0,0.50527280983333334,0.13460442399833941,0,0,0.13459978961777777,0.56150173804614378,5.3469840393437768e-05,-0.0010809217460090277,0.56133278445111112
608,outward,8002865,60990,32065,59686,0.0001689535950326615,8.0204760590156652e-06,0.013089969389957471,0,0,1.5697586776435382,0,0,1.5697491024666665,-0.028311217840653623,0,0,-0.028291786692222223,-0.77082919841452846,0,0,-0.77078974441000003,0.50528320471655586,0,0,0.50527280983333334,0.13460442399833941,0,0,0.13459978961777777,0.56150213240566993,4.5267113393450796e-05,-0.00097061958260084987,0.56133278445111112
609,outward,7996568,57558,27389,56444,0.00015189466233656024,6.7900670090176196e-06,0.013089969389957471,0,0,1.5697586776435382,0,0,1.5697491024666665,-0.028311217840653623,0,0,-0.028291786692222223,-0.77082919841452846,0,0,-0.77078974441000003,0.50528320471655586,0,0,0.50527280983333334,0.13460442399833941,0,0,0.13459978961777777,0.56150246461770303,3.7926007366056084e-05,-0.00086553734485024872,0.56135023774333337
610,outward,8001569,59127,27398,51380,0.00015222687436966531,5.6889011049084128e-06,0.013089969389957471,0,0,1.5697586776435382,0,0,1.5697491024666665,-0.028311217840653623,0,0,-0.028291786692222223,-0.77082919841452846,0,0,-0.77078974441000003,0.50528320471655586,0,0,0.50527280983333334,0.13460442399833941,0,0,0.13459978961777777,0.56150274140683676,3.1404261238534331e-05,-0.00076580063264729704,0.56135023774333337
611,outward,8010734,69861,48149,89417,0.0001525036635033894,4.7106391857801491e-06,0.013089969389957471,0,0,1.5697586776435382,0,0,1.5697491024666665,-0.028311217840653623,0,0,-0.028291786692222223,-0.77082919841452846,0,0,-0.77078974441000003,0.50528320471655586,0,0,0.50527280983333334,0.13460442399833941,0,0,0.13459978961777777,0.56150296915554576,2.5658604756659597e-05,-0.00067153613981865636,0.56135023774333337
612,outward,7990689,60550,30936,60658,0.00015273141221239239,3.8487907134989397e-06,0.013089969389957471,0,0,1.5697586776435382,0,0,1.5697491024666665,-0.028311217840653623,0,0,-0.028291786692222223,-0.77082919841452846,0,0,-0.77078974441000003,0.50528320471655586,0,0,0.50527280983333334,0.13460442399833941,0,0,0.13459978961777777,0.56150315389607508,2.0644749736605804e-05,-0.00058287165781521809,0.56135023774333337
613,outward,7999086,59636,24084,48546,0.00015291615274171111,3.0967124604908707e-06,0.013089969389957471,0,0,1.5697586776435382,0,0,1.5697491024666665,-0.028311217840653623,0,0,-0.028291786692222223,-0.77082919841452846,0,0,-0.77078974441000003,0.50528320471655586,0,0,0.50527280983333334,0.13460442399833941,0,0,0.13459978961777777,0.56150330130226411,1.6317381254040616e-05,-0.00049993607940972801,0.56135023774333337
614,outward,8000142,59778,25500,53638,0.00015306355893074386,2.4476071881060925e-06,0.013089969389957471,0,0,1.5697586776435382,0,0,1.5697491024666665,-0.028311217840653623,0,0,-0.028291786692222223,-0.77082919841452846,0,0,-0.77078974441000003,0.50528320471655586,0,0,0.50527280983333334,0.13460442399833941,0,0,0.13459978961777777,0.56150341668129755,1.26301488267241e-05,-0.00042285940237499876,0.56135023774333337
615,outward,8004522,64300,33491,65778,0.00015317893796418236,1.8945223240086149e-06,0.013089969389957471,0,0,1.5697586776435382,0,0,1.5697491024666665,-0.028311217840653623,0,0,-0.028291786692222223,-0.77082919841452846,0,0,-0.77078974441000003,0.50528320471655586,0,0,0.50527280983333334,0.13460442399833941,0,0,0.13459978961777777,0.56150350496538182,9.535657561624169e-06,-0.00035177273318408634,0.56135023774333337
616,outward,7993716,58016,24833,49806,0.00015326722204844767,1.4303486342436252e-06,0.013089969389957471,0,0,1.5697586776435382,0,0,1.5697491024666665,-0.028311217840653623,0,0,-0.028291786692222223,-0.77082919841452846,0,0,-0.77078974441000003,0.50528320471655586,0,0,0.50527280983333334,0.13460442399833941,0,0,0.13459978961777777,0.56150357070335988,6.9854592582398735e-06,-0.00028680829069326492,0.56135023774333337
617,outward,8000846,58862,22204,44565,0.00015333296002650876,1.0478188887359811e-06,0.013089969389957471,0,0,1.5697586776435382,0,0,1.5697491024666665,-0.028311217840653623,0,0,-0.028291786692222223,-0.77082919841452846,0,0,-0.77078974441000003,0.50528320471655586,0,0,0.50527280983333334,0.13460442399833941,0,0,0.13459978961777777,0.56150361805224525,4.9300435118627177e-06,-0.00022809940983182608,0.56135023774333337
618,outward,8000002,58864,22064,43731,0.00015338030891187682,7.3950652677940767e-07,0.013089969389957471,0,0,1.5697586776435382,0,0,1.5697491024666665,-0.028311217840653623,0,0,-0.028291786692222223,-0.77082919841452846,0,0,-0.77078974441000003,0.50528320471655586,0,0,0.50527280983333334,0.13460442399833941,0,0,0.13459978961777777,0.56150365076868936,3.3188287563738041e-06,-0.00017578054529559183,0.56135023774333337
619,outward,8003133,61997,45482,81990,0.00015341302535598622,4.9782431345607062e-07,0.013089969389957471,0,0,1.5697586776435382,0,0,1.5697491024666665,-0.028311217840653623,0,0,-0.028291786692222223,-0.77082919841452846,0,0,-0.77078974441000003,0.50528320471655586,0,0,0.50527280983333334,0.13460442399833941,0,0,0.13459978961777777,0.56150367220037434,2.1001533020184675e-06,-0.0001299872752333593,0.56135023774333337
620,outward,7998106,60103,27472,51528,0.00015343445704096847,3.1502299530277011e-07,0.013089969389957471,0,0,1.5697586776435382,0,0,1.5697665557588889,-0.028311217840653623,0,0,-0.028291786692222223,-0.77082919841452846,0,0,-0.77078974441000003,0.50528320471655586,0,0,0.50527280983333334,0.13460442399833941,0,0,0.13459978961777777,0.56150368527734151,1.2212663210566464e-06,-9.0856304936677904e-05,0.56135023774333337
621,outward,7998438,58541,19213,39648,0.00015344753400814426,1.8318994815849695e-07,0.013089969389957471,0,0,1.5697586776435382,0,0,1.5697491024666665,-0.028311217840653623,0,0,-0.028291786692222223,-0.77082919841452846,0,0,-0.77078974441000003,0.50528320471655586,0,0,0.50527280983333334,0.13460442399833941,0,0,0.13459978961777777,0.56150369250323939,6.2831882786366824e-07,-5.852547052596836e-05,0.56135023774333337
622,outward,7998447,56988,15861,34111,0.00015345475990602431,9.4247824179550227e-08,0.013089969389957471,0,0,1.5697586776435382,0,0,1.5697491024666665,-0.028311217840653623,0,0,-0.028291786692222223,-0.77082919841452846,0,0,-0.77078974441000003,0.50528320471655586,0,0,0.50527280983333334,0.13460442399833941,0,0,0.13459978961777777,0.56150369594649685,2.6635461008461446e-07,-3.3133742651321715e-05,0.56135023774333337
623,outward,8001272,58260,15306,34296,0.00015345820316348124,3.9953191512692167e-08,0.013089969389957471,0,0,1.5697586776435382,0,0,1.5697491024666665,-0.028311217840653623,0,0,-0.028291786692222223,-0.77082919841452846,0,0,-0.77078974441000003,0.50528320471655586,0,0,0.50527280983333334,0.13460442399833941,0,0,0.13459978961777777,0.561503697231441,7.9301139318770835e-08,-1.4821230168052296e-05,0.56135023774333337
624,outward,7998253,56513,22463,43833,0.00015345948810763232,1.1895170897815624e-08,0.013089969389957471,0,0,1.5697586776435382,0,0,1.5697491024666665,-0.028311217840653623,0,0,-0.028291786692222223,-0.77082919841452846,0,0,-0.77078974441000003,0.50528320471655586,0,0,0.50527280983333334,0.13460442399833941,0,0,0.13459978961777777,0.56150369752931784,9.9604525989942607e-09,-3.7291838337763602e-06,0.56135023774333337
625,outward,8000068,56581,12009,26732,0.00015345978598446663,1.4940678898491391e-09,0.013089969389957471,0,0,1.5697586776435382,0,0,1.5697491024666665,-0.028311217840653623,0,0,-0.028291786692222223,-0.77082919841452846,0,0,-0.77078974441000003,0.50528320471655586,0,0,0.50527280983333334,0.13460442399833941,0,0,0.13459978961777777,0.56150369754925744,0,0,0.56135023774333337
626,hold,7998966,55547,9953,23426,0.00015345980592407216,0,0.013089969389957471,0,0,1.5697586776435382,0,0,1.5697491024666665,-0.028311217840653623,0,0,-0.028291786692222223,-0.77082919841452846,0,0,-0.77078974441000003,0.50528320471655586,0,0,0.50527280983333334,0.13460442399833941,0,0,0.13459978961777777,0.56150369754925744,0,0,0.56135023774333337
627,hold,8002170,57717,17519,38519,0.00015345980592407216,0,0.013089969389957471,0,0,1.5697586776435382,0,0,1.5697491024666665,-0.028311217840653623,0,0,-0.028291786692222223,-0.77082919841452846,0,0,-0.77078974441000003,0.50528320471655586,0,0,0.50527280983333334,0.13460442399833941,0,0,0.13459978961777777,0.56150369754925744,0,0,0.56135023774333337
628,hold,7997161,54878,12352,28092,0.00015345980592407216,0,0.013089969389957471,0,0,1.5697586776435382,0,0,1.5697491024666665,-0.028311217840653623,0,0,-0.028291786692222223,-0.77082919841452846,0,0,-0.77078974441000003,0.50528320471655586,0,0,0.50527280983333334,0.13460442399833941,0,0,0.13459978961777777,0.56150369754925744,0,0,0.56135023774333337
629,hold,7999651,54529,10583,29046,0.00015345980592407216,0,0.013089969389957471,0,0,1.5697586776435382,0,0,1.5697491024666665,-0.028311217840653623,0,0,-0.028291786692222223,-0.77082919841452846,0,0,-0.77078974441000003,0.50528320471655586,0,0,0.50527280983333334,0.13460442399833941,0,0,0.13459978961777777,0.56150369754925744,0,0,0.56135023774333337
630,hold,8001383,55912,11000,28491,0.00015345980592407216,0,0.013089969389957471,0,0,1.5697586776435382,0,0,1.5697491024666665,-0.028311217840653623,0,0,-0.028291786692222223,-0.77082919841452846,0,0,-0.77078974441000003,0.50528320471655586,0,0,0.50527280983333334,0.13460442399833941,0,0,0.13459978961777777,0.56150369754925744,0,0,0.56135023774333337
631,hold,8003493,59405,13871,31722,0.00015345980592407216,0,0.013089969389957471,0,0,1.5697586776435382,0,0,1.5697491024666665,-0.028311217840653623,0,0,-0.028291786692222223,-0.77082919841452846,0,0,-0.77078974441000003,0.50528320471655586,0,0,0.50527280983333334,0.13460442399833941,0,0,0.13459978961777777,0.56150369754925744,0,0,0.56135023774333337
632,hold,7996513,55918,46436,54796,0.00015345980592407216,0,0.013089969389957471,0,0,1.5697586776435382,0,0,1.5697491024666665,-0.028311217840653623,0,0,-0.028291786692222223,-0.77082919841452846,0,0,-0.77078974441000003,0.50528320471655586,0,0,0.50527280983333334,0.13460442399833941,0,0,0.13459978961777777,0.56150369754925744,0,0,0.56135023774333337
633,hold,7999902,55820,17759,40065,0.00015345980592407216,0,0.013089969389957471,0,0,1.5697586776435382,0,0,1.5697491024666665,-0.028311217840653623,0,0,-0.028291786692222223,-0.77082919841452846,0,0,-0.77078974441000003,0.50528320471655586,0,0,0.50527280983333334,0.13460442399833941,0,0,0.13459978961777777,0.56150369754925744,0,0,0.56135023774333337
634,hold,8000011,55831,11759,26009,0.00015345980592407216,0,0.013089969389957471,0,0,1.5697586776435382,0,0,1.5697491024666665,-0.028311217840653623,0,0,-0.028291786692222223,-0.77082919841452846,0,0,-0.77078974441000003,0.50528320471655586,0,0,0.50527280983333334,0.13460442399833941,0,0,0.13459978961777777,0.56150369754925744,0,0,0.56135023774333337
635,hold,8001161,56992,12648,28907,0.00015345980592407216,0,0.013089969389957471,0,0,1.5697586776435382,0,0,1.5697491024666665,-0.028311217840653623,0,0,-0.028291786692222223,-0.77082919841452846,0,0,-0.77078974441000003,0.50528320471655586,0,0,0.50527280983333334,0.13460442399833941,0,0,0.13459978961777777,0.56150369754925744,0,0,0.56135023774333337
636,hold,7999929,56921,24945,44611,0.00015345980592407216,0,0.013089969389957471,0,0,1.5697586776435382,0,0,1.5697491024666665,-0.028311217840653623,0,0,-0.028291786692222223,-0.77082919841452846,0,0,-0.77078974441000003,0.50528320471655586,0,0,0.50527280983333334,0.13460442399833941,0,0,0.13459978961777777,0.56150369754925744,0,0,0.56135023774333337
637,hold,8002633,59554,32575,58769,0.00015345980592407216,0,0.013089969389957471,0,0,1.5697586776435382,0,0,1.5697491024666665,-0.028311217840653623,0,0,-0.028291786692222223,-0.77082919841452846,0,0,-0.77078974441000003,0.50528320471655586,0,0,0.50527280983333334,0.13460442399833941,0,0,0.13459978961777777,0.56150369754925744,0,0,0.56135023774333337
638,hold,7997753,57307,11149,26814,0.00015345980592407216,0,0.013089969389957471,0,0,1.5697586776435382,0,0,1.5697491024666665,-0.028311217840653623,0,0,-0.028291786692222223,-0.77082919841452846,0,0,-0.77078974441000003,0.50528320471655586,0,0,0.50527280983333334,0.13460442399833941,0,0,0.13459978961777777,0.56150369754925744,0,0,0.56135023774333337
639,hold,7999420,56727,12814,28667,0.00015345980592407216,0,0.013089969389957471,0,0,1.5697586776435382,0,0,1.5697491024666665,-0.028311217840653623,0,0,-0.028291786692222223,-0.77082919841452846,0,0,-0.77078974441000003,0.50528320471655586,0,0,0.50527280983333334,0.13460442399833941,0,0,0.13459978961777777,0.56150369754925744,0,0,0.56135023774333337
640,hold,8001188,57915,27926,50361,0.00015345980592407216,0,0.013089969389957471,0,0,1.5697586776435382,0,0,1.5697491024666665,-0.028311217840653623,0,0,-0.028291786692222223,-0.77082919841452846,0,0,-0.77078974441000003,0.50528320471655586,0,0,0.50527280983333334,0.13460442399833941,0,0,0.13459978961777777,0.56150369754925744,0,0,0.56135023774333337
641,hold,7997467,55382,14167,31630,0.00015345980592407216,0,0.013089969389957471,0,0,1.5697586776435382,0,0,1.5697491024666665,-0.028311217840653623,0,0,-0.028291786692222223,-0.77082919841452846,0,0,-0.77078974441000003,0.50528320471655586,0,0,0.50527280983333334,0.13460442399833941,0,0,0.13459978961777777,0.56150369754925744,0,0,0.56135023774333337
642,hold,8000771,56153,9676,25676,0.00015345980592407216,0,0.013089969389957471,0,0,1.5697586776435382,0,0,1.5697491024666665,-0.028311217840653623,0,0,-0.028291786692222223,-0.77082919841452846,0,0,-0.77078974441000003,0.50528320471655586,0,0,0.50527280983333334,0.13460442399833941,0,0,0.13459978961777777,0.56150369754925744,0,0,0.56135023774333337
643,hold,8000337,56490,9204,22213,0.00015345980592407216,0,0.013089969389957471,0,0,1.5697586776435382,0,0,1.5697491024666665,-0.028311217840653623,0,0,-0.028291786692222223,-0.77082919841452846,0,0,-0.77078974441000003,0.50528320471655586,0,0,0.50527280983333334,0.13460442399833941,0,0,0.13459978961777777,0.56150369754925744,0,0,0.56135023774333337
644,hold,8000022,56512,18611,38741,0.00015345980592407216,0,0.013089969389957471,0,0,1.5697586776435382,0,0,1.5697491024666665,-0.028311217840653623,0,0,-0.028291786692222223,-0.77082919841452846,0,0,-0.77078974441000003,0.50528320471655586,0,0,0.50527280983333334,0.13460442399833941,0,0,0.13459978961777777,0.56150369754925744,0,0,0.56135023774333337
645,hold,7997448,53960,19991,38046,0.00015345980592407216,0,0.013089969389957471,0,0,1.5697586776435382,0,0,1.5697491024666665,-0.028311217840653623,0,0,-0.028291786692222223,-0.77082919841452846,0,0,-0.77078974441000003,0.50528320471655586,0,0,0.50527280983333334,0.13460442399833941,0,0,0.13459978961777777,0.56150369754925744,0,0,0.56135023774333337
646,hold,8001735,55695,11704,29111,0.00015345980592407216,0,0.013089969389957471,0,0,1.5697586776435382,0,0,1.5697491024666665,-0.028311217840653623,0,0,-0.028291786692222223,-0.77082919841452846,0,0,-0.77078974441000003,0.50528320471655586,0,0,0.50527280983333334,0.13460442399833941,0,0,0.13459978961777777,0.56150369754925744,0,0,0.56135023774333337
647,hold,8000670,56365,10102,27277,0.00015345980592407216,0,0.013089969389957471,0,0,1.5697586776435382,0,0,1.5697491024666665,-0.028311217840653623,0,0,-0.028291786692222223,-0.77082919841452846,0,0,-0.77078974441000003,0.50528320471655586,0,0,0.50527280983333334,0.13460442399833941,0,0,0.13459978961777777,0.56150369754925744,0,0,0.56135023774333337
648,hold,7998522,54887,12000,28963,0.00015345980592407216,0,0.013089969389957471,0,0,1.5697586776435382,0,0,1.5697491024666665,-0.028311217840653623,0,0,-0.028291786692222223,-0.77082919841452846,0,0,-0.77078974441000003,0.50528320471655586,0,0,0.50527280983333334,0.13460442399833941,0,0,0.13459978961777777,0.56150369754925744,0,0,0.56135023774333337
649,hold,8003447,58334,22407,44223,0.00015345980592407216,0,0.013089969389957471,0,0,1.5697586776435382,0,0,1.5697491024666665,-0.028311217840653623,0,0,-0.028291786692222223,-0.77082919841452846,0,0,-0.77078974441000003,0.50528320471655586,0,0,0.50527280983333334,0.13460442399833941,0,0,0.13459978961777777,0.56150369754925744,0,0,0.56135023774333337
650,hold,7998338,56672,19306,36751,0.00015345980592407216,0,0.013089969389957471,0,0,1.5697586776435382,0,0,1.5697491024666665,-0.028311217840653623,0,0,-0.028291786692222223,-0.77082919841452846,0,0,-0.77078974441000003,0.50528320471655586,0,0,0.50527280983333334,0.13460442399833941,0,0,0.13459978961777777,0.56150369754925744,0,0,0.56135023774333337
651,hold,8024142,80814,16722,39380,0.00015345980592407216,0,0.013089969389957471,0,0,1.5697586776435382,0,0,1.5697491024666665,-0.028311217840653623,0,0,-0.028291786692222223,-0.77082919841452846,0,0,-0.77078974441000003,0.50528320471655586,0,0,0.50527280983333334,0.13460442399833941,0,0,0.13459978961777777,0.56150369754925744,0,0,0.56135023774333337
652,hold,7980133,60947,24621,49612,0.00015345980592407216,0,0.013089969389957471,0,0,1.5697586776435382,0,0,1.5697491024666665,-0.028311217840653623,0,0,-0.028291786692222223,-0.77082919841452846,0,0,-0.77078974441000003,0.50528320471655586,0,0,0.50527280983333334,0.13460442399833941,0,0,0.13459978961777777,0.56150369754925744,0,0,0.56135023774333337
653,hold,7998883,59830,39407,68222,0.00015345980592407216,0,0.013089969389957471,0,0,1.5697586776435382,0,0,1.5697491024666665,-0.028311217840653623,0,0,-0.028291786692222223,-0.77082919841452846,0,0,-0.77078974441000003,0.50528320471655586,0,0,0.50527280983333334,0.13460442399833941,0,0,0.13459978961777777,0.56150369754925744,0,0,0.56135023774333337
654,hold,7999578,59408,24204,49648,0.00015345980592407216,0,0.013089969389957471,0,0,1.5697586776435382,0,0,1.5697491024666665,-0.028311217840653623,0,0,-0.028291786692222223,-0.77082919841452846,0,0,-0.77078974441000003,0.50528320471655586,0,0,0.50527280983333334,0.13460442399833941,0,0,0.13459978961777777,0.56150369754925744,0,0,0.56135023774333337
655,hold,8012735,72143,23148,46241,0.00015345980592407216,0,0.013089969389957471,0,0,1.5697586776435382,0,0,1.5697491024666665,-0.028311217840653623,0,0,-0.028291786692222223,-0.77082919841452846,0,0,-0.77078974441000003,0.50528320471655586,0,0,0.50527280983333334,0.13460442399833941,0,0,0.13459978961777777,0.56150369754925744,0,0,0.56135023774333337
656,hold,7987670,59813,26361,54741,0.00015345980592407216,0,0.013089969389957471,0,0,1.5697586776435382,0,0,1.5697491024666665,-0.028311217840653623,0,0,-0.028291786692222223,-0.77082919841452846,0,0,-0.77078974441000003,0.50528320471655586,0,0,0.50527280983333334,0.13460442399833941,0,0,0.13459978961777777,0.56150369754925744,0,0,0.56135023774333337
657,hold,8002846,62659,31315,62203,0.00015345980592407216,0,0.013089969389957471,0,0,1.5697586776435382,0,0,1.5697491024666665,-0.028311217840653623,0,0,-0.028291786692222223,-0.77082919841452846,0,0,-0.77078974441000003,0.50528320471655586,0,0,0.50527280983333334,0.13460442399833941,0,0,0.13459978961777777,0.56150369754925744,0,0,0.56135023774333337
658,hold,7998578,61237,45982,89509,0.00015345980592407216,0,0.013089969389957471,0,0,1.5697586776435382,0,0,1.5697491024666665,-0.028311217840653623,0,0,-0.028291786692222223,-0.77082919841452846,0,0,-0.77078974441000003,0.50528320471655586,0,0,0.50527280983333334,0.13460442399833941,0,0,0.13459978961777777,0.56150369754925744,0,0,0.56135023774333337
659,hold,7999476,60713,24287,50621,0.00015345980592407216,0,0.013089969389957471,0,0,1.5697586776435382,0,0,1.5697491024666665,-0.028311217840653623,0,0,-0.028291786692222223,-0.77082919841452846,0,0,-0.77078974441000003,0.50528320471655586,0,0,0.50527280983333334,0.13460442399833941,0,0,0.13459978961777777,0.56150369754925744,0,0,0.56135023774333337
660,hold,8008021,68734,31408,63111,0.00015345980592407216,0,0.013089969389957471,0,0,1.5697586776435382,0,0,1.5697491024666665,-0.028311217840653623,0,0,-0.028291786692222223,-0.77082919841452846,0,0,-0.77078974441000003,0.50528320471655586,0,0,0.50527280983333334,0.13460442399833941,0,0,0.13459978961777777,0.56150369754925744,0,0,0.56135023774333337
661,hold,8067458,136192,39463,82213,0.00015345980592407216,0,0.013089969389957471,0,0,1.5697586776435382,0,0,1.5697491024666665,-0.028311217840653623,0,0,-0.028291786692222223,-0.77082919841452846,0,0,-0.77078974441000003,0.50528320471655586,0,0,0.50527280983333334,0.13460442399833941,0,0,0.13459978961777777,0.56150369754925744,0,0,0.56135023774333337
662,hold,7926049,62241,37241,68343,0.00015345980592407216,0,0.013089969389957471,0,0,1.5697586776435382,0,0,1.5697491024666665,-0.028311217840653623,0,0,-0.028291786692222223,-0.77082919841452846,0,0,-0.77078974441000003,0.50528320471655586,0,0,0.50527280983333334,0.13460442399833941,0,0,0.13459978961777777,0.56150369754925744,0,0,0.56135023774333337
663,hold,7997680,59921,24000,53732,0.00015345980592407216,0,0.013089969389957471,0,0,1.5697586776435382,0,0,1.5697491024666665,-0.028311217840653623,0,0,-0.028291786692222223,-0.77082919841452846,0,0,-0.77078974441000003,0.50528320471655586,0,0,0.50527280983333334,0.13460442399833941,0,0,0.13459978961777777,0.56150369754925744,0,0,0.56135023774333337
664,hold,8001846,61767,30657,63213,0.00015345980592407216,0,0.013089969389957471,0,0,1.5697586776435382,0,0,1.5697491024666665,-0.028311217840653623,0,0,-0.028291786692222223,-0.77082919841452846,0,0,-0.77078974441000003,0.50528320471655586,0,0,0.50527280983333334,0.13460442399833941,0,0,0.13459978961777777,0.56150369754925744,0,0,0.56135023774333337
665,hold,7997836,59603,30537,57890,0.00015345980592407216,0,0.013089969389957471,0,0,1.5697586776435382,0,0,1.5697491024666665,-0.028311217840653623,0,0,-0.028291786692222223,-0.77082919841452846,0,0,-0.77078974441000003,0.50528320471655586,0,0,0.50527280983333334,0.13460442399833941,0,0,0.13459978961777777,0.56150369754925744,0,0,0.56135023774333337
666,hold,7998152,57755,27241,53612,0.00015345980592407216,0,0.013089969389957471,0,0,1.5697586776435382,0,0,1.5697491024666665,-0.028311217840653623,0,0,-0.028291786692222223,-0.77082919841452846,0,0,-0.77078974441000003,0.50528320471655586,0,0,0.50527280983333334,0.13460442399833941,0,0,0.13459978961777777,0.56150369754925744,0,0,0.56135023774333337
667,hold,8000310,58065,22232,47805,0.00015345980592407216,0,0.013089969389957471,0,0,1.5697586776435382,0,0,1.5697491024666665,-0.028311217840653623,0,0,-0.028291786692222223,-0.77082919841452846,0,0,-0.77078974441000003,0.50528320471655586,0,0,0.50527280983333334,0.13460442399833941,0,0,0.13459978961777777,0.56150369754925744,0,0,0.56135023774333337
668,hold,8004910,62975,24556,49519,0.00015345980592407216,0,0.013089969389957471,0,0,1.5697586776435382,0,0,1.5697491024666665,-0.028311217840653623,0,0,-0.028291786692222223,-0.77082919841452846,0,0,-0.77078974441000003,0.50528320471655586,0,0,0.50527280983333334,0.13460442399833941,0,0,0.13459978961777777,0.56150369754925744,0,0,0.56135023774333337
669,hold,7999902,62877,47695,82879,0.00015345980592407216,0,0.013089969389957471,0,0,1.5697586776435382,0,0,1.5697491024666665,-0.028311217840653623,0,0,-0.028291786692222223,-0.77082919841452846,0,0,-0.77078974441000003,0.50528320471655586,0,0,0.50527280983333334,0.13460442399833941,0,0,0.13459978961777777,0.56150369754925744,0,0,0.56135023774333337
670,hold,7995614,58491,26657,55666,0.00015345980592407216,0,0.013089969389957471,0,0,1.5697586776435382,0,0,1.5697491024666665,-0.028311217840653623,0,0,-0.028291786692222223,-0.77082919841452846,0,0,-0.77078974441000003,0.50528320471655586,0,0,0.50527280983333334,0.13460442399833941,0,0,0.13459978961777777,0.56150369754925744,0,0,0.56135023774333337
671,hold,7999439,57930,25954,53611,0.00015345980592407216,0,0.013089969389957471,0,0,1.5697586776435382,0,0,1.5697491024666665,-0.028311217840653623,0,0,-0.028291786692222223,-0.77082919841452846,0,0,-0.77078974441000003,0.50528320471655586,0,0,0.50527280983333334,0.13460442399833941,0,0,0.13459978961777777,0.56150369754925744,0,0,0.56135023774333337
672,hold,7997050,54980,11250,26667,0.00013600651370193617,0,0.013089969389957471,0,0,1.5697586776435382,0,0,1.5697491024666665,-0.028311217840653623,0,0,-0.028291786692222223,-0.77082919841452846,0,0,-0.77078974441000003,0.50528320471655586,0,0,0.50527280983333334,0.13460442399833941,0,0,0.13459978961777777,0.56150369754925744,0,0,0.5613676910355555
673,hold,7999855,54835,12593,30741,0.00013600651370193617,0,0.013089969389957471,0,0,1.5697586776435382,0,0,1.5697491024666665,-0.028311217840653623,0,0,-0.028291786692222223,-0.77082919841452846,0,0,-0.77078974441000003,0.50528320471655586,0,0,0.50527280983333334,0.13460442399833941,0,0,0.13459978961777777,0.56150369754925744,0,0,0.5613676910355555
674,hold,8002726,57561,24463,48046,0.00013600651370193617,0,0.013089969389957471,0,0,1.5697586776435382,0,0,1.5697491024666665,-0.028311217840653623,0,0,-0.028291786692222223,-0.77082919841452846,0,0,-0.77078974441000003,0.50528320471655586,0,0,0.50527280983333334,0.13460442399833941,0,0,0.13459978961777777,0.56150369754925744,0,0,0.5613676910355555
675,hold,8000660,58221,21009,42167,0.00013600651370193617,0,0.013089969389957471,0,0,1.5697586776435382,0,0,1.5697491024666665,-0.028311217840653623,0,0,-0.028291786692222223,-0.77082919841452846,0,0,-0.77078974441000003,0.50528320471655586,0,0,0.50527280983333334,0.13460442399833941,0,0,0.13459978961777777,0.56150369754925744,0,0,0.5613676910355555
676,hold,7997347,55568,11315,26334,0.00013600651370193617,0,0.013089969389957471,0,0,1.5697586776435382,0,0,1.5697491024666665,-0.028311217840653623,0,0,-0.028291786692222223,-0.77082919841452846,0,0,-0.77078974441000003,0.50528320471655586,0,0,0.50527280983333334,0.13460442399833941,0,0,0.13459978961777777,0.56150369754925744,0,0,0.5613676910355555
677,hold,8001855,57423,16796,36185,0.00013600651370193617,0,0.013089969389957471,0,0,1.5697586776435382,0,0,1.5697491024666665,-0.028311217840653623,0,0,-0.028291786692222223,-0.77082919841452846,0,0,-0.77078974441000003,0.50528320471655586,0,0,0.50527280983333334,0.13460442399833941,0,0,0.13459978961777777,0.56150369754925744,0,0,0.5613676910355555
678,hold,7999901,57324,14907,36926,0.00013600651370193617,0,0.013089969389957471,0,0,1.5697586776435382,0,0,1.5697491024666665,-0.028311217840653623,0,0,-0.028291786692222223,-0.77082919841452846,0,0,-0.77078974441000003,0.50528320471655586,0,0,0.50527280983333334,0.13460442399833941,0,0,0.13459978961777777,0.56150369754925744,0,0,0.5613676910355555
679,hold,7998449,55773,15111,32898,0.00013600651370193617,0,0.013089969389957471,0,0,1.5697586776435382,0,0,1.5697491024666665,-0.028311217840653623,0,0,-0.028291786692222223,-0.77082919841452846,0,0,-0.77078974441000003,0.50528320471655586,0,0,0.50527280983333334,0.13460442399833941,0,0,0.13459978961777777,0.56150369754925744,0,0,0.5613676910355555
680,hold,8011919,67692,10583,26620,0.00013600651370193617,0,0.013089969389957471,0,0,1.5697586776435382,0,0,1.5697665557588889,-0.028311217840653623,0,0,-0.028291786692222223,-0.77082919841452846,0,0,-0.77078974441000003,0.50528320471655586,0,0,0.50527280983333334,0.13460442399833941,0,0,0.13459978961777777,0.56150369754925744,0,0,0.5613676910355555
681,hold,7988865,56557,12621,26111,0.00013600651370193617,0,0.013089969389957471,0,0,1.5697586776435382,0,0,1.5697491024666665,-0.028311217840653623,0,0,-0.028291786692222223,-0.77082919841452846,0,0,-0.77078974441000003,0.50528320471655586,0,0,0.50527280983333334,0.13460442399833941,0,0,0.13459978961777777,0.56150369754925744,0,0,0.5613676910355555
682,hold,8000819,57376,18129,40148,0.00013600651370193617,0,0.013089969389957471,0,0,1.5697586776435382,0,0,1.5697491024666665,-0.028311217840653623,0,0,-0.028291786692222223,-0.77082919841452846,0,0,-0.77078974441000003,0.50528320471655586,0,0,0.50527280983333334,0.13460442399833941,0,0,0.13459978961777777,0.56150369754925744,0,0,0.5613676910355555
683,hold,8033864,91240,16315,35983,0.00013600651370193617,0,0.013089969389957471,0,0,1.5697586776435382,0,0,1.5697491024666665,-0.028311217840653623,0,0,-0.028291786692222223,-0.77082919841452846,0,0,-0.77078974441000003,0.50528320471655586,0,0,0.50527280983333334,0.13460442399833941,0,0,0.13459978961777777,0.56150369754925744,0,0,0.5613676910355555
684,hold,7967420,58660,14852,31389,0.00013600651370193617,0,0.013089969389957471,0,0,1.5697586776435382,0,0,1.5697491024666665,-0.028311217840653623,0,0,-0.028291786692222223,-0.77082919841452846,0,0,-0.77078974441000003,0.50528320471655586,0,0,0.50527280983333334,0.13460442399833941,0,0,0.13459978961777777,0.56150369754925744,0,0,0.5613676910355555
685,hold,7996967,55627,11019,26908,0.00013600651370193617,0,0.013089969389957471,0,0,1.5697586776435382,0,0,1.5697491024666665,-0.028311217840653623,0,0,-0.028291786692222223,-0.77082919841452846,0,0,-0.77078974441000003,0.50528320471655586,0,0,0.50527280983333334,0.13460442399833941,0,0,0.13459978961777777,0.56150369754925744,0,0,0.5613676910355555
686,hold,8000688,56315,11824,26871,0.00013600651370193617,0,0.013089969389957471,0,0,1.5697586776435382,0,0,1.5697491024666665,-0.028311217840653623,0,0,-0.028291786692222223,-0.77082919841452846,0,0,-0.77078974441000003,0.50528320471655586,0,0,0.50527280983333334,0.13460442399833941,0,0,0.13459978961777777,0.56150369754925744,0,0,0.5613676910355555
687,hold,8000995,57310,21861,42898,0.00013600651370193617,0,0.013089969389957471,0,0,1.5697586776435382,0,0,1.5697491024666665,-0.028311217840653623,0,0,-0.028291786692222223,-0.77082919841452846,0,0,-0.77078974441000003,0.50528320471655586,0,0,0.50527280983333334,0.13460442399833941,0,0,0.13459978961777777,0.56150369754925744,0,0,0.5613676910355555
688,hold,8000808,58118,29740,51907,0.00013600651370193617,0,0.013089969389957471,0,0,1.5697586776435382,0,0,1.5697491024666665,-0.028311217840653623,0,0,-0.028291786692222223,-0.77082919841452846,0,0,-0.77078974441000003,0.50528320471655586,0,0,0.50527280983333334,0.13460442399833941,0,0,0.13459978961777777,0.56150369754925744,0,0,0.5613676910355555
689,hold,7998643,56761,16139,31667,0.00013600651370193617,0,0.013089969389957471,0,0,1.5697586776435382,0,0,1.5697491024666665,-0.028311217840653623,0,0,-0.028291786692222223,-0.77082919841452846,0,0,-0.77078974441000003,0.50528320471655586,0,0,0.50527280983333334,0.13460442399833941,0,0,0.13459978961777777,0.56150369754925744,0,0,0.5613676910355555
690,hold,7999263,56024,17990,33916,0.00013600651370193617,0,0.013089969389957471,0,0,1.5697586776435382,0,0,1.5697491024666665,-0.028311217840653623,0,0,-0.028291786692222223,-0.77082919841452846,0,0,-0.77078974441000003,0.50528320471655586,0,0,0.50527280983333334,0.13460442399833941,0,0,0.13459978961777777,0.56150369754925744,0,0,0.5613676910355555
691,hold,8001216,57240,29361,49759,0.00013600651370193617,0,0.013089969389957471,0,0,1.5697586776435382,0,0,1.5697491024666665,-0.028311217840653623,0,0,-0.028291786692222223,-0.77082919841452846,0,0,-0.77078974441000003,0.50528320471655586,0,0,0.50527280983333334,0.13460442399833941,0,0,0.13459978961777777,0.56150369754925744,0,0,0.5613676910355555
692,hold,8001902,59142,15814,28759,0.00013600651370193617,0,0.013089969389957471,0,0,1.5697586776435382,0,0,1.5697491024666665,-0.028311217840653623,0,0,-0.028291786692222223,-0.77082919841452846,0,0,-0.77078974441000003,0.50528320471655586,0,0,0.50527280983333334,0.13460442399833941,0,0,0.13459978961777777,0.56150369754925744,0,0,0.5613676910355555
693,hold,7997253,56395,12769,26852,0.00013600651370193617,0,0.013089969389957471,0,0,1.5697586776435382,0,0,1.5697491024666665,-0.028311217840653623,0,0,-0.028291786692222223,-0.77082919841452846,0,0,-0.77078974441000003,0.50528320471655586,0,0,0.50527280983333334,0.13460442399833941,0,0,0.13459978961777777,0.56150369754925744,0,0,0.5613676910355555
694,hold,7999791,56186,15176,30935,0.00013600651370193617,0,0.013089969389957471,0,0,1.5697586776435382,0,0,1.5697491024666665,-0.028311217840653623,0,0,-0.028291786692222223,-0.77082919841452846,0,0,-0.77078974441000003,0.50528320471655586,0,0,0.50527280983333334,0.13460442399833941,0,0,0.13459978961777777,0.56150369754925744,0,0,0.5613676910355555
695,hold,8000522,56708,17703,34240,0.00011855322147968916,0,0.013089969389957471,0,0,1.5697586776435382,0,0,1.5697491024666665,-0.028311217840653623,0,0,-0.028291786692222223,-0.77082919841452846,0,0,-0.77078974441000003,0.50528320471655586,0,0,0.50527280983333334,0.13460442399833941,0,0,0.13459978961777777,0.56150369754925744,0,0,0.56138514432777775
696,hold,7999299,56007,18879,35268,0.00011855322147968916,0,0.013089969389957471,0,0,1.5697586776435382,0,0,1.5697491024666665,-0.028311217840653623,0,0,-0.028291786692222223,-0.77082919841452846,0,0,-0.77078974441000003,0.50528320471655586,0,0,0.50527280983333334,0.13460442399833941,0,0,0.13459978961777777,0.56150369754925744,0,0,0.56138514432777775
697,hold,8002411,58418,18741,48731,0.00011855322147968916,0,0.013089969389957471,0,0,1.5697586776435382,0,0,1.5697491024666665,-0.028311217840653623,0,0,-0.028291786692222223,-0.77082919841452846,0,0,-0.77078974441000003,0.50528320471655586,0,0,0.50527280983333334,0.13460442399833941,0,0,0.13459978961777777,0.56150369754925744,0,0,0.56138514432777775
698,hold,8003059,61477,39472,72203,0.00011855322147968916,0,0.013089969389957471,0,0,1.5697586776435382,0,0,1.5697491024666665,-0.028311217840653623,0,0,-0.028291786692222223,-0.77082919841452846,0,0,-0.77078974441000003,0.50528320471655586,0,0,0.50527280983333334,0.13460442399833941,0,0,0.13459978961777777,0.56150369754925744,0,0,0.56138514432777775
699,hold,7996846,58323,23574,47639,0.00011855322147968916,0,0.013089969389957471,0,0,1.5697586776435382,0,0,1.5697491024666665,-0.028311217840653623,0,0,-0.028291786692222223,-0.77082919841452846,0,0,-0.77078974441000003,0.50528320471655586,0,0,0.50527280983333334,0.13460442399833941,0,0,0.13459978961777777,0.56150369754925744,0,0,0.56138514432777775
700,hold,7997105,55428,17584,38472,0.00011855322147968916,0,0.013089969389957471,0,0,1.5697586776435382,0,0,1.5697491024666665,-0.028311217840653623,0,0,-0.028291786692222223,-0.77082919841452846,0,0,-0.77078974441000003,0.50528320471655586,0,0,0.50527280983333334,0.13460442399833941,0,0,0.13459978961777777,0.56150369754925744,0,0,0.56138514432777775
701,hold,7999597,55025,17926,33334,0.00011855322147968916,0,0.013089969389957471,0,0,1.5697586776435382,0,0,1.5697491024666665,-0.028311217840653623,0,0,-0.028291786692222223,-0.77082919841452846,0,0,-0.77078974441000003,0.50528320471655586,0,0,0.50527280983333334,0.13460442399833941,0,0,0.13459978961777777,0.56150369754925744,0,0,0.56138514432777775
702,hold,8021522,76547,26315,59759,0.00011855322147968916,0,0.013089969389957471,0,0,1.5697586776435382,0,0,1.5697491024666665,-0.028311217840653623,0,0,-0.028291786692222223,-0.77082919841452846,0,0,-0.77078974441000003,0.50528320471655586,0,0,0.50527280983333334,0.13460442399833941,0,0,0.13459978961777777,0.56150369754925744,0,0,0.56138514432777775
703,hold,7991910,68457,49834,84760,0.00011855322147968916,0,0.013089969389957471,0,0,1.5697586776435382,0,0,1.5697491024666665,-0.028311217840653623,0,0,-0.028291786692222223,-0.77082919841452846,0,0,-0.77078974441000003,0.50528320471655586,0,0,0.50527280983333334,0.13460442399833941,0,0,0.13459978961777777,0.56150369754925744,0,0,0.56138514432777775
704,hold,7989661,58118,21213,47769,0.00011855322147968916,0,0.013089969389957471,0,0,1.5697586776435382,0,0,1.5697491024666665,-0.028311217840653623,0,0,-0.028291786692222223,-0.77082919841452846,0,0,-0.77078974441000003,0.50528320471655586,0,0,0.50527280983333334,0.13460442399833941,0,0,0.13459978961777777,0.56150369754925744,0,0,0.56138514432777775
705,hold,7999467,57585,18250,42722,0.00011855322147968916,0,0.013089969389957471,0,0,1.5697586776435382,0,0,1.5697491024666665,-0.028311217840653623,0,0,-0.028291786692222223,-0.77082919841452846,0,0,-0.77078974441000003,0.50528320471655586,0,0,0.50527280983333334,0.13460442399833941,0,0,0.13459978961777777,0.56150369754925744,0,0,0.56138514432777775
706,hold,8017141,74726,22157,103622,0.00011855322147968916,0,0.013089969389957471,0,0,1.5697586776435382,0,0,1.5697491024666665,-0.028311217840653623,0,0,-0.028291786692222223,-0.77082919841452846,0,0,-0.77078974441000003,0.50528320471655586,0,0,0.50527280983333334,0.13460442399833941,0,0,0.13459978961777777,0.56150369754925744,0,0,0.56138514432777775
707,hold,7984735,59461,28167,56834,0.00011855322147968916,0,0.013089969389957471,0,0,1.5697586776435382,0,0,1.5697491024666665,-0.028311217840653623,0,0,-0.028291786692222223,-0.77082919841452846,0,0,-0.77078974441000003,0.50528320471655586,0,0,0.50527280983333334,0.13460442399833941,0,0,0.13459978961777777,0.56150369754925744,0,0,0.56138514432777775
708,hold,8003143,62604,28889,65277,0.00011855322147968916,0,0.013089969389957471,0,0,1.5697586776435382,0,0,1.5697665557588889,-0.028311217840653623,0,0,-0.028291786692222223,-0.77082919841452846,0,0,-0.77078974441000003,0.50528320471655586,0,0,0.50527280983333334,0.13460442399833941,0,0,0.13459978961777777,0.56150369754925744,0,0,0.56138514432777775
709,hold,7995345,57949,31018,61676,0.00011855322147968916,0,0.013089969389957471,0,0,1.5697586776435382,0,0,1.5697491024666665,-0.028311217840653623,0,0,-0.028291786692222223,-0.77082919841452846,0,0,-0.77078974441000003,0.50528320471655586,0,0,0.50527280983333334,0.13460442399833941,0,0,0.13459978961777777,0.56150369754925744,0,0,0.56138514432777775
710,hold,8002086,60035,34260,64880,0.00011855322147968916,0,0.013089969389957471,0,0,1.5697586776435382,0,0,1.5697491024666665,-0.028311217840653623,0,0,-0.028291786692222223,-0.77082919841452846,0,0,-0.77078974441000003,0.50528320471655586,0,0,0.50527280983333334,0.13460442399833941,0,0,0.13459978961777777,0.56150369754925744,0,0,0.56138514432777775
711,hold,7999698,59733,24824,53204,0.00011855322147968916,0,0.013089969389957471,0,0,1.5697586776435382,0,0,1.5697491024666665,-0.028311217840653623,0,0,-0.028291786692222223,-0.77082919841452846,0,0,-0.77078974441000003,0.50528320471655586,0,0,0.50527280983333334,0.13460442399833941,0,0,0.13459978961777777,0.56150369754925744,0,0,0.56138514432777775
712,hold,8003114,62847,35593,69722,0.00011855322147968916,0,0.013089969389957471,0,0,1.5697586776435382,0,0,1.5697491024666665,-0.028311217840653623,0,0,-0.028291786692222223,-0.77082919841452846,0,0,-0.77078974441000003,0.50528320471655586,0,0,0.50527280983333334,0.13460442399833941,0,0,0.13459978961777777,0.56150369754925744,0,0,0.56138514432777775
713,hold,7996189,59036,25657,56139,0.00011855322147968916,0,0.013089969389957471,0,0,1.5697586776435382,0,0,1.5697491024666665,-0.028311217840653623,0,0,-0.028291786692222223,-0.77082919841452846,0,0,-0.77078974441000003,0.50528320471655586,0,0,0.50527280983333334,0.13460442399833941,0,0,0.13459978961777777,0.56150369754925744,0,0,0.56138514432777775
714,hold,8007540,66576,38759,83213,0.00011855322147968916,0,0.013089969389957471,0,0,1.5697586776435382,0,0,1.5697491024666665,-0.028311217840653623,0,0,-0.028291786692222223,-0.77082919841452846,0,0,-0.77078974441000003,0.50528320471655586,0,0,0.50527280983333334,0.13460442399833941,0,0,0.13459978961777777,0.56150369754925744,0,0,0.56138514432777775
715,hold,7993355,59931,25630,52787,0.00011855322147968916,0,0.013089969389957471,0,0,1.5697586776435382,0,0,1.5697491024666665,-0.028311217840653623,0,0,-0.028291786692222223,-0.77082919841452846,0,0,-0.77078974441000003,0.50528320471655586,0,0,0.50527280983333334,0.13460442399833941,0,0,0.13459978961777777,0.56150369754925744,0,0,0.56138514432777775
716,hold,8003762,63693,31574,63602,0.00011855322147968916,0,0.013089969389957471,0,0,1.5697586776435382,0,0,1.5697491024666665,-0.028311217840653623,0,0,-0.028291786692222223,-0.77082919841452846,0,0,-0.77078974441000003,0.50528320471655586,0,0,0.50527280983333334,0.13460442399833941,0,0,0.13459978961777777,0.56150369754925744,0,0,0.56138514432777775
717,hold,7995679,59372,23361,50435,0.00011855322147968916,0,0.013089969389957471,0,0,1.5697586776435382,0,0,1.5697491024666665,-0.028311217840653623,0,0,-0.028291786692222223,-0.77082919841452846,0,0,-0.77078974441000003,0.50528320471655586,0,0,0.50527280983333334,0.13460442399833941,0,0,0.13459978961777777,0.56150369754925744,0,0,0.56138514432777775
718,hold,7998947,58319,26548,60944,0.00011855322147968916,0,0.013089969389957471,0,0,1.5697586776435382,0,0,1.5697491024666665,-0.028311217840653623,0,0,-0.028291786692222223,-0.77082919841452846,0,0,-0.77078974441000003,0.50528320471655586,0,0,0.50527280983333334,0.13460442399833941,0,0,0.13459978961777777,0.56150369754925744,0,0,0.56138514432777775
719,hold,8000430,58749,22704,49954,0.00011855322147968916,0,0.013089969389957471,0,0,1.5697586776435382,0,0,1.5697491024666665,-0.028311217840653623,0,0,-0.028291786692222223,-0.77082919841452846,0,0,-0.77078974441000003,0.50528320471655586,0,0,0.50527280983333334,0.13460442399833941,0,0,0.13459978961777777,0.56150369754925744,0,0,0.56138514432777775
720,hold,8004374,63123,35908,65741,0.00011855322147968916,0,0.013089969389957471,0,0,1.5697586776435382,0,0,1.5697491024666665,-0.028311217840653623,0,0,-0.028291786692222223,-0.77082919841452846,0,0,-0.77078974441000003,0.50528320471655586,0,0,0.50527280983333334,0.13460442399833941,0,0,0.13459978961777777,0.56150369754925744,0,0,0.56138514432777775
721,hold,7995604,58727,23648,49223,0.00011855322147968916,0,0.013089969389957471,0,0,1.5697586776435382,0,0,1.5697491024666665,-0.028311217840653623,0,0,-0.028291786692222223,-0.77082919841452846,0,0,-0.77078974441000003,0.50528320471655586,0,0,0.50527280983333334,0.13460442399833941,0,0,0.13459978961777777,0.56150369754925744,0,0,0.56138514432777775
722,hold,7999374,58101,23685,45741,0.00011855322147968916,0,0.013089969389957471,0,0,1.5697586776435382,0,0,1.5697491024666665,-0.028311217840653623,0,0,-0.028291786692222223,-0.77082919841452846,0,0,-0.77078974441000003,0.50528320471655586,0,0,0.50527280983333334,0.13460442399833941,0,0,0.13459978961777777,0.56150369754925744,0,0,0.56138514432777775
723,hold,7997030,55131,11518,30056,0.00011855322147968916,0,0.013089969389957471,0,0,1.5697586776435382,0,0,1.5697491024666665,-0.028311217840653623,0,0,-0.028291786692222223,-0.77082919841452846,0,0,-0.77078974441000003,0.50528320471655586,0,0,0.50527280983333334,0.13460442399833941,0,0,0.13459978961777777,0.56150369754925744,0,0,0.56138514432777775
724,hold,8000319,55450,23815,45370,0.00011855322147968916,0,0.013089969389957471,0,0,1.5697586776435382,0,0,1.5697491024666665,-0.028311217840653623,0,0,-0.028291786692222223,-0.77082919841452846,0,0,-0.77078974441000003,0.50528320471655586,0,0,0.50527280983333334,0.13460442399833941,0,0,0.13459978961777777,0.56150369754925744,0,0,0.56138514432777775
725,hold,8000124,55574,19287,41259,0.00011855322147968916,0,0.013089969389957471,0,0,1.5697586776435382,0,0,1.5697491024666665,-0.028311217840653623,0,0,-0.028291786692222223,-0.77082919841452846,0,0,-0.77078974441000003,0.50528320471655586,0,0,0.50527280983333334,0.13460442399833941,0,0,0.13459978961777777,0.56150369754925744,0,0,0.56138514432777775
726,hold,8001539,57113,10639,27805,0.00011855322147968916,0,0.013089969389957471,0,0,1.5697586776435382,0,0,1.5697491024666665,-0.028311217840653623,0,0,-0.028291786692222223,-0.77082919841452846,0,0,-0.77078974441000003,0.50528320471655586,0,0,0.50527280983333334,0.13460442399833941,0,0,0.13459978961777777,0.56150369754925744,0,0,0.56138514432777775
727,hold,7998800,55913,9620,25231,0.00011855322147968916,0,0.013089969389957471,0,0,1.5697586776435382,0,0,1.5697491024666665,-0.028311217840653623,0,0,-0.028291786692222223,-0.77082919841452846,0,0,-0.77078974441000003,0.50528320471655586,0,0,0.50527280983333334,0.13460442399833941,0,0,0.13459978961777777,0.56150369754925744,0,0,0.56138514432777775
728,hold,7999780,55693,17444,37788,0.00011855322147968916,0,0.013089969389957471,0,0,1.5697586776435382,0,0,1.5697491024666665,-0.028311217840653623,0,0,-0.028291786692222223,-0.77082919841452846,0,0,-0.77078974441000003,0.50528320471655586,0,0,0.50527280983333334,0.13460442399833941,0,0,0.13459978961777777,0.56150369754925744,0,0,0.56138514432777775
729,hold,8002856,58549,25796,52278,0.00011855322147968916,0,0.013089969389957471,0,0,1.5697586776435382,0,0,1.5697491024666665,-0.028311217840653623,0,0,-0.028291786692222223,-0.77082919841452846,0,0,-0.77078974441000003,0.50528320471655586,0,0,0.50527280983333334,0.13460442399833941,0,0,0.13459978961777777,0.56150369754925744,0,0,0.56138514432777775
730,hold,7998411,56960,16759,32916,0.00011855322147968916,0,0.013089969389957471,0,0,1.5697586776435382,0,0,1.5697491024666665,-0.028311217840653623,0,0,-0.028291786692222223,-0.77082919841452846,0,0,-0.77078974441000003,0.50528320471655586,0,0,0.50527280983333334,0.13460442399833941,0,0,0.13459978961777777,0.56150369754925744,0,0,0.56138514432777775
731,hold,7999067,56027,17446,39130,0.00011855322147968916,0,0.013089969389957471,0,0,1.5697586776435382,0,0,1.5697491024666665,-0.028311217840653623,0,0,-0.028291786692222223,-0.77082919841452846,0,0,-0.77078974441000003,0.50528320471655586,0,0,0.50527280983333334,0.13460442399833941,0,0,0.13459978961777777,0.56150369754925744,0,0,0.56138514432777775
732,hold,8000846,56873,10815,28889,0.00011855322147968916,0,0.013089969389957471,0,0,1.5697586776435382,0,0,1.5697491024666665,-0.028311217840653623,0,0,-0.028291786692222223,-0.77082919841452846,0,0,-0.77078974441000003,0.50528320471655586,0,0,0.50527280983333334,0.13460442399833941,0,0,0.13459978961777777,0.56150369754925744,0,0,0.56138514432777775
733,hold,8000022,56895,27436,41954,0.00011855322147968916,0,0.013089969389957471,0,0,1.5697586776435382,0,0,1.5697491024666665,-0.028311217840653623,0,0,-0.028291786692222223,-0.77082919841452846,0,0,-0.77078974441000003,0.50528320471655586,0,0,0.50527280983333334,0.13460442399833941,0,0,0.13459978961777777,0.56150369754925744,0,0,0.56138514432777775
734,hold,7999771,56666,13166,32574,0.00011855322147968916,0,0.013089969389957471,0,0,1.5697586776435382,0,0,1.5697491024666665,-0.028311217840653623,0,0,-0.028291786692222223,-0.77082919841452846,0,0,-0.77078974441000003,0.50528320471655586,0,0,0.50527280983333334,0.13460442399833941,0,0,0.13459978961777777,0.56150369754925744,0,0,0.56138514432777775
735,hold,8000115,56781,26686,49695,0.00010109992925744216,0,0.013089969389957471,0,0,1.5697586776435382,0,0,1.5697491024666665,-0.028311217840653623,0,0,-0.028291786692222223,-0.77082919841452846,0,0,-0.77078974441000003,0.50528320471655586,0,0,0.50527280983333334,0.13460442399833941,0,0,0.13459978961777777,0.56150369754925744,0,0,0.56140259762
736,hold,7999586,56367,13519,29436,0.00010109992925744216,0,0.013089969389957471,0,0,1.5697586776435382,0,0,1.5697491024666665,-0.028311217840653623,0,0,-0.028291786692222223,-0.77082919841452846,0,0,-0.77078974441000003,0.50528320471655586,0,0,0.50527280983333334,0.13460442399833941,0,0,0.13459978961777777,0.56150369754925744,0,0,0.56140259762
737,hold,8003328,59695,33991,73018,0.00010109992925744216,0,0.013089969389957471,0,0,1.5697586776435382,0,0,1.5697491024666665,-0.028311217840653623,0,0,-0.028291786692222223,-0.77082919841452846,0,0,-0.77078974441000003,0.50528320471655586,0,0,0.50527280983333334,0.13460442399833941,0,0,0.13459978961777777,0.56150369754925744,0,0,0.56140259762
738,hold,7996874,56569,20352,33759,0.00010109992925744216,0,0.013089969389957471,0,0,1.5697586776435382,0,0,1.5697491024666665,-0.028311217840653623,0,0,-0.028291786692222223,-0.77082919841452846,0,0,-0.77078974441000003,0.50528320471655586,0,0,0.50527280983333334,0.13460442399833941,0,0,0.13459978961777777,0.56150369754925744,0,0,0.56140259762
739,hold,8002105,58674,15426,28167,0.00010109992925744216,0,0.013089969389957471,0,0,1.5697586776435382,0,0,1.5697491024666665,-0.028311217840653623,0,0,-0.028291786692222223,-0.77082919841452846,0,0,-0.77078974441000003,0.50528320471655586,0,0,0.50527280983333334,0.13460442399833941,0,0,0.13459978961777777,0.56150369754925744,0,0,0.56140259762
740,hold,7998004,56678,17870,33602,0.00010109992925744216,0,0.013089969389957471,0,0,1.5697586776435382,0,0,1.5697491024666665,-0.028311217840653623,0,0,-0.028291786692222223,-0.77082919841452846,0,0,-0.77078974441000003,0.50528320471655586,0,0,0.50527280983333334,0.13460442399833941,0,0,0.13459978961777777,0.56150369754925744,0,0,0.56140259762
741,hold,7999465,56143,21204,37954,0.00010109992925744216,0,0.013089969389957471,0,0,1.5697586776435382,0,0,1.5697491024666665,-0.028311217840653623,0,0,-0.028291786692222223,-0.77082919841452846,0,0,-0.77078974441000003,0.50528320471655586,0,0,0.50527280983333334,0.13460442399833941,0,0,0.13459978961777777,0.56150369754925744,0,0,0.56140259762
742,hold,8000245,56388,14574,30111,0.00010109992925744216,0,0.013089969389957471,0,0,1.5697586776435382,0,0,1.5697491024666665,-0.028311217840653623,0,0,-0.028291786692222223,-0.77082919841452846,0,0,-0.77078974441000003,0.50528320471655586,0,0,0.50527280983333334,0.13460442399833941,0,0,0.13459978961777777,0.56150369754925744,0,0,0.56140259762
743,hold,8002096,58484,11334,23694,0.00010109992925744216,0,0.013089969389957471,0,0,1.5697586776435382,0,0,1.5697491024666665,-0.028311217840653623,0,0,-0.028291786692222223,-0.77082919841452846,0,0,-0.77078974441000003,0.50528320471655586,0,0,0.50527280983333334,0.13460442399833941,0,0,0.13459978961777777,0.56150369754925744,0,0,0.56140259762
744,hold,7997494,55978,10027,23222,0.00010109992925744216,0,0.013089969389957471,0,0,1.5697586776435382,0,0,1.5697491024666665,-0.028311217840653623,0,0,-0.028291786692222223,-0.77082919841452846,0,0,-0.77078974441000003,0.50528320471655586,0,0,0.50527280983333334,0.13460442399833941,0,0,0.13459978961777777,0.56150369754925744,0,0,0.56140259762
745,hold,8000171,56149,23389,48093,0.00010109992925744216,0,0.013089969389957471,0,0,1.5697586776435382,0,0,1.5697491024666665,-0.028311217840653623,0,0,-0.028291786692222223,-0.77082919841452846,0,0,-0.77078974441000003,0.50528320471655586,0,0,0.50527280983333334,0.13460442399833941,0,0,0.13459978961777777,0.56150369754925744,0,0,0.56140259762
746,hold,7999558,55707,14055,27352,0.00010109992925744216,0,0.013089969389957471,0,0,1.5697586776435382,0,0,1.5697491024666665,-0.028311217840653623,0,0,-0.028291786692222223,-0.77082919841452846,0,0,-0.77078974441000003,0.50528320471655586,0,0,0.50527280983333334,0.13460442399833941,0,0,0.13459978961777777,0.56150369754925744,0,0,0.56140259762
747,hold,8001698,57405,14509,36416,0.00010109992925744216,0,0.013089969389957471,0,0,1.5697586776435382,0,0,1.5697491024666665,-0.028311217840653623,0,0,-0.028291786692222223,-0.77082919841452846,0,0,-0.77078974441000003,0.50528320471655586,0,0,0.50527280983333334,0.13460442399833941,0,0,0.13459978961777777,0.56150369754925744,0,0,0.56140259762
748,hold,7998134,55539,19333,42463,0.00010109992925744216,0,0.013089969389957471,0,0,1.5697586776435382,0,0,1.5697491024666665,-0.028311217840653623,0,0,-0.028291786692222223,-0.77082919841452846,0,0,-0.77078974441000003,0.50528320471655586,0,0,0.50527280983333334,0.13460442399833941,0,0,0.13459978961777777,0.56150369754925744,0,0,0.56140259762
749,hold,8002197,57736,33334,64685,8.3646637035195148e-05,0,0.013089969389957471,0,0,1.5697586776435382,0,0,1.5697491024666665,-0.028311217840653623,0,0,-0.028291786692222223,-0.77082919841452846,0,0,-0.77078974441000003,0.50528320471655586,0,0,0.50527280983333334,0.13460442399833941,0,0,0.13459978961777777,0.56150369754925744,0,0,0.56142005091222225
750,hold,7997532,55268,19167,46306,8.3646637035195148e-05,0,0.013089969389957471,0,0,1.5697586776435382,0,0,1.5697491024666665,-0.028311217840653623,0,0,-0.028291786692222223,-0.77082919841452846,0,0,-0.77078974441000003,0.50528320471655586,0,0,0.50527280983333334,0.13460442399833941,0,0,0.13459978961777777,0.56150369754925744,0,0,0.56142005091222225
751,return,8017928,73196,18158,38705,8.3646637035195148e-05,0,0.013089969389957471,0,0,1.5697586776435382,0,0,1.5697491024666665,-0.028311217840653623,0,0,-0.028291786692222223,-0.77082919841452846,0,0,-0.77078974441000003,0.50528320471655586,0,0,0.50527280983333334,0.13460442399833941,0,0,0.13459978961777777,0.56150369752931739,-9.9604524891765169e-09,-3.7291838345895259e-06,0.56142005091222225
752,return,7986838,60034,19482,43407,8.3646617095145537e-05,1.4940678733764774e-09,0.013089969389957471,0,0,1.5697586776435382,0,0,1.5697491024666665,-0.028311217840653623,0,0,-0.028291786692222223,-0.77082919841452846,0,0,-0.77078974441000003,0.50528320471655586,0,0,0.50527280983333334,0.13460442399833941,0,0,0.13459978961777777,0.56150369723144122,-7.9301139192165138e-08,-1.4821230168038089e-05,0.56142005091222225
753,return,7999346,59380,23416,46120,8.3646319218977361e-05,1.189517087882477e-08,0.013089969389957471,0,0,1.5697586776435382,0,0,1.5697491024666665,-0.028311217840653623,0,0,-0.028291786692222223,-0.77082919841452846,0,0,-0.77078974441000003,0.50528320471655586,0,0,0.50527280983333334,0.13460442399833941,0,0,0.13459978961777777,0.56150369594649752,-2.6635460974744923e-07,-3.3133742651461231e-05,0.56142005091222225
754,return,8000346,59726,37019,65705,8.3645034275270369e-05,3.9953191462117385e-08,0.013089969389957471,0,0,1.5697586776435382,0,0,1.5697491024666665,-0.028311217840653623,0,0,-0.028291786692222223,-0.77082919841452846,0,0,-0.77078974441000003,0.50528320471655586,0,0,0.50527280983333334,0.13460442399833941,0,0,0.13459978961777777,0.56150369250323884,-6.2831882782420635e-07,-5.8525470526499897e-05,0.56142005091222225
755,return,8013939,73665,27472,56768,8.3641591016592187e-05,9.4247824173630949e-08,0.013089969389957471,0,0,1.5697586776435382,0,0,1.5697491024666665,-0.028311217840653623,0,0,-0.028291786692222223,-0.77082919841452846,0,0,-0.77078974441000003,0.50528320471655586,0,0,0.50527280983333334,0.13460442399833941,0,0,0.13459978961777777,0.56150368527734162,-1.2212663210885018e-06,-9.0856304935817982e-05,0.56142005091222225
756,return,7985420,59085,25546,52120,8.3634365119378273e-05,1.8318994816327527e-07,0.013089969389957471,0,0,1.5697586776435382,0,0,1.5697491024666665,-0.028311217840653623,0,0,-0.028291786692222223,-0.77082919841452846,0,0,-0.77078974441000003,0.50528320471655586,0,0,0.50527280983333334,0.13460442399833941,0,0,0.13459978961777777,0.56150367220037389,-2.1001533016534628e-06,-0.00012998727523359983,0.56142005091222225
757,return,8000753,59838,27463,57065,8.3621288151647377e-05,3.1502299524801938e-07,0.013089969389957471,0,0,1.5697586776435382,0,0,1.5697491024666665,-0.028311217840653623,0,0,-0.028291786692222223,-0.77082919841452846,0,0,-0.77078974441000003,0.50528320471655586,0,0,0.50527280983333334,0.13460442399833941,0,0,0.13459978961777777,0.56150365076868858,-3.3188287570134279e-06,-0.00017578054529604755,0.56142005091222225
758,return,8003032,62870,35935,68278,8.3599856466332056e-05,4.9782431355201415e-07,0.013089969389957471,0,0,1.5697586776435382,0,0,1.5697491024666665,-0.028311217840653623,0,0,-0.028291786692222223,-0.77082919841452846,0,0,-0.77078974441000003,0.50528320471655586,0,0,0.50527280983333334,0.13460442399833941,0,0,0.13459978961777777,0.56150361805224558,-4.9300435114620897e-06,-0.00022809940983187896,0.56142005091222225
759,return,8000771,63641,50574,87056,8.3567140023332875e-05,7.3950652671931344e-07,0.013089969389957471,0,0,1.5697586776435382,0,0,1.5697491024666665,-0.028311217840653623,0,0,-0.028291786692222223,-0.77082919841452846,0,0,-0.77078974441000003,0.50528320471655586,0,0,0.50527280983333334,0.13460442399833941,0,0,0.13459978961777777,0.56150357070336043,-6.9854592579945981e-06,-0.00028680829069282479,0.56142005091222225
760,return,8000439,64080,55250,122342,8.3519791138186861e-05,1.0478188886991898e-06,0.013089969389957471,0,0,1.5697586776435382,0,0,1.5697491024666665,-0.028311217840653623,0,0,-0.028291786692222223,-0.77082919841452846,0,0,-0.77078974441000003,0.50528320471655586,0,0,0.50527280983333334,0.13460442399833941,0,0,0.13459978961777777,0.56150350496538204,-9.5356575606936542e-06,-0.00035177273318412564,0.56142005091222225
761,return,7998356,62436,41139,80102,8.3454053159792707e-05,1.4303486341040482e-06,0.013089969389957471,0,0,1.5697586776435382,0,0,1.5697491024666665,-0.028311217840653623,0,0,-0.028291786692222223,-0.77082919841452846,0,0,-0.77078974441000003,0.50528320471655586,0,0,0.50527280983333334,0.13460442399833941,0,0,0.13459978961777777,0.56150341668129711,-1.2630148827599588e-05,-0.00042285940237503074,0.56142005091222225
762,return,8001151,63587,48361,81019,8.3365769074861262e-05,1.8945223241399382e-06,0.013089969389957471,0,0,1.5697586776435382,0,0,1.5697491024666665,-0.028311217840653623,0,0,-0.028291786692222223,-0.77082919841452846,0,0,-0.77078974441000003,0.50528320471655586,0,0,0.50527280983333334,0.13460442399833941,0,0,0.13459978961777777,0.56150330130226411,-1.6317381254064441e-05,-0.00049993607940929487,0.56142005091222225
763,return,8001568,65155,51240,83834,8.3250390041866851e-05,2.4476071881096661e-06,0.013089969389957471,0,0,1.5697586776435382,0,0,1.5697491024666665,-0.028311217840653623,0,0,-0.028291786692222223,-0.77082919841452846,0,0,-0.77078974441000003,0.50528320471655586,0,0,0.50527280983333334,0.13460442399833941,0,0,0.13459978961777777,0.56150315389607475,-2.0644749736589917e-05,-0.00058287165781567487,0.56142005091222225
764,return,7998087,63242,38963,73203,8.3102983852501033e-05,3.0967124604884875e-06,0.013089969389957471,0,0,1.5697586776435382,0,0,1.5697491024666665,-0.028311217840653623,0,0,-0.028291786692222223,-0.77082919841452846,0,0,-0.77078974441000003,0.50528320471655586,0,0,0.50527280983333334,0.13460442399833941,0,0,0.13459978961777777,0.56150296915554554,-2.565860475714947e-05,-0.00067153613981842867,0.56142005091222225
765,return,7998726,61968,52695,74166,8.2918243323293339e-05,3.8487907135724206e-06,0.013089969389957471,0,0,1.5697586776435382,0,0,1.5697491024666665,-0.028311217840653623,0,0,-0.028291786692222223,-0.77082919841452846,0,0,-0.77078974441000003,0.50528320471655586,0,0,0.50527280983333334,0.13460442399833941,0,0,0.13459978961777777,0.56150274140683687,-3.1404261237994317e-05,-0.00076580063264781214,0.56142005091222225
766,return,7998578,60546,34269,64111,8.2690494614623411e-05,4.7106391856991473e-06,0.013089969389957471,0,0,1.5697586776435382,0,0,1.5697491024666665,-0.028311217840653623,0,0,-0.028291786692222223,-0.77082919841452846,0,0,-0.77078974441000003,0.50528320471655586,0,0,0.50527280983333334,0.13460442399833941,0,0,0.13459978961777777,0.56150246461770281,-3.7926007366943307e-05,-0.00086553734485057658,0.56142005091222225
767,return,7998040,58586,25287,51898,8.2413705480566257e-05,5.6889011050414961e-06,0.013089969389957471,0,0,1.5697586776435382,0,0,1.5697491024666665,-0.028311217840653623,0,0,-0.028291786692222223,-0.77082919841452846,0,0,-0.77078974441000003,0.50528320471655586,0,0,0.50527280983333334,0.13460442399833941,0,0,0.13459978961777777,0.56150213240566949,-4.5267113393156991e-05,-0.00097061958260046596,0.56142005091222225
768,return,8008503,67089,40768,84408,8.208149344723914e-05,6.7900670089735485e-06,0.013089969389957471,0,0,1.5697586776435382,0,0,1.5697491024666665,-0.028311217840653623,0,0,-0.028291786692222223,-0.77082919841452846,0,0,-0.77078974441000003,0.50528320471655586,0,0,0.50527280983333334,0.13460442399833941,0,0,0.13459978961777777,0.56150173804614367,-5.3469840393395484e-05,-0.0010809217460087156,0.56142005091222225
769,return,7994513,61602,34703,75779,8.1687133921426458e-05,8.0204760590093226e-06,0.013089969389957471,0,0,1.5697586776435382,0,0,1.5697491024666665,-0.028311217840653623,0,0,-0.028291786692222223,-0.77082919841452846,0,0,-0.77078974441000003,0.50528320471655586,0,0,0.50527280983333334,0.13460442399833941,0,0,0.13459978961777777,0.56150127448045073,-6.2575449008760351e-05,-0.0011963193254345467,0.56142005091222225
770,return,7998003,59605,24963,52278,8.1223568228483423e-05,9.386317351314052e-06,0.013089969389957471,0,0,1.5697586776435382,0,0,1.5697491024666665,-0.028311217840653623,0,0,-0.028291786692222223,-0.77082919841452846,0,0,-0.77078974441000003,0.50528320471655586,0,0,0.50527280983333334,0.13460442399833941,0,0,0.13459978961777777,0.5615007343238041,-7.2624208151920641e-05,-0.0013166888977956684,0.56142005091222225
771,return,8004180,63785,28148,62436,6.323011935971401e-05,1.0893631222788097e-05,0.013089969389957471,0,0,1.5697586776435382,0,0,1.5697491024666665,-0.028311217840653623,0,0,-0.028291786692222223,-0.77082919841452846,0,0,-0.77078974441000003,0.50528320471655586,0,0,0.50527280983333334,0.13460442399833941,0,0,0.13459978961777777,0.56150010987320331,-8.3655403684822601e-05,-0.0014419081228787716,0.56143750420444438
772,return,7993309,57094,21592,45935,6.2605668758930477e-05,1.254831055272339e-05,0.013089969389957471,0,0,1.5697586776435382,0,0,1.5697491024666665,-0.028311217840653623,0,0,-0.028291786692222223,-0.77082919841452846,0,0,-0.77078974441000003,0.50528320471655586,0,0,0.50527280983333334,0.13460442399833941,0,0,0.13459978961777777,0.56149939311526498,-9.5707347066883557e-05,-0.0015718557396500268,0.56143750420444438
773,return,7999513,56607,22037,40694,6.1888910820595555e-05,1.4356102060032534e-05,0.013089969389957471,0,0,1.5697586776435382,0,0,1.5697491024666665,-0.028311217840653623,0,0,-0.028291786692222223,-0.77082919841452846,0,0,-0.77078974441000003,0.50528320471655586,0,0,0.50527280983333334,0.13460442399833941,0,0,0.13459978961777777,0.56149857573398243,-0.00010881738397367004,-0.001706411562565586,0.56143750420444438
774,return,7999485,56092,10667,29000,6.1071529538048175e-05,1.6322607596050506e-05,0.013089969389957471,0,0,1.5697586776435382,0,0,1.5697491024666665,-0.028311217840653623,0,0,-0.028291786692222223,-0.77082919841452846,0,0,-0.77078974441000003,0.50528320471655586,0,0,0.50527280983333334,0.13460442399833941,0,0,0.13459978961777777,0.56149764911841837,-0.00012302190288605895,-0.0018454564778820721,0.56143750420444438
775,return,8002947,59039,19222,40111,6.0144913973991798e-05,1.8453285432908843e-05,0.013089969389957471,0,0,1.5697586776435382,0,0,1.5697491024666665,-0.028311217840653623,0,0,-0.028291786692222223,-0.77082919841452846,0,0,-0.77078974441000003,0.50528320471655586,0,0,0.50527280983333334,0.13460442399833941,0,0,0.13459978961777777,0.56149660437032778,-0.00013835634364988398,-0.0019888724399670819,0.56143750420444438
776,return,7999060,58099,22732,42611,5.9100165883396727e-05,2.0753451547482598e-05,0.013089969389957471,0,0,1.5697586776435382,0,0,1.5697491024666665,-0.028311217840653623,0,0,-0.028291786692222223,-0.77082919841452846,0,0,-0.77078974441000003,0.50528320471655586,0,0,0.50527280983333334,0.13460442399833941,0,0,0.13459978961777777,0.56149543231171295,-0.0001548552060060652,-0.002136542467609687,0.56143750420444438
777,return,7996762,54861,17047,34047,5.7928107268567786e-05,2.322828090090978e-05,0.013089969389957471,0,0,1.5697586776435382,0,0,1.5697491024666665,-0.028311217840653623,0,0,-0.028291786692222223,-0.77082919841452846,0,0,-0.77078974441000003,0.50528320471655586,0,0,0.50527280983333334,0.13460442399833941,0,0,0.13459978961777777,0.56149412349231032,-0.00017255205809122264,-0.0022883506403309213,0.56143750420444438
778,return,8004383,59244,9861,25547,5.6619287865933288e-05,2.5882808713683396e-05,0.013089969389957471,0,0,1.5697586776435382,0,0,1.5697491024666665,-0.028311217840653623,0,0,-0.028291786692222223,-0.77082919841452846,0,0,-0.77078974441000003,0.50528320471655586,0,0,0.50527280983333334,0.13460442399833941,0,0,0.13459978961777777,0.5614926681970096,-0.0001914795449087742,-0.0024441820946942872,0.56143750420444438
779,return,7999041,58285,15981,32852,5.516399256522142e-05,2.8721931736316131e-05,0.013089969389957471,0,0,1.5697586776435382,0,0,1.5697491024666665,-0.028311217840653623,0,0,-0.028291786692222223,-0.77082919841452846,0,0,-0.77078974441000003,0.50528320471655586,0,0,0.50527280983333334,0.13460442399833941,0,0,0.13459978961777777,0.56149105645320452,-0.00021166939677051745,-0.0026039230206162502,0.56143750420444438
780,return,7998475,56760,20769,34593,3.609895653788886e-05,3.1750409515577616e-05,0.013089969389957471,0,0,1.5697586776435382,0,0,1.5697491024666665,-0.028311217840653623,0,0,-0.028291786692222223,-0.77082919841452846,0,0,-0.77078974441000003,0.50528320471655586,0,0,0.50527280983333334,0.13460442399833941,0,0,0.13459978961777777,0.56148927803807724,-0.00023315243770869487,-0.0027674606576767354,0.56145495749666663
781,return,7999069,55829,12288,25981,3.4320541410615135e-05,3.4972865656304231e-05,0.013089969389957471,0,0,1.5697586776435382,0,0,1.5697491024666665,-0.028311217840653623,0,0,-0.028291786692222223,-0.77082919841452846,0,0,-0.77078974441000003,0.50528320471655586,0,0,0.50527280983333334,0.13460442399833941,0,0,0.13459978961777777,0.56148732248581479,-0.00025595859385854408,-0.0029346832914296252,0.56145495749666663
782,return,7998429,54258,12259,27398,3.2364989148159218e-05,3.8393789078781608e-05,0.013089969389957471,0,0,1.5697586776435382,0,0,1.5697491024666665,-0.028311217840653623,0,0,-0.028291786692222223,-0.77082919841452846,0,0,-0.77078974441000003,0.50528320471655586,0,0,0.50527280983333334,0.13460442399833941,0,0,0.13459978961777777,0.56148517909475903,-0.0002801169018113313,-0.0031054802497132599,0.56145495749666663
783,return,8006494,60752,26880,51176,3.0221598092405877e-05,4.2017535271699693e-05,0.013089969389957471,0,0,1.5697586776435382,0,0,1.5697491024666665,-0.028311217840653623,0,0,-0.028291786692222223,-0.77082919841452846,0,0,-0.77078974441000003,0.50528320471655586,0,0,0.50527280983333334,0.13460442399833941,0,0,0.13459978961777777,0.56148283693448908,-0.00030565551693786876,-0.0032797418989609296,0.56145495749666663
784,return,7995476,56228,15287,31352,2.787943782245339e-05,4.5848327540680314e-05,0.013089969389957471,0,0,1.5697586776435382,0,0,1.5697491024666665,-0.028311217840653623,0,0,-0.028291786692222223,-0.77082919841452846,0,0,-0.77078974441000003,0.50528320471655586,0,0,0.50527280983333334,0.13460442399833941,0,0,0.13459978961777777,0.56148028485283885,-0.00033260172168251661,-0.0034573596405113793,0.56145495749666663
785,return,8000567,56795,13482,30833,2.532735617222226e-05,4.9890258252377489e-05,0.013089969389957471,0,0,1.5697586776435382,0,0,1.5697491024666665,-0.028311217840653623,0,0,-0.028291786692222223,-0.77082919841452846,0,0,-0.77078974441000003,0.50528320471655586,0,0,0.50527280983333334,0.13460442399833941,0,0,0.13459978961777777,0.5614775114828463,-0.00036098193382766853,-0.0036382259069192972,0.56145495749666663
786,return,7998393,55188,26019,48121,2.255398617967419e-05,5.4147290074150276e-05,0.013089969389957471,0,0,1.5697586776435382,0,0,1.5697491024666665,-0.028311217840653623,0,0,-0.028291786692222223,-0.77082919841452846,0,0,-0.77078974441000003,0.50528320471655586,0,0,0.50527280983333334,0.13460442399833941,0,0,0.13459978961777777,0.56147450524963882,-0.00039082171472872072,-0.0038222341582658196,0.56145495749666663
787,return,7999262,54450,14232,30269,1.9547752972193244e-05,5.8623257209308103e-05,0.013089969389957471,0,0,1.5697586776435382,0,0,1.5697491024666665,-0.028311217840653623,0,0,-0.028291786692222223,-0.77082919841452846,0,0,-0.77078974441000003,0.50528320471655586,0,0,0.50527280983333334,0.13460442399833941,0,0,0.13459978961777777,0.56147125437725098,-0.0004221457775195261,-0.0040092788784690239,0.56145495749666663
788,return,8002753,57203,20676,47704,1.6296880584354412e-05,6.332186662792891e-05,0.013089969389957471,0,0,1.5697586776435382,0,0,1.5697491024666665,-0.028311217840653623,0,0,-0.028291786692222223,-0.77082919841452846,0,0,-0.77078974441000003,0.50528320471655586,0,0,0.50527280983333334,0.13460442399833941,0,0,0.13459978961777777,0.56146774689537793,-0.0004549779952883324,-0.0041992555715944339,0.56145495749666663
789,return,8000151,57354,34307,60055,1.2789398711299249e-05,6.8246699293249863e-05,0.013089969389957471,0,0,1.5697586776435382,0,0,1.5697491024666665,-0.028311217840653623,0,0,-0.028291786692222223,-0.77082919841452846,0,0,-0.77078974441000003,0.50528320471655586,0,0,0.50527280983333334,0.13460442399833941,0,0,0.13459978961777777,0.56146397064606335,-0.00048934140922420163,-0.0043920607581655014,0.56145495749666663
790,return,8001494,58848,19287,37990,9.0131493967193776e-06,7.3401211383630242e-05,0.013089969389957471,0,0,1.5697586776435382,0,0,1.5697491024666665,-0.028311217840653623,0,0,-0.028291786692222223,-0.77082919841452846,0,0,-0.77078974441000003,0.50528320471655586,0,0,0.50527280983333334,0.13460442399833941,0,0,0.13459978961777777,0.56145991329032174,-0.00052525823673391797,-0.0045875919714741227,0.56145495749666663
791,return,7999198,58046,16426,38278,4.9557936551147819e-06,7.8788735510087695e-05,0.013089969389957471,0,0,1.5697586776435382,0,0,1.5697491024666665,-0.028311217840653623,0,0,-0.028291786692222223,-0.77082919841452846,0,0,-0.77078974441000003,0.50528320471655586,0,0,0.50527280983333334,0.13460442399833941,0,0,0.13459978961777777,0.5614555623146964,-0.00056274987952937541,-0.0047857477538911239,0.56145495749666663
792,return,7999253,57299,19648,42315,6.0481802977019328e-07,8.4412481929406312e-05,0.013089969389957471,0,0,1.5697586776435382,0,0,1.5697491024666665,-0.028311217840653623,0,0,-0.028291786692222223,-0.77082919841452846,0,0,-0.77078974441000003,0.50528320471655586,0,0,0.50527280983333334,0.13460442399833941,0,0,0.13459978961777777,0.56145090503775319,-0.00060183693168545233,-0.0049864276531767599,0.56145495749666663
793,return,7998559,55858,12787,32750,4.0524589134394162e-06,9.0275539752817852e-05,0.013089969389957471,0,0,1.5697586776435382,0,0,1.5697491024666665,-0.028311217840653623,0,0,-0.028291786692222223,-0.77082919841452846,0,0,-0.77078974441000003,0.50528320471655586,0,0,0.50527280983333334,0.13460442399833941,0,0,0.13459978961777777,0.56144592861650888,-0.00064253918766836828,-0.0051895322187912154,0.56145495749666663
794,return,8001974,57832,12935,25333,9.0288801577464994e-06,9.6380878150255239e-05,0.013089969389957471,0,0,1.5697586776435382,0,0,1.5697491024666665,-0.028311217840653623,0,0,-0.028291786692222223,-0.77082919841452846,0,0,-0.77078974441000003,0.50528320471655586,0,0,0.50527280983333334,0.13460442399833941,0,0,0.13459978961777777,0.56144062005279638,-0.00068487565033452575,-0.0053949629982050981,0.56145495749666663
795,return,7999365,57197,12231,31028,1.4337443870249267e-05,0.00010273134755017887,0.013089969389957471,0,0,1.5697586776435382,0,0,1.5697491024666665,-0.028311217840653623,0,0,-0.028291786692222223,-0.77082919841452846,0,0,-0.77078974441000003,0.50528320471655586,0,0,0.50527280983333334,0.13460442399833941,0,0,0.13459978961777777,0.56143496619956546,-0.00072886453889983629,-0.0056026225332099491,0.56145495749666663
796,return,8000087,57284,18852,34315,1.9991297101173977e-05,0.00010932968083497544,0.013089969389957471,0,0,1.5697586776435382,0,0,1.5697491024666665,-0.028311217840653623,0,0,-0.028291786692222223,-0.77082919841452846,0,0,-0.77078974441000003,0.50528320471655586,0,0,0.50527280983333334,0.13460442399833941,0,0,0.13459978961777777,0.56142895376712054,-0.00077452329687952774,-0.0058124143562287133,0.56145495749666663
797,return,8003207,60491,19379,32842,2.6003729546086873e-05,0.00011617849453192916,0.013089969389957471,0,0,1.5697586776435382,0,0,1.5697491024666665,-0.028311217840653623,0,0,-0.028291786692222223,-0.77082919841452846,0,0,-0.77078974441000003,0.50528320471655586,0,0,0.50527280983333334,0.13460442399833941,0,0,0.13459978961777777,0.56142256932929413,-0.00082186859999843907,-0.0060242429866262668,0.56145495749666663
798,return,8000216,60707,11741,29010,3.2388167372499055e-05,0.00012328028999976584,0.013089969389957471,0,0,1.5697586776435382,0,0,1.5697491024666665,-0.028311217840653623,0,0,-0.028291786692222223,-0.77082919841452846,0,0,-0.77078974441000003,0.50528320471655586,0,0,0.50527280983333334,0.13460442399833941,0,0,0.13459978961777777,0.56141579932955787,-0.00087091636407179865,-0.0062380139270198963,0.56145495749666663
799,return,7994845,55552,19714,44584,3.915816710875486e-05,0.00013063745461076978,0.013089969389957471,0,0,1.5697586776435382,0,0,1.5697491024666665,-0.028311217840653623,0,0,-0.028291786692222223,-0.77082919841452846,0,0,-0.77078974441000003,0.50528320471655586,0,0,0.50527280983333334,0.13460442399833941,0,0,0.13459978961777777,0.56140863008707032,-0.00092168175285648314,-0.006453633659589798,0.56145495749666663
800,return,8004124,59676,21046,53445,4.6327409596313984e-05,0.00013825226292847246,0.013089969389957471,0,0,1.5697586776435382,0,0,1.5697491024666665,-0.028311217840653623,0,0,-0.028291786692222223,-0.77082919841452846,0,0,-0.77078974441000003,0.50528320471655586,0,0,0.50527280983333334,0.13460442399833941,0,0,0.13459978961777777,0.56140104780266209,-0.00097417918587276546,-0.006671009642389588,0.56145495749666663
801,return,7997133,56809,22546,43926,5.3909694004539155e-05,0.0001461268778809148,0.013089969389957471,0,0,1.5697586776435382,0,0,1.5697491024666665,-0.028311217840653623,0,0,-0.028291786692222223,-0.77082919841452846,0,0,-0.77078974441000003,0.50528320471655586,0,0,0.50527280983333334,0.13460442399833941,0,0,0.13459978961777777,0.56139303856475875,-0.0010284223461965415,-0.0068900503056567829,0.56145495749666663
802,return,8000457,57266,22296,45825,6.1918931907878338e-05,0.00015426335192948121,0.013089969389957471,0,0,1.5697586776435382,0,0,1.5697491024666665,-0.028311217840653623,0,0,-0.028291786692222223,-0.77082919841452846,0,0,-0.77078974441000003,0.50528320471655586,0,0,0.50527280983333334,0.13460442399833941,0,0,0.13459978961777777,0.56138458835524097,-0.001084424188222045,-0.0071106650481233069,0.56145495749666663
803,return,8016512,73778,24926,47269,7.0369141425663528e-05,0.00016266362823330675,0.013089969389957471,0,0,1.5697586776435382,0,0,1.5697491024666665,-0.028311217840653623,0,0,-0.028291786692222223,-0.77082919841452846,0,0,-0.77078974441000003,0.50528320471655586,0,0,0.50527280983333334,0.13460442399833941,0,0,0.13459978961777777,0.56137568305524344,-0.0011421969453950444,-0.0073327642333259864,0.56145495749666663
804,return,7986476,60254,35268,64398,7.9274441423193842e-05,0.00017132954180925665,0.013089969389957471,0,0,1.5697586776435382,0,0,1.5697665557588889,-0.028311217840653623,0,0,-0.028291786692222223,-0.77082919841452846,0,0,-0.77078974441000003,0.50528320471655586,0,0,0.50527280983333334,0.13460442399833941,0,0,0.13459978961777777,0.56136630845089108,-0.0012017521379165254,-0.0075562591859170501,0.56145495749666663
805,return,7999891,60145,22769,48769,8.864904577554622e-05,0.00018026282068747879,0.013089969389957471,0,0,1.5697586776435382,0,0,1.5697491024666665,-0.028311217840653623,0,0,-0.028291786692222223,-0.77082919841452846,0,0,-0.77078974441000003,0.50528320471655586,0,0,0.50527280983333334,0.13460442399833941,0,0,0.13459978961777777,0.56135645023897474,-0.0012631005804168514,-0.0077810621879746255,0.56145495749666663
806,return,8001124,61269,21723,44611,9.850725769189328e-05,0.0001894650870625277,0.013089969389957471,0,0,1.5697586776435382,0,0,1.5697491024666665,-0.028311217840653623,0,0,-0.028291786692222223,-0.77082919841452846,0,0,-0.77078974441000003,0.50528320471655586,0,0,0.50527280983333334,0.13460442399833941,0,0,0.13459978961777777,0.56134609403256519,-0.0013262523896004198,-0.0080070864753132315,0.56145495749666663
807,return,7998178,59447,22685,136510,7.3956879657055552e-05,0.00019893785844006298,0.013089969389957471,0,0,1.5697586776435382,0,0,1.5697491024666665,-0.028311217840653623,0,0,-0.028291786692222223,-0.77082919841452846,0,0,-0.77078974441000003,0.50528320471655586,0,0,0.50527280983333334,0.13460442399833941,0,0,0.13459978961777777,0.56133522536656555,-0.0013912169918607893,-0.0082342462337942832,0.56142005091222225
808,return,8001661,61108,31139,85787,3.2465668989956065e-05,0.00020868254877911839,0.013089969389957471,0,0,1.5697586776435382,0,0,1.5697491024666665,-0.028311217840653623,0,0,-0.028291786692222223,-0.77082919841452846,0,0,-0.77078974441000003,0.50528320471655586,0,0,0.50527280983333334,0.13460442399833941,0,0,0.13459978961777777,0.56132382970320405,-0.0014580031308662992,-0.0084624565956365888,0.5613676910355555
809,return,8006652,67760,58805,95250,2.6408040129322075e-05,0.00021870046962994488,0.013089969389957471,0,0,1.5697586776435382,0,0,1.5697491024666665,-0.028311217840653623,0,0,-0.028291786692222223,-0.77082919841452846,0,0,-0.77078974441000003,0.50528320471655586,0,0,0.50527280983333334,0.13460442399833941,0,0,0.13459978961777777,0.56131189243746504,-0.0015266188751161714,-0.0086916336357268399,0.56135023774333337
810,return,7994382,62142,30713,57787,3.8345305868325852e-05,0.00022899283126742568,0.013089969389957471,0,0,1.5697586776435382,0,0,1.5697491024666665,-0.028311217840653623,0,0,-0.028291786692222223,-0.77082919841452846,0,0,-0.77078974441000003,0.50528320471655586,0,0,0.50527280983333334,0.13460442399833941,0,0,0.13459978961777777,0.56129939890246061,-0.0015970716254670929,-0.0089216943679301091,0.56135023774333337
811,return,7997457,59599,30351,63861,5.0838840872757807e-05,0.00023956074382006391,0.013089969389957471,0,0,1.5697586776435382,0,0,1.5697491024666665,-0.028311217840653623,0,0,-0.028291786692222223,-0.77082919841452846,0,0,-0.77078974441000003,0.50528320471655586,0,0,0.50527280983333334,0.13460442399833941,0,0,0.13459978961777777,0.5612863343747414,-0.0016693681226302888,-0.0091525567414003674,0.56135023774333337
812,return,7999586,59185,38092,67389,6.3903368591966547e-05,0.00025040521839454332,0.013089969389957471,0,0,1.5697586776435382,0,0,1.5697491024666665,-0.028311217840653623,0,0,-0.028291786692222223,-0.77082919841452846,0,0,-0.77078974441000003,0.50528320471655586,0,0,0.50527280983333334,0.13460442399833941,0,0,0.13459978961777777,0.56127268407954822,-0.0017435144546390723,-0.0093841396368909546,0.56135023774333337
813,return,8004393,63578,41416,83880,7.7553663785145943e-05,0.00026152716819586084,0.013089969389957471,0,0,1.5697586776435382,0,0,1.5697491024666665,-0.028311217840653623,0,0,-0.028291786692222223,-0.77082919841452846,0,0,-0.77078974441000003,0.50528320471655586,0,0,0.50527280983333334,0.13460442399833941,0,0,0.13459978961777777,0.56125843319600344,-0.0018195160642868811,-0.0096163628630650914,0.56135023774333337
814,return,7998040,61618,28000,55805,9.1804547329932262e-05,0.00027292740964303218,0.013089969389957471,0,0,1.5697586776435382,0,0,1.5697491024666665,-0.028311217840653623,0,0,-0.028291786692222223,-0.77082919841452846,0,0,-0.77078974441000003,0.50528320471655586,0,0,0.50527280983333334,0.13460442399833941,0,0,0.13459978961777777,0.5612435668622433,-0.001897377756535801,-0.0098491471528063725,0.56135023774333337
815,return,8002216,63834,22398,48500,0.00010667088109006517,0.00028460666348037016,0.013089969389957471,0,0,1.5697586776435382,0,0,1.5697491024666665,-0.028311217840653623,0,0,-0.028291786692222223,-0.77082919841452846,0,0,-0.77078974441000003,0.50528320471655586,0,0,0.50527280983333334,0.13460442399833941,0,0,0.13459978961777777,0.56122807018049126,-0.0019771037058955712,-0.010082414159529268,0.56135023774333337
816,return,7996921,60755,30565,59287,0.00012216756284211261,0.00029656555588433568,0.013089969389957471,0,0,1.5697586776435382,0,0,1.5697491024666665,-0.028311217840653623,0,0,-0.028291786692222223,-0.77082919841452846,0,0,-0.77078974441000003,0.50528320471655586,0,0,0.50527280983333334,0.13460442399833941,0,0,0.13459978961777777,0.56121192822207155,-0.0020586974637730668,-0.010316086453489613,0.56135023774333337
817,return,8003577,64332,34639,65575,0.00013830952126181462,0.00030880461956595998,0.013089969389957471,0,0,1.5697586776435382,0,0,1.5697491024666665,-0.028311217840653623,0,0,-0.028291786692222223,-0.77082919841452846,0,0,-0.77078974441000003,0.50528320471655586,0,0,0.50527280983333334,0.13460442399833941,0,0,0.13459978961777777,0.56119512603236565,-0.0021421619657922835,-0.010550087518095124,0.56135023774333337
818,return,7996902,61234,26148,50195,0.0001551117109677147,0.00032132429486884251,0.013089969389957471,0,0,1.5697586776435382,0,0,1.5697491024666665,-0.028311217840653623,0,0,-0.028291786692222223,-0.77082919841452846,0,0,-0.77078974441000003,0.50528320471655586,0,0,0.50527280983333334,0.13460442399833941,0,0,0.13459978961777777,0.56117764863570874,-0.0022274995390847829,-0.010784341746215865,0.56135023774333337
819,return,7999642,60876,22723,50908,0.0001725891076246322,0.00033412493086271741,0.013089969389957471,0,0,1.5697586776435382,0,0,1.5697491024666665,-0.028311217840653623,0,0,-0.028291786692222223,-0.77082919841452846,0,0,-0.77078974441000003,0.50528320471655586,0,0,0.50527280983333334,0.13460442399833941,0,0,0.13459978961777777,0.56115948104022839,-0.0023147119095506415,-0.011018774436494783,0.56135023774333337
820,return,8003688,64564,27370,59852,0.00019075670310497728,0.00034720678643259621,0.013089969389957471,0,0,1.5697586776435382,0,0,1.5697491024666665,-0.028311217840653623,0,0,-0.028291786692222223,-0.77082919841452846,0,0,-0.77078974441000003,0.50528320471655586,0,0,0.50527280983333334,0.13460442399833941,0,0,0.13459978961777777,0.56114060824262624,-0.0024038002090898685,-0.011253311789658165,0.56135023774333337
821,return,8000977,65541,45305,93065,0.00020962950070713138,0.00036057003136348028,0.013089969389957471,0,0,1.5697586776435382,0,0,1.5697491024666665,-0.028311217840653623,0,0,-0.028291786692222223,-0.77082919841452846,0,0,-0.77078974441000003,0.50528320471655586,0,0,0.50527280983333334,0.13460442399833941,0,0,0.13459978961777777,0.56112101523290037,-0.0024947649828043214,-0.011487880904826171,0.56135023774333337
822,return,7992586,58127,30408,59944,0.00021176921821075556,0.00037421474742064821,0.013089969389957471,0,0,1.5697586776435382,0,0,1.5697491024666665,-0.028311217840653623,0,0,-0.028291786692222223,-0.77082919841452846,0,0,-0.77078974441000003,0.50528320471655586,0,0,0.50527280983333334,0.13460442399833941,0,0,0.13459978961777777,0.56110068699901139,-0.0025876061961700968,-0.011722409775823315,0.56133278445111112
823,return,7999059,57186,13658,27843,0.0002320974520997332,0.0003881409294255145,0.013089969389957471,0,0,1.5697586776435382,0,0,1.5697491024666665,-0.028311217840653623,0,0,-0.028291786692222223,-0.77082919841452846,0,0,-0.77078974441000003,0.50528320471655586,0,0,0.50527280983333334,0.13460442399833941,0,0,0.13459978961777777,0.56107960853149097,-0.0026823232421804019,-0.011956827287488954,0.56133278445111112
824,return,7997430,54616,15593,35898,0.00025317591962015218,0.00040234848632706029,0.013089969389957471,0,0,1.5697586776435382,0,0,1.5697491024666665,-0.028311217840653623,0,0,-0.028291786692222223,-0.77082919841452846,0,0,-0.77078974441000003,0.50528320471655586,0,0,0.50527280983333334,0.13460442399833941,0,0,0.13459978961777777,0.56105776482799286,-0.002778914948458929,-0.012191063211987808,0.56133278445111112
825,return,8002781,57397,25074,46759,0.00025756633089613068,0.00041683724226883936,0.013089969389957471,0,0,1.5697586776435382,0,0,1.5697491024666665,-0.028311217840653623,0,0,-0.028291786692222223,-0.77082919841452846,0,0,-0.77078974441000003,0.50528320471655586,0,0,0.50527280983333334,0.13460442399833941,0,0,0.13459978961777777,0.56103514089778772,-0.0028773795843436809,-0.012425048205120439,0.56131533115888899
826,return,7996587,53984,15953,32370,0.00028019026110126521,0.00043160693765155212,0.013089969389957471,0,0,1.5697586776435382,0,0,1.5697491024666665,-0.028311217840653623,0,0,-0.028291786692222223,-0.77082919841452846,0,0,-0.77078974441000003,0.50528320471655586,0,0,0.50527280983333334,0.13460442399833941,0,0,0.13459978961777777,0.56101172176620107,-0.0029777148679413158,-0.012658713802633757,0.56131533115888899
827,return,8009762,63746,15009,33649,0.0003036093926879202,0.00044665723019119736,0.013089969389957471,0,0,1.5697586776435382,0,0,1.5697491024666665,-0.028311217840653623,0,0,-0.028291786692222223,-0.77082919841452846,0,0,-0.77078974441000003,0.50528320471655586,0,0,0.50527280983333334,0.13460442399833941,0,0,0.13459978961777777,0.56098749247899526,-0.003079917973151952,-0.012891992416531505,0.56131533115888899
828,return,7992837,56583,11889,25518,0.00032783867989372162,0.00046198769597279276,0.013089969389957471,0,0,1.5697586776435382,0,0,1.5697491024666665,-0.028311217840653623,0,0,-0.028291786692222223,-0.77082919841452846,0,0,-0.77078974441000003,0.50528320471655586,0,0,0.50527280983333334,0.13460442399833941,0,0,0.13459978961777777,0.56096243810669466,-0.0031839855366644666,-0.013124817331384781,0.56131533115888899
829,return,7999818,56401,19631,28306,0.00033543975997196718,0.00047759783049966997,0.013089969389957471,0,0,1.5697586776435382,0,0,1.5697491024666665,-0.028311217840653623,0,0,-0.028291786692222223,-0.77082919841452846,0,0,-0.77078974441000003,0.50528320471655586,0,0,0.50527280983333334,0.13460442399833941,0,0,0.13459978961777777,0.56093654374885604,-0.0032899136649222811,-0.013357122700642519,0.56129787786666663
830,return,8000717,57118,19500,42398,0.00036133411781058555,0.00049348704973834216,0.013089969389957471,0,0,1.5697586776435382,0,0,1.5697491024666665,-0.028311217840653623,0,0,-0.028291786692222223,-0.77082919841452846,0,0,-0.77078974441000003,0.50528320471655586,0,0,0.50527280983333334,0.13460442399833941,0,0,0.13459978961777777,0.56090979453828238,-0.0033976979410596147,-0.013588843542941979,0.56129787786666663
831,return,8001170,58288,12575,33963,0.00038808332838424775,0.00050965469115894215,0.013089969389957471,0,0,1.5697586776435382,0,0,1.5697491024666665,-0.028311217840653623,0,0,-0.028291786692222223,-0.77082919841452846,0,0,-0.77078974441000003,0.50528320471655586,0,0,0.50527280983333334,0.13460442399833941,0,0,0.13459978961777777,0.5608821756451815,-0.0035073334318082424,-0.01381991573841926,0.56129787786666663
832,return,7998281,56569,10417,24537,0.00041570222148512581,0.00052610001477123637,0.013089969389957471,0,0,1.5697586776435382,0,0,1.5697491024666665,-0.028311217840653623,0,0,-0.028291786692222223,-0.77082919841452846,0,0,-0.77078974441000003,0.50528320471655586,0,0,0.50527280983333334,0.13460442399833941,0,0,0.13459978961777777,0.56085367228127059,-0.0036188146943747306,-0.014050276025019792,0.56129787786666663
833,return,8006124,62693,29740,55574,0.00042675229317390428,0.00054282220415620961,0.013089969389957471,0,0,1.5697586776435382,0,0,1.5697491024666665,-0.028311217840653623,0,0,-0.028291786692222223,-0.77082919841452846,0,0,-0.77078974441000003,0.50528320471655586,0,0,0.50527280983333334,0.13460442399833941,0,0,0.13459978961777777,0.56082426970382393,-0.0037321357832881359,-0.014279861994808837,0.56128042457444449
834,return,7994744,57437,29973,42186,0.00045615487062056204,0.00055982036749322036,0.013089969389957471,0,0,1.5697586776435382,0,0,1.5697491024666665,-0.028311217840653623,0,0,-0.028291786692222223,-0.77082919841452846,0,0,-0.77078974441000003,0.50528320471655586,0,0,0.50527280983333334,0.13460442399833941,0,0,0.13459978961777777,0.56079395321966774,-0.00384729025721823,-0.014508612090281975,0.56128042457444449
835,return,8000448,57885,12555,27056,0.00046901806255450484,0.00057709353858273449,0.013089969389957471,0,0,1.5697586776435382,0,0,1.5697491024666665,-0.028311217840653623,0,0,-0.028291786692222223,-0.77082919841452846,0,0,-0.77078974441000003,0.50528320471655586,0,0,0.50527280983333334,0.13460442399833941,0,0,0.13459978961777777,0.56076270818911989,-0.0039642711857641646,-0.014736465600675611,0.56126297128222224
836,return,7998263,56148,10704,28139,0.00050026309310235995,0.00059464067786462469,0.013089969389957471,0,0,1.5697586776435382,0,0,1.5697491024666665,-0.028311217840653623,0,0,-0.028291786692222223,-0.77082919841452846,0,0,-0.77078974441000003,0.50528320471655586,0,0,0.50527280983333334,0.13460442399833941,0,0,0.13459978961777777,0.56073052002987489,-0.0040830711562136511,-0.014963362658277473,0.56126297128222224
837,return,7999577,55725,27666,68926,0.00053245125234735458,0.00061246067343204765,0.013089969389957471,0,0,1.5697586776435382,0,0,1.5697491024666665,-0.028311217840653623,0,0,-0.028291786692222223,-0.77082919841452846,0,0,-0.77078974441000003,0.50528320471655586,0,0,0.50527280983333334,0.13460442399833941,0,0,0.13459978961777777,0.56069737422083588,-0.0042036822802726101,-0.015189244234737109,0.56126297128222224
838,return,8002939,58664,20990,43510,0.0005481437691640112,0.00063055234204089153,0.013089969389957471,0,0,1.5697586776435382,0,0,1.5697491024666665,-0.028311217840653623,0,0,-0.028291786692222223,-0.77082919841452846,0,0,-0.77078974441000003,0.50528320471655586,0,0,0.50527280983333334,0.13460442399833941,0,0,0.13459978961777777,0.5606632563058922,-0.0043260962007653008,-0.01541405213737637,0.56124551798999989
839,return,7997799,56463,15166,32361,0.00056480839188555176,0.00064891443011479513,0.013089969389957471,0,0,1.5697586776435382,0,0,1.5697491024666665,-0.028311217840653623,0,0,-0.028291786692222223,-0.77082919841452846,0,0,-0.77078974441000003,0.50528320471655586,0,0,0.50527280983333334,0.13460442399833941,0,0,0.13459978961777777,0.56062815189764426,-0.0044503040983049618,-0.015637729005499944,0.56122806469777775
840,return,7998773,55236,9565,28389,0.00059991280013349524,0.00066754561474574429,0.013089969389957471,0,0,1.5697586776435382,0,0,1.5697491024666665,-0.028311217840653623,0,0,-0.028291786692222223,-0.77082919841452846,0,0,-0.77078974441000003,0.50528320471655586,0,0,0.50527280983333334,0.13460442399833941,0,0,0.13459978961777777,0.56059204668107387,-0.0045762966979348892,-0.015860218306705809,0.56122806469777775
841,return,8000679,55915,12129,27093,0.00060111143225949348,0.00068644450469023332,0.013089969389957471,0,0,1.5697586776435382,0,0,1.5697491024666665,-0.028311217840653623,0,0,-0.028291786692222223,-0.77082919841452846,0,0,-0.77078974441000003,0.50528320471655586,0,0,0.50527280983333334,0.13460442399833941,0,0,0.13459978961777777,0.56055492641716287,-0.0047040642757400436,-0.016081464333195759,0.56119315811333337
842,return,8000338,56253,15889,36509,0.00062077840394825223,0.00070560964136100657,0.013089969389957471,0,0,1.5697586776435382,0,0,1.5697491024666665,-0.028311217840653623,0,0,-0.028291786692222223,-0.77082919841452846,0,0,-0.77078974441000003,0.50528320471655586,0,0,0.50527280983333334,0.13460442399833941,0,0,0.13459978961777777,0.56051677694645829,-0.0048335966654291136,-0.016301412198085893,0.56117570482111112
843,return,7999752,56005,12139,33129,0.00064147458243057898,0.000725039499814367,0.013089969389957471,0,0,1.5697586776435382,0,0,1.5697491024666665,-0.028311217840653623,0,0,-0.028291786692222223,-0.77082919841452846,0,0,-0.77078974441000003,0.50528320471655586,0,0,0.50527280983333334,0.13460442399833941,0,0,0.13459978961777777,0.56047758419258509,-0.0049648832648870782,-0.016520007831717101,0.56115825152888887
844,return,7999429,55434,10297,25112,0.0006632140440816503,0.00074473248973306173,0.013089969389957471,0,0,1.5697586776435382,0,0,1.5697491024666665,-0.028311217840653623,0,0,-0.028291786692222223,-0.77082919841452846,0,0,-0.77078974441000003,0.50528320471655586,0,0,0.50527280983333334,0.13460442399833941,0,0,0.13459978961777777,0.56043733416570696,-0.0050979130426982476,-0.016737197977965607,0.56114079823666674
845,return,8000495,55929,11343,25574,0.00066855748651528657,0.00076468695640473708,0.013089969389957471,0,0,1.5697586776435382,0,0,1.5697491024666665,-0.028311217840653623,0,0,-0.028291786692222223,-0.77082919841452846,0,0,-0.77078974441000003,0.50528320471655586,0,0,0.50527280983333334,0.13460442399833941,0,0,0.13459978961777777,0.56039601296593389,-0.0052326745446397756,-0.016952930190553394,0.56110589165222224
846,return,8002115,58044,24648,42315,0.00067497210184386258,0.00078490118169596628,0.013089969389957471,0,0,1.5697586776435382,0,0,1.5697491024666665,-0.028311217840653623,0,0,-0.028291786692222223,-0.77082919841452846,0,0,-0.77078974441000003,0.50528320471655586,0,0,0.50527280983333334,0.13460442399833941,0,0,0.13459978961777777,0.56035360678668011,-0.0053691559001456859,-0.017167152829358771,0.56107098506777775
847,return,8000762,58806,29871,56547,0.00068247169665325291,0.0008053733850218529,0.013089969389957471,0,0,1.5697586776435382,0,0,1.5697491024666665,-0.028311217840653623,0,0,-0.028291786692222223,-0.77082919841452846,0,0,-0.77078974441000003,0.50528320471655586,0,0,0.50527280983333334,0.13460442399833941,0,0,0.13459978961777777,0.56031010191796748,-0.0055073448287413481,-0.017379815056726807,0.56103607848333337
848,return,8004467,63273,12509,29370,0.00070852327314363528,0.00082610172431120215,0.013089969389957471,0,0,1.5697586776435382,0,0,1.5697491024666665,-0.028311217840653623,0,0,-0.028291786692222223,-0.77082919841452846,0,0,-0.77078974441000003,0.50528320471655586,0,0,0.50527280983333334,0.13460442399833941,0,0,0.13459978961777777,0.56026548474968063,-0.0056472286464484666,-0.017590866833779903,0.56101862519111112
849,return,7992123,55396,12139,31741,0.00071823385698610576,0.00084708429696727001,0.013089969389957471,0,0,1.5697586776435382,0,0,1.5697491024666665,-0.028311217840653623,0,0,-0.028291786692222223,-0.77082919841452846,0,0,-0.77078974441000003,0.50528320471655586,0,0,0.50527280983333334,0.13460442399833941,0,0,0.13459978961777777,0.5602197417747683,-0.0057887942721605336,-0.017800258916728224,0.56098371860666674
850,return,8002587,57983,23343,44732,0.00072907024745394455,0.00086831914082408004,0.013089969389957471,0,0,1.5697586776435382,0,0,1.5697491024666665,-0.028311217840653623,0,0,-0.028291786692222223,-0.77082919841452846,0,0,-0.77078974441000003,0.50528320471655586,0,0,0.50527280983333334,0.13460442399833941,0,0,0.13459978961777777,0.5601728595923956,-0.0059320282339887769,-0.01800794285318021,0.56094881202222224
851,return,7999439,57422,17204,38426,0.00070613926093776591,0.00088980423509831647,0.013089969389957471,0,0,1.5697586776435382,0,0,1.5697491024666665,-0.028311217840653623,0,0,-0.028291786692222223,-0.77082919841452846,0,0,-0.77078974441000003,0.50528320471655586,0,0,0.50527280983333334,0.13460442399833941,0,0,0.13459978961777777,0.56012482491104476,-0.0060769166755785826,-0.018213870978453114,0.56087899885333337
852,return,7999966,57388,39435,58316,0.00071926735784411111,0.00091153750133678732,0.013089969389957471,0,0,1.5697586776435382,0,0,1.5697491024666665,-0.028311217840653623,0,0,-0.028291786692222223,-0.77082919841452846,0,0,-0.77078974441000003,0.50528320471655586,0,0,0.50527280983333334,0.13460442399833941,0,0,0.13459978961777777,0.56007562455156601,-0.0062234453623964169,-0.018417996411883446,0.56084409226888887
853,return,8006161,63549,28528,52694,0.00073356113287847968,0.00093351680435946251,0.013089969389957471,0,0,1.5697586776435382,0,0,1.5697491024666665,-0.028311217840653623,0,0,-0.028291786692222223,-0.77082919841452846,0,0,-0.77078974441000003,0.50528320471655586,0,0,0.50527280983333334,0.13460442399833941,0,0,0.13459978961777777,0.56002524545017718,-0.0063715996879872118,-0.018620273053137498,0.56080918568444449
854,return,7993495,57044,18028,38907,0.00074903364982292775,0.00095573995319808171,0.013089969389957471,0,0,1.5697586776435382,0,0,1.5697491024666665,-0.028311217840653623,0,0,-0.028291786692222223,-0.77082919841452846,0,0,-0.77078974441000003,0.50528320471655586,0,0,0.50527280983333334,0.13460442399833941,0,0,0.13459978961777777,0.55997367466141523,-0.0065213646802022573,-0.018820655578521851,0.56077427910000011
855,return,8003012,60056,20972,48074,0.00074824456191824318,0.00097820470203033847,0.013089969389957471,0,0,1.5697586776435382,0,0,1.5697491024666665,-0.028311217840653623,0,0,-0.028291786692222223,-0.77082919841452846,0,0,-0.77078974441000003,0.50528320471655586,0,0,0.50527280983333334,0.13460442399833941,0,0,0.13459978961777777,0.55992089936103595,-0.0066727250073975496,-0.019019099437293838,0.56072191922333348
856,return,7998698,58754,25093,54019,0.00073120669340842603,0.0010009087511096324,0.013089969389957471,0,0,1.5697586776435382,0,0,1.5697491024666665,-0.028311217840653623,0,0,-0.028291786692222223,-0.77082919841452846,0,0,-0.77078974441000003,0.50528320471655586,0,0,0.50527280983333334,0.13460442399833941,0,0,0.13459978961777777,0.55986690684886598,-0.0068256649846026559,-0.019215560847972095,0.56065210605444438
857,return,8002836,61590,22824,46361,0.00075029262113401884,0.0010238497476903984,0.013089969389957471,0,0,1.5697586776435382,0,0,1.5697491024666665,-0.028311217840653623,0,0,-0.028291786692222223,-0.77082919841452846,0,0,-0.77078974441000003,0.50528320471655586,0,0,0.50527280983333334,0.13460442399833941,0,0,0.13459978961777777,0.55981168455160435,-0.0069801685796600389,-0.019409996794646979,0.56061719946999999
858,return,7997495,59085,25065,52194,0.00073570174950676748,0.0010470252869490058,0.013089969389957471,0,0,1.5697586776435382,0,0,1.5697491024666665,-0.028311217840653623,0,0,-0.028291786692222223,-0.77082919841452846,0,0,-0.77078974441000003,0.50528320471655586,0,0,0.50527280983333334,0.13460442399833941,0,0,0.13459978961777777,0.55975522002557598,-0.0071362194193348664,-0.019602365023291154,0.56054738630111112
859,return,8005800,64885,37074,73788,0.00073980639886839228,0.0010704329129002299,0.013089969389957471,0,0,1.5697586776435382,0,0,1.5697491024666665,-0.028311217840653623,0,0,-0.028291786692222223,-0.77082919841452846,0,0,-0.77078974441000003,0.50528320471655586,0,0,0.50527280983333334,0.13460442399833941,0,0,0.13459978961777777,0.55969750095943538,-0.0072938007953953221,-0.019792624038070031,0.56049502642444438
860,return,7994809,59694,26093,54676,0.00072771229612023092,0.0010940701193092983,0.013089969389957471,0,0,1.5697586776435382,0,0,1.5697491024666665,-0.028311217840653623,0,0,-0.028291786692222223,-0.77082919841452846,0,0,-0.77078974441000003,0.50528320471655586,0,0,0.50527280983333334,0.13460442399833941,0,0,0.13459978961777777,0.55963851517682306,-0.0074528956706633896,-0.01998073309765229,0.56042521325555561
861,return,7999615,59309,26416,53556,0.00073433820206580958,0.0011179343505995083,0.013089969389957471,0,0,1.5697586776435382,0,0,1.5697491024666665,-0.028311217840653623,0,0,-0.028291786692222223,-0.77082919841452846,0,0,-0.77078974441000003,0.50528320471655586,0,0,0.50527280983333334,0.13460442399833941,0,0,0.13459978961777777,0.55957825063897237,-0.0076134866850361095,-0.020166652211520354,0.56037285337888887
862,return,7999151,58460,21213,47511,0.00072478957102761754,0.0011420230027554164,0.013089969389957471,0,0,1.5697586776435382,0,0,1.5697491024666665,-0.028311217840653623,0,0,-0.028291786692222223,-0.77082919841452846,0,0,-0.77078974441000003,0.50528320471655586,0,0,0.50527280983333334,0.13460442399833941,0,0,0.13459978961777777,0.55951669544726934,-0.0077755561614773431,-0.020350342136280904,0.56030304020999999
863,return,8002568,61028,34973,76787,0.00073398488606402079,0.0011663334242216015,0.013089969389957471,0,0,1.5697586776435382,0,0,1.5697491024666665,-0.028311217840653623,0,0,-0.028291786692222223,-0.77082919841452846,0,0,-0.77078974441000003,0.50528320471655586,0,0,0.50527280983333334,0.13460442399833941,0,0,0.13459978961777777,0.55945383784576408,-0.0079390861119800083,-0.020531764371975399,0.56025068033333336
864,return,8002856,63884,34408,71676,0.00072702931868029452,0.0011908629167970012,0.013089969389957471,0,0,1.5697586776435382,0,0,1.5697491024666665,-0.028311217840653623,0,0,-0.028291786692222223,-0.77082919841452846,0,0,-0.77078974441000003,0.50528320471655586,0,0,0.50527280983333334,0.13460442399833941,0,0,0.13459978961777777,0.55938966622363506,-0.0081040582434987775,-0.020710881158390509,0.56018086716444437
865,return,7996253,60137,24129,50426,0.00072138777192043424,0.0012156087365248166,0.013089969389957471,0,0,1.5697586776435382,0,0,1.5697491024666665,-0.028311217840653623,0,0,-0.028291786692222223,-0.77082919841452846,0,0,-0.77078974441000003,0.50528320471655586,0,0,0.50527280983333334,0.13460442399833941,0,0,0.13459978961777777,0.55932416911760519,-0.0082704539638533223,-0.020887655471368685,0.5601110539955555
866,return,7998707,58844,22732,45046,0.00071707170906143425,0.0012405680945779983,0.013089969389957471,0,0,1.5697586776435382,0,0,1.5697491024666665,-0.028311217840653623,0,0,-0.028291786692222223,-0.77082919841452846,0,0,-0.77078974441000003,0.50528320471655586,0,0,0.50527280983333334,0.13460442399833941,0,0,0.13459978961777777,0.55925733521431209,-0.0084382543876019671,-0.021062051019118618,0.56004124082666662
867,return,8003577,62421,30185,63288,0.00071409244346576362,0.0012657381581402951,0.013089969389957471,0,0,1.5697586776435382,0,0,1.5697491024666665,-0.028311217840653623,0,0,-0.028291786692222223,-0.77082919841452846,0,0,-0.77078974441000003,0.50528320471655586,0,0,0.50527280983333334,0.13460442399833941,0,0,0.13459978961777777,0.55918915335263042,-0.0086074403418858643,-0.021234032238525716,0.55997142765777785
868,return,7995217,57638,24185,53834,0.00071246113625844654,0.0012911160512828796,0.013089969389957471,0,0,1.5697586776435382,0,0,1.5697491024666665,-0.028311217840653623,0,0,-0.028291786692222223,-0.77082919841452846,0,0,-0.77078974441000003,0.50528320471655586,0,0,0.50527280983333334,0.13460442399833941,0,0,0.13459978961777777,0.55911961252594788,-0.0087779923722436752,-0.02140356429146267,0.55990161448888887
869,return,8001013,58651,21703,48546,0.00069473550182996835,0.0013166988558365512,0.013089969389957471,0,0,1.5697586776435382,0,0,1.5697491024666665,-0.028311217840653623,0,0,-0.028291786692222223,-0.77082919841452846,0,0,-0.77078974441000003,0.50528320471655586,0,0,0.50527280983333334,0.13460442399833941,0,0,0.13459978961777777,0.55904870188439504,-0.0089498907483966834,-0.021570613061099881,0.55981434802777785
870,return,7998975,57626,23796,51324,0.00069583297449382631,0.0013424836122595024,0.013089969389957471,0,0,1.5697586776435382,0,0,1.5697491024666665,-0.028311217840653623,0,0,-0.028291786692222223,-0.77082919841452846,0,0,-0.77078974441000003,0.50528320471655586,0,0,0.50527280983333334,0.13460442399833941,0,0,0.13459978961777777,0.55897641073702886,-0.0091231154700044219,-0.021735145148215985,0.55974453485888886
871,return,8007060,64686,34194,72602,0.00068085766074899023,0.0013684673205006633,0.013089969389957471,0,0,1.5697586776435382,0,0,1.5697491024666665,-0.028311217840653623,0,0,-0.028291786692222223,-0.77082919841452846,0,0,-0.77078974441000003,0.50528320471655586,0,0,0.50527280983333334,0.13460442399833941,0,0,0.13459978961777777,0.55890272855396994,-0.0092976462723908075,-0.021897127867508356,0.55965726839777785
872,return,7992669,57355,17547,39704,0.00068472667491892292,0.0013946469408586211,0.013089969389957471,0,0,1.5697586776435382,0,0,1.5697491024666665,-0.028311217840653623,0,0,-0.028291786692222223,-0.77082919841452846,0,0,-0.77078974441000003,0.50528320471655586,0,0,0.50527280983333334,0.13460442399833941,0,0,0.13459978961777777,0.5588276449684948,-0.0094734626322406923,-0.022056529243903604,0.55958745522888886
873,return,7998402,55757,11731,28195,0.00067254379928294306,0.0014210193948361038,0.013089969389957471,0,0,1.5697586776435382,0,0,1.5697491024666665,-0.028311217840653623,0,0,-0.028291786692222223,-0.77082919841452846,0,0,-0.77078974441000003,0.50528320471655586,0,0,0.50527280983333334,0.13460442399833941,0,0,0.13459978961777777,0.55875114977908225,-0.009650543773266974,-0.022213318008868086,0.55950018876777774
874,return,8000476,56233,12046,30861,0.00066177252758448102,0.0014475815659900461,0.013089969389957471,0,0,1.5697586776435382,0,0,1.5697491024666665,-0.028311217840653623,0,0,-0.028291786692222223,-0.77082919841452846,0,0,-0.77078974441000003,0.50528320471655586,0,0,0.50527280983333334,0.13460442399833941,0,0,0.13459978961777777,0.55867323295141424,-0.0098288686718481302,-0.022367463596718328,0.55941292230666673
875,return,7998068,54301,14870,32556,0.00065242289414124688,0.0014743303007772196,0.013089969389957471,0,0,1.5697586776435382,0,0,1.5697491024666665,-0.028311217840653623,0,0,-0.028291786692222223,-0.77082919841452846,0,0,-0.77078974441000003,0.50528320471655586,0,0,0.50527280983333334,0.13460442399833941,0,0,0.13459978961777777,0.55859388462033255,-0.010008416062636284,-0.022518936140931641,0.55932565584555549
876,return,8004523,58824,27315,48444,0.00066195805633406657,0.0015012624093954426,0.013089969389957471,0,0,1.5697586776435382,0,0,1.5697491024666665,-0.028311217840653623,0,0,-0.028291786692222223,-0.77082919841452846,0,0,-0.77078974441000003,0.50528320471655586,0,0,0.50527280983333334,0.13460442399833941,0,0,0.13459978961777777,0.55851309509174973,-0.01018916444413571,-0.02266770647045651,0.55925584267666661
877,return,7997132,55956,12500,28407,0.00065548112380575674,0.0015283746666203565,0.013089969389957471,0,0,1.5697586776435382,0,0,1.5697491024666665,-0.028311217840653623,0,0,-0.028291786692222223,-0.77082919841452846,0,0,-0.77078974441000003,0.50528320471655586,0,0,0.50527280983333334,0.13460442399833941,0,0,0.13459978961777777,0.55843085484451671,-0.01037109208425187,-0.022813746106023169,0.55916857621555549
878,return,8000707,56663,9954,25713,0.00065045490992776678,0.0015556638126377803,0.013089969389957471,0,0,1.5697586776435382,0,0,1.5697491024666665,-0.028311217840653623,0,0,-0.028291786692222223,-0.77082919841452846,0,0,-0.77078974441000003,0.50528320471655586,0,0,0.50527280983333334,0.13460442399833941,0,0,0.13459978961777777,0.55834715453224493,-0.010554177025810883,-0.022957027256454054,0.55908130975444448
879,return,7998041,54704,11463,28963,0.00066434205331067364,0.0015831265538716324,0.013089969389957471,0,0,1.5697586776435382,0,0,1.5697491024666665,-0.028311217840653623,0,0,-0.028291786692222223,-0.77082919841452846,0,0,-0.77078974441000003,0.50528320471655586,0,0,0.50527280983333334,0.13460442399833941,0,0,0.13459978961777777,0.5582619849850855,-0.01073839709204953,-0.023097522814974313,0.5590114965855556
880,return,8001650,56354,18120,34612,0.00067969843158122156,0.0016107595638074294,0.013089969389957471,0,0,1.5697586776435382,0,0,1.5697491024666665,-0.028311217840653623,0,0,-0.028291786692222223,-0.77082919841452846,0,0,-0.77078974441000003,0.50528320471655586,0,0,0.50527280983333334,0.13460442399833941,0,0,0.13459978961777777,0.55817533721146351,-0.010923729892075702,-0.023235206355522325,0.55894168341666672
881,return,7999263,55617,11093,27768,0.00067907974409220362,0.0016385594838113553,0.013089969389957471,0,0,1.5697586776435382,0,0,1.5697491024666665,-0.028311217840653623,0,0,-0.028291786692222223,-0.77082919841452846,0,0,-0.77078974441000003,0.50528320471655586,0,0,0.50527280983333334,0.13460442399833941,0,0,0.13459978961777777,0.55808720239976972,-0.011110152826299343,-0.023370052129060136,0.55885441695555571
882,return,8000234,55851,12806,28259,0.00067994809467475381,0.0016665229239449014,0.013089969389957471,0,0,1.5697586776435382,0,0,1.5697491024666665,-0.028311217840653623,0,0,-0.028291786692222223,-0.77082919841452846,0,0,-0.77078974441000003,0.50528320471655586,0,0,0.50527280983333334,0.13460442399833941,0,0,0.13459978961777777,0.55799757192000832,-0.011297643091833899,-0.02350203505988404,0.55876715049444448
883,return,8000411,56262,13657,30000,0.00068231211332503428,0.0016946464637750849,0.013089969389957471,0,0,1.5697586776435382,0,0,1.5697491024666665,-0.028311217840653623,0,0,-0.028291786692222223,-0.77082919841452846,0,0,-0.77078974441000003,0.50528320471655586,0,0,0.50527280983333334,0.13460442399833941,0,0,0.13459978961777777,0.5579064373254019,-0.011486177687868231,-0.023631130741935024,0.55867988403333335
884,return,8005957,62219,22389,45324,0.00068618024682043366,0.0017229266531802346,0.013089969389957471,0,0,1.5697586776435382,0,0,1.5697491024666665,-0.028311217840653623,0,0,-0.028291786692222223,-0.77082919841452846,0,0,-0.77078974441000003,0.50528320471655586,0,0,0.50527280983333334,0.13460442399833941,0,0,0.13459978961777777,0.55781379035395351,-0.011675733421008989,-0.023757315435109266,0.55859261757222234
885,return,7994919,57138,15333,31649,0.00069156075715759435,0.0017513600131513483,0.013089969389957471,0,0,1.5697586776435382,0,0,1.5697491024666665,-0.028311217840653623,0,0,-0.028291786692222223,-0.77082919841452846,0,0,-0.77078974441000003,0.50528320471655586,0,0,0.50527280983333334,0.13460442399833941,0,0,0.13459978961777777,0.5577196229299658,-0.011866286910593533,-0.023880566061568617,0.5585053511111111
886,return,7999189,56327,11305,26537,0.00071591501225642951,0.00177994303658903,0.013089969389957471,0,0,1.5697586776435382,0,0,1.5697491024666665,-0.028311217840653623,0,0,-0.028291786692222223,-0.77082919841452846,0,0,-0.77078974441000003,0.50528320471655586,0,0,0.50527280983333334,0.13460442399833941,0,0,0.13459978961777777,0.55762392716551812,-0.012057814593973272,-0.02400086020205117,0.55843553794222223
887,return,7999836,56163,9815,23907,0.00070689102337073706,0.0018086721890959907,0.013089969389957471,0,0,1.5697586776435382,0,0,1.5697491024666665,-0.028311217840653623,0,0,-0.028291786692222223,-0.77082919841452846,0,0,-0.77078974441000003,0.50528320471655586,0,0,0.50527280983333334,0.13460442399833941,0,0,0.13459978961777777,0.5575266953619018,-0.012250292731767528,-0.024118176092181708,0.55833081818888886
888,return,8015328,71491,20120,42593,0.0007168563658759286,0.0018375439097651292,0.013089969389957471,0,0,1.5697586776435382,0,0,1.5697491024666665,-0.028311217840653623,0,0,-0.028291786692222223,-0.77082919841452846,0,0,-0.77078974441000003,0.50528320471655586,0,0,0.50527280983333334,0.13460442399833941,0,0,0.13459978961777777,0.55742792001101238,-0.012443697413087876,-0.02423249261878219,0.55824355172777773
889,return,7984410,55901,10981,25435,0.00072836525565433963,0.0018665546119631814,0.013089969389957471,0,0,1.5697586776435382,0,0,1.5697491024666665,-0.028311217840653623,0,0,-0.028291786692222223,-0.77082919841452846,0,0,-0.77078974441000003,0.50528320471655586,0,0,0.50527280983333334,0.13460442399833941,0,0,0.13459978961777777,0.55732759379670127,-0.012638004560732946,-0.024343789316182241,0.55815628526666672
890,return,7999697,55598,11222,26490,0.00074142500885432394,0.0018957006841099418,0.013089969389957471,0,0,1.5697586776435382,0,0,1.5697491024666665,-0.028311217840653623,0,0,-0.028291786692222223,-0.77082919841452846,0,0,-0.77078974441000003,0.50528320471655586,0,0,0.50527280983333334,0.13460442399833941,0,0,0.13459978961777777,0.55722570959608553,-0.01283318993635375,-0.024452046362529699,0.55806901880555559
891,return,8000013,55611,10195,24685,0.00075604274835883167,0.0019249784904530624,0.013089969389957471,0,0,1.5697586776435382,0,0,1.5697491024666665,-0.028311217840653623,0,0,-0.028291786692222223,-0.77082919841452846,0,0,-0.77078974441000003,0.50528320471655586,0,0,0.50527280983333334,0.13460442399833941,0,0,0.13459978961777777,0.55712226048081648,-0.013029229145589447,-0.024557244576101079,0.55798175234444436
892,return,8006143,61754,11741,28750,0.00073731881807248545,0.0019543843718384168,0.013089969389957471,0,0,1.5697586776435382,0,0,1.5697491024666665,-0.028311217840653623,0,0,-0.028291786692222223,-0.77082919841452846,0,0,-0.77078974441000003,0.50528320471655586,0,0,0.50527280983333334,0.13460442399833941,0,0,0.13459978961777777,0.55701723971830752,-0.013226097643173628,-0.024659365411612101,0.55785957929888896
893,return,7994697,56451,16769,32657,0.0007550731194702065,0.001983914646476044,0.013089969389957471,0,0,1.5697586776435382,0,0,1.5697491024666665,-0.028311217840653623,0,0,-0.028291786692222223,-0.77082919841452846,0,0,-0.77078974441000003,0.50528320471655586,0,0,0.50527280983333334,0.13460442399833941,0,0,0.13459978961777777,0.55691064077292052,-0.013423770738011074,-0.024758390956528115,0.55777231283777773
894,return,7999466,55917,9935,26157,0.0007569523115239507,0.0020135656107016608,0.013089969389957471,0,0,1.5697586776435382,0,0,1.5697491024666665,-0.028311217840653623,0,0,-0.028291786692222223,-0.77082919841452846,0,0,-0.77078974441000003,0.50528320471655586,0,0,0.50527280983333334,0.13460442399833941,0,0,0.13459978961777777,0.55680245730711297,-0.013622223598224976,-0.024854303927374689,0.55766759308444447
895,return,7999743,55660,10787,24592,0.00076041602399823383,0.0020433335397337465,0.013089969389957471,0,0,1.5697586776435382,0,0,1.5697491024666665,-0.028311217840653623,0,0,-0.028291786692222223,-0.77082919841452846,0,0,-0.77078974441000003,0.50528320471655586,0,0,0.50527280983333334,0.13460442399833941,0,0,0.13459978961777777,0.55669268318254339,-0.01382143125617467,-0.024947087666048046,0.55756287333111121
896,return,8000939,56599,9759,23852,0.00074801710301219959,0.0020732146884262005,0.013089969389957471,0,0,1.5697586776435382,0,0,1.5697491024666665,-0.028311217840653623,0,0,-0.028291786692222223,-0.77082919841452846,0,0,-0.77078974441000003,0.50528320471655586,0,0,0.50527280983333334,0.13460442399833941,0,0,0.13459978961777777,0.55658131246113807,-0.014021368613443877,-0.025036726136125561,0.55744070028555559
897,return,8001272,57871,17926,34185,0.00073721477886190545,0.0021032052920165814,0.013089969389957471,0,0,1.5697586776435382,0,0,1.5697491024666665,-0.028311217840653623,0,0,-0.028291786692222223,-0.77082919841452846,0,0,-0.77078974441000003,0.50528320471655586,0,0,0.50527280983333334,0.13460442399833941,0,0,0.13459978961777777,0.55646833940611728,-0.01422201044579934,-0.025123203919176319,0.55731852723999997
898,return,8002836,60707,14120,44037,0.00072801478832718036,0.0021333015668699011,0.013089969389957471,0,0,1.5697586776435382,0,0,1.5697491024666665,-0.028311217840653623,0,0,-0.028291786692222223,-0.77082919841452846,0,0,-0.77078974441000003,0.50528320471655586,0,0,0.50527280983333334,0.13460442399833941,0,0,0.13459978961777777,0.55635375848298174,-0.014423331408120011,-0.025206506211071549,0.55719635419444447
899,return,7995854,56561,18518,38871,0.00073787595812935258,0.0021634997112180017,0.013089969389957471,0,0,1.5697586776435382,0,0,1.5697491024666665,-0.028311217840653623,0,0,-0.028291786692222223,-0.77082919841452846,0,0,-0.77078974441000003,0.50528320471655586,0,0,0.50527280983333334,0.13460442399833941,0,0,0.13459978961777777,0.55623756436046057,-0.014625306039296746,-0.025286618818295126,0.55709163444111109
900,return,7999735,56296,10342,24601,0.00073189703509501935,0.0021937959058945119,0.013089969389957471,0,0,1.5697586776435382,0,0,1.5697491024666665,-0.028311217840653623,0,0,-0.028291786692222223,-0.77082919841452846,0,0,-0.77078974441000003,0.50528320471655586,0,0,0.50527280983333334,0.13460442399833941,0,0,0.13459978961777777,0.55611975191141927,-0.01482790876710241,-0.025363528154254123,0.55696946139555559
901,return,8000708,57004,25583,63658,0.00072753643858070038,0.0022241863150653613,0.013089969389957471,0,0,1.5697586776435382,0,0,1.5697491024666665,-0.028311217840653623,0,0,-0.028291786692222223,-0.77082919841452846,0,0,-0.77078974441000003,0.50528320471655586,0,0,0.50527280983333334,0.13460442399833941,0,0,0.13459978961777777,0.55600031621372958,-0.01503111391303252,-0.025437221235589235,0.55684728834999997
902,return,8001289,58293,14898,33769,0.00072479909071487825,0.0022546670869548779,0.013089969389957471,0,0,1.5697586776435382,0,0,1.5697491024666665,-0.028311217840653623,0,0,-0.028291786692222223,-0.77082919841452846,0,0,-0.77078974441000003,0.50528320471655586,0,0,0.50527280983333334,0.13460442399833941,0,0,0.13459978961777777,0.55587925255110038,-0.015234895697116372,-0.02550768567848535,0.55672511530444446
903,return,7999263,57556,21074,44574,0.00072368970778846631,0.0022852343545674558,0.013089969389957471,0,0,1.5697586776435382,0,0,1.5697491024666665,-0.028311217840653623,0,0,-0.028291786692222223,-0.77082919841452846,0,0,-0.77078974441000003,0.50528320471655586,0,0,0.50527280983333334,0.13460442399833941,0,0,0.13459978961777777,0.55575655641387023,-0.015439228242698583,-0.025574909694981982,0.55660294225888884
904,return,8024272,81828,32815,64648,0.00072421279946310868,0.0023158842364047875,0.013089969389957471,0,0,1.5697586776435382,0,0,1.5697491024666665,-0.028311217840653623,0,0,-0.028291786692222223,-0.77082919841452846,0,0,-0.77078974441000003,0.50528320471655586,0,0,0.50527280983333334,0.13460442399833941,0,0,0.13459978961777777,0.55563222349976171,-0.015644085581191257,-0.025638882089283777,0.55648076921333334
905,return,7978845,60673,30213,63454,0.00070891937579387054,0.0023466128371786884,0.013089969389957471,0,0,1.5697586776435382,0,0,1.5697491024666665,-0.028311217840653623,0,0,-0.028291786692222223,-0.77082919841452846,0,0,-0.77078974441000003,0.50528320471655586,0,0,0.50527280983333334,0.13460442399833941,0,0,0.13459978961777777,0.55550624971459817,-0.015849441656796439,-0.025699592254071094,0.55634114287555558
906,return,7998124,58797,27388,58138,0.00071272011540191027,0.0023774162485194657,0.013089969389957471,0,0,1.5697586776435382,0,0,1.5697491024666665,-0.028311217840653623,0,0,-0.028291786692222223,-0.77082919841452846,0,0,-0.77078974441000003,0.50528320471655586,0,0,0.50527280983333334,0.13460442399833941,0,0,0.13459978961777777,0.55537863117298258,-0.016055270331199273,-0.025757030166810392,0.55621896983000008
907,return,7999651,58448,25204,52112,0.00071816561146176294,0.002408290549679891,0.013089969389957471,0,0,1.5697586776435382,0,0,1.5697491024666665,-0.028311217840653623,0,0,-0.028291786692222223,-0.77082919841452846,0,0,-0.77078974441000003,0.50528320471655586,0,0,0.50527280983333334,0.13460442399833941,0,0,0.13459978961777777,0.55524936419893878,-0.016261545388231453,-0.025811186386064749,0.55609679678444435
908,return,8006337,64785,33213,62111,0.00070780624772792677,0.0024392318082347179,0.013089969389957471,0,0,1.5697586776435382,0,0,1.5697491024666665,-0.028311217840653623,0,0,-0.028291786692222223,-0.77082919841452846,0,0,-0.77078974441000003,0.50528320471655586,0,0,0.50527280983333334,0.13460442399833941,0,0,0.13459978961777777,0.55511844532651611,-0.016468240538505274,-0.025862052047804441,0.5559571704466667
909,return,7998800,63585,40796,83176,0.00071655207459497827,0.0024702360807757908,0.013089969389957471,0,0,1.5697586776435382,0,0,1.5697491024666665,-0.028311217840653623,0,0,-0.028291786692222223,-0.77082919841452846,0,0,-0.77078974441000003,0.50528320471655586,0,0,0.50527280983333334,0.13460442399833941,0,0,0.13459978961777777,0.55498587130035637,-0.016675329424018122,-0.025909618861717353,0.55583499740111109
910,return,7999225,62810,31268,105481,0.00072695305519920872,0.0025012994136027183,0.013089969389957471,0,0,1.5697586776435382,0,0,1.5697491024666665,-0.028311217840653623,0,0,-0.028291786692222223,-0.77082919841452846,0,0,-0.77078974441000003,0.50528320471655586,0,0,0.50527280983333334,0.13460442399833941,0,0,0.13459978961777777,0.5548516390762247,-0.016882785622727443,-0.025953879107519513,0.55571282435555558
911,return,7996374,59184,24787,47694,0.00072155894155312428,0.0025324178434091163,0.013089969389957471,0,0,1.5697586776435382,0,0,1.5697491024666665,-0.028311217840653623,0,0,-0.028291786692222223,-0.77082919841452846,0,0,-0.77078974441000003,0.50528320471655586,0,0,0.50527280983333334,0.13460442399833941,0,0,0.13459978961777777,0.5547157458215034,-0.017090582653096268,-0.02599482563126557,0.55557319801777783
912,return,8000207,59391,27047,51101,0.0007352791507188039,0.00256358739796444,0.013089969389957471,0,0,1.5697586776435382,0,0,1.5697491024666665,-0.028311217840653623,0,0,-0.028291786692222223,-0.77082919841452846,0,0,-0.77078974441000003,0.50528320471655586,0,0,0.50527280983333334,0.13460442399833941,0,0,0.13459978961777777,0.55457818891565025,-0.017298693978609076,-0.026032451841659331,0.55545102497222221
913,return,8002772,62163,26880,52750,0.00071575642657195626,0.0025948040967913614,0.013089969389957471,0,0,1.5697586776435382,0,0,1.5697491024666665,-0.028311217840653623,0,0,-0.028291786692222223,-0.77082919841452846,0,0,-0.77078974441000003,0.50528320471655586,0,0,0.50527280983333334,0.13460442399833941,0,0,0.13459978961777777,0.55443896595061992,-0.017507093012258293,-0.026066751706364168,0.55529394534222221
914,return,8009337,71500,60454,105000,0.00071535305382453007,0.0026260639518387438,0.013089969389957471,0,0,1.5697586776435382,0,0,1.5697491024666665,-0.028311217840653623,0,0,-0.028291786692222223,-0.77082919841452846,0,0,-0.77078974441000003,0.50528320471655586,0,0,0.50527280983333334,0.13460442399833941,0,0,0.13459978961777777,0.55429807473125015,-0.017715753121001192,-0.02609771974831368,0.55515431900444445
915,return,7990327,61827,31537,57167,0.0007166179354165525,0.0026573629681501789,0.013089969389957471,0,0,1.5697586776435382,0,0,1.5697491024666665,-0.028311217840653623,0,0,-0.028291786692222223,-0.77082919841452846,0,0,-0.77078974441000003,0.50528320471655586,0,0,0.50527280983333334,0.13460442399833941,0,0,0.13459978961777777,0.55415551327561274,-0.0179246476301873,-0.026125351042022002,0.5550146926666667
916,return,7998736,60563,29592,54611,0.00071955305327620067,0.0026886971445280951,0.013089969389957471,0,0,1.5697586776435382,0,0,1.5697491024666665,-0.028311217840653623,0,0,-0.028291786692222223,-0.77082919841452846,0,0,-0.77078974441000003,0.50528320471655586,0,0,0.50527280983333334,0.13460442399833941,0,0,0.13459978961777777,0.55401127981532805,-0.018133749827956278,-0.026149641209894412,0.55487506632888894
917,return,7998854,59417,21000,46667,0.00072416017578302849,0.0027200624741934415,0.013089969389957471,0,0,1.5697586776435382,0,0,1.5697491024666665,-0.028311217840653623,0,0,-0.028291786692222223,-0.77082919841452846,0,0,-0.77078974441000003,0.50528320471655586,0,0,0.50527280983333334,0.13460442399833941,0,0,0.13459978961777777,0.55386537279584591,-0.018343032969606279,-0.026170586418537832,0.55473543999111108
918,return,8003486,62903,28704,58592,0.00074789414970966028,0.0027514549454409416,0.013089969389957471,0,0,1.5697586776435382,0,0,1.5697491024666665,-0.028311217840653623,0,0,-0.028291786692222223,-0.77082919841452846,0,0,-0.77078974441000003,0.50528320471655586,0,0,0.50527280983333334,0.13460442399833941,0,0,0.13459978961777777,0.55371779087669037,-0.018552470281932871,-0.026188183375071304,0.55461326694555557
919,return,7996050,58953,23250,49528,0.00073839643886519646,0.0027828705422899306,0.013089969389957471,0,0,1.5697586776435382,0,0,1.5697491024666665,-0.028311217840653623,0,0,-0.028291786692222223,-0.77082919841452846,0,0,-0.77078974441000003,0.50528320471655586,0,0,0.50527280983333334,0.13460442399833941,0,0,0.13459978961777777,0.55356853293167108,-0.018762034967538262,-0.026202429323436412,0.55445618731555557
920,return,8017308,76261,22176,44315,0.00074802804610674123,0.0028143052451307391,0.013089969389957471,0,0,1.5697586776435382,0,0,1.5697491024666665,-0.028311217840653623,0,0,-0.028291786692222223,-0.77082919841452846,0,0,-0.77078974441000003,0.50528320471655586,0,0,0.50527280983333334,0.13460442399833941,0,0,0.13459978961777777,0.5534175980490591,-0.018971700209111209,-0.026213322040707952,0.55431656097777782
921,return,7980310,56571,23509,53093,0.00077678988316309816,0.0028457550313666811,0.013089969389957471,0,0,1.5697586776435382,0,0,1.5697491024666665,-0.028311217840653623,0,0,-0.028291786692222223,-0.77082919841452846,0,0,-0.77078974441000003,0.50528320471655586,0,0,0.50527280983333334,0.13460442399833941,0,0,0.13459978961777777,0.55326498553172965,-0.019181439173677317,-0.026220859833404234,0.5541943879322222
922,return,8002012,58583,20935,56287,0.0007723227704925506,0.0028772158760515974,0.013089969389957471,0,0,1.5697586776435382,0,0,1.5697491024666665,-0.028311217840653623,0,0,-0.028291786692222223,-0.77082919841452846,0,0,-0.77078974441000003,0.50528320471655586,0,0,0.50527280983333334,0.13460442399833941,0,0,0.13459978961777777,0.55311069489727016,-0.019391225016819794,-0.026225041533797757,0.5540373083022222
923,return,7998022,56605,16315,31695,0.00078698706717428291,0.0029086837525229689,0.013089969389957471,0,0,1.5697586776435382,0,0,1.5697491024666665,-0.028311217840653623,0,0,-0.028291786692222223,-0.77082919841452846,0,0,-0.77078974441000003,0.50528320471655586,0,0,0.50527280983333334,0.13460442399833941,0,0,0.13459978961777777,0.55295472587805516,-0.019601030886870763,-0.026225866496225551,0.55389768196444444
924,return,8000439,57044,11074,28972,0.0008207830408337724,0.0029401546330306144,0.013089969389957471,0,0,1.5697586776435382,0,0,1.5697491024666665,-0.028311217840653623,0,0,-0.028291786692222223,-0.77082919841452846,0,0,-0.77078974441000003,0.50528320471655586,0,0,0.50527280983333334,0.13460442399833941,0,0,0.13459978961777777,0.55279707842128789,-0.019810829929072977,-0.026223334593399796,0.55377550891888894
925,return,7999531,56575,15797,24713,0.00082135086760104503,0.0029716244893609463,0.013089969389957471,0,0,1.5697586776435382,0,0,1.5697491024666665,-0.028311217840653623,0,0,-0.028291786692222223,-0.77082919841452846,0,0,-0.77078974441000003,0.50528320471655586,0,0,0.50527280983333334,0.13460442399833941,0,0,0.13459978961777777,0.55263775268900794,-0.020020595289712124,-0.026217446212718237,0.55361842928888894
926,return,7998782,55357,11870,29769,0.00085850355432537384,0.0030030892934568188,0.013089969389957471,0,0,1.5697586776435382,0,0,1.5697491024666665,-0.028311217840653623,0,0,-0.028291786692222223,-0.77082919841452846,0,0,-0.77078974441000003,0.50528320471655586,0,0,0.50527280983333334,0.13460442399833941,0,0,0.13459978961777777,0.55247674905806698,-0.020230300120219466,-0.026208202252574763,0.55349625624333332
927,return,8003965,59322,25556,51713,0.00087988084748857887,0.0030345450180329198,0.013089969389957471,0,0,1.5697586776435382,0,0,1.5697491024666665,-0.028311217840653623,0,0,-0.028291786692222223,-0.77082919841452846,0,0,-0.77078974441000003,0.50528320471655586,0,0,0.50527280983333334,0.13460442399833941,0,0,0.13459978961777777,0.55231406812007089,-0.020439917581245186,-0.026195604118669825,0.55335662990555556
928,return,8007615,66937,13000,27065,0.00088548215548467368,0.0030659876371867778,0.013089969389957471,0,0,1.5697586776435382,0,0,1.5697491024666665,-0.028311217840653623,0,0,-0.028291786692222223,-0.77082919841452846,0,0,-0.77078974441000003,0.50528320471655586,0,0,0.50527280983333334,0.13460442399833941,0,0,0.13459978961777777,0.55214971068129015,-0.020649420846701905,-0.026179653720320922,0.55319955027555556
929,return,7988392,55329,11629,29529,0.00089275996426552151,0.0030974131270052854,0.013089969389957471,0,0,1.5697586776435382,0,0,1.5697491024666665,-0.028311217840653623,0,0,-0.028291786692222223,-0.77082919841452846,0,0,-0.77078974441000003,0.50528320471655586,0,0,0.50527280983333334,0.13460442399833941,0,0,0.13459978961777777,0.55198367776253721,-0.020858783107779014,-0.026160353466773215,0.55304247064555567
930,return,8000198,55527,9352,22102,0.0009017132530183547,0.003128817466166852,0.013089969389957471,0,0,1.5697586776435382,0,0,1.5697491024666665,-0.028311217840653623,0,0,-0.028291786692222223,-0.77082919841452846,0,0,-0.77078974441000003,0.50528320471655586,0,0,0.50527280983333334,0.13460442399833941,0,0,0.13459978961777777,0.55181597059901299,-0.021067977576927254,-0.026137706263509943,0.55288539101555556
931,return,8000977,56504,18231,44824,0.00092979407876481179,0.003160196636539088,0.013089969389957471,0,0,1.5697586776435382,0,0,1.5697491024666665,-0.028311217840653623,0,0,-0.028291786692222223,-0.77082919841452846,0,0,-0.77078974441000003,0.50528320471655586,0,0,0.50527280983333334,0.13460442399833941,0,0,0.13459978961777777,0.55164659064012034,-0.021276977491813891,-0.026111715508562859,0.55274576467777781
932,return,7999613,56117,11305,26129,0.00094209440765746777,0.0031915466237720834,0.013089969389957471,0,0,1.5697586776435382,0,0,1.5697491024666665,-0.028311217840653623,0,0,-0.028291786692222223,-0.77082919841452846,0,0,-0.77078974441000003,0.50528320471655586,0,0,0.50527280983333334,0.13460442399833941,0,0,0.13459978961777777,0.55147553954924677,-0.021485756119248346,-0.026082385088822869,0.55258868504777781
933,return,7999560,55677,10195,24889,0.00095606586853103082,0.0032228634178872516,0.013089969389957471,0,0,1.5697586776435382,0,0,1.5697491024666665,-0.028311217840653623,0,0,-0.028291786692222223,-0.77082919841452846,0,0,-0.77078974441000003,0.50528320471655586,0,0,0.50527280983333334,0.13460442399833941,0,0,0.13459978961777777,0.55130281920351598,-0.021694286759078311,-0.026049719376350419,0.5524316054177778
934,return,8001688,57365,21852,43510,0.00095425329203957521,0.0032541430138617465,0.013089969389957471,0,0,1.5697586776435382,0,0,1.5697491024666665,-0.028311217840653623,0,0,-0.028291786692222223,-0.77082919841452846,0,0,-0.77078974441000003,0.50528320471655586,0,0,0.50527280983333334,0.13460442399833941,0,0,0.13459978961777777,0.55112843169350745,-0.021902542748056305,-0.02601372322468606,0.55225707249555556
935,return,7999161,56526,12583,29055,0.00098901446427035467,0.0032853814122084457,0.013089969389957471,0,0,1.5697586776435382,0,0,1.5697491024666665,-0.028311217840653623,0,0,-0.028291786692222223,-0.77082919841452846,0,0,-0.77078974441000003,0.50528320471655586,0,0,0.50527280983333334,0.13460442399833941,0,0,0.13459978961777777,0.55095237932294661,-0.022110497463676847,-0.025974401965160907,0.5521174461577778
936,return,7999504,56030,9824,24333,0.0010079872048311955,0.0033165746195515269,0.013089969389957471,0,0,1.5697586776435382,0,0,1.5697491024666665,-0.028311217840653623,0,0,-0.028291786692222223,-0.77082919841452846,0,0,-0.77078974441000003,0.50528320471655586,0,0,0.50527280983333334,0.13460442399833941,0,0,0.13459978961777777,0.55077466460836311,-0.022318124327983919,-0.025931761403207135,0.5519603665277778
937,return,7999309,55339,11194,26074,0.0010286222894146935,0.003347718649197588,0.013089969389957471,0,0,1.5697586776435382,0,0,1.5697491024666665,-0.028311217840653623,0,0,-0.028291786692222223,-0.77082919841452846,0,0,-0.77078974441000003,0.50528320471655586,0,0,0.50527280983333334,0.13460442399833941,0,0,0.13459978961777777,0.55059529027871934,-0.022525396811349116,-0.025885807814668458,0.5518032868977778
938,return,8000485,55824,12065,34472,0.0010509169890584591,0.0033788095217023675,0.013089969389957471,0,0,1.5697586776435382,0,0,1.5697491024666665,-0.028311217840653623,0,0,-0.028291786692222223,-0.77082919841452846,0,0,-0.77078974441000003,0.50528320471655586,0,0,0.50527280983333334,0.13460442399833941,0,0,0.13459978961777777,0.55041425927500909,-0.022732288436220074,-0.025836547942110752,0.5516462072677778
939,return,8010438,66262,19121,38278,0.0010574150705464636,0.0034098432654330111,0.013089969389957471,0,0,1.5697586776435382,0,0,1.5697491024666665,-0.028311217840653623,0,0,-0.028291786692222223,-0.77082919841452846,0,0,-0.77078974441000003,0.50528320471655586,0,0,0.50527280983333334,0.13460442399833941,0,0,0.13459978961777777,0.55023157474982576,-0.022938772780839604,-0.025783988991132326,0.55147167434555555
940,return,7992522,58784,22315,37574,0.0010830199657297923,0.0034408159171259406,0.013089969389957471,0,0,1.5697586776435382,0,0,1.5697491024666665,-0.028311217840653623,0,0,-0.028291786692222223,-0.77082919841452846,0,0,-0.77078974441000003,0.50528320471655586,0,0,0.50527280983333334,0.13460442399833941,0,0,0.13459978961777777,0.55004724006690142,-0.023144823482935086,-0.025728138626674665,0.55131459471555555
941,return,7996328,55112,19611,35871,0.0011102750186542387,0.0034717235224402628,0.013089969389957471,0,0,1.5697586776435382,0,0,1.5697491024666665,-0.028311217840653623,0,0,-0.028291786692222223,-0.77082919841452846,0,0,-0.77078974441000003,0.50528320471655586,0,0,0.50527280983333334,0.13460442399833941,0,0,0.13459978961777777,0.54986125880061587,-0.023350414243378532,-0.025669004969332745,0.55115751508555566
942,return,8000161,55273,10195,26963,0.0011217233627174306,0.0035025621365067797,0.013089969389957471,0,0,1.5697586776435382,0,0,1.5697491024666665,-0.028311217840653623,0,0,-0.028291786692222223,-0.77082919841452846,0,0,-0.77078974441000003,0.50528320471655586,0,0,0.50527280983333334,0.13460442399833941,0,0,0.13459978961777777,0.54967363473547759,-0.023555518829817025,-0.025606596591665629,0.5509829821633333
943,return,8002911,58184,15334,34010,0.0011522677978557105,0.0035333278244725538,0.013089969389957471,0,0,1.5697586776435382,0,0,1.5697491024666665,-0.028311217840653623,0,0,-0.028291786692222223,-0.77082919841452846,0,0,-0.77078974441000003,0.50528320471655586,0,0,0.50527280983333334,0.13460442399833941,0,0,0.13459978961777777,0.54948437186557464,-0.023760111080273684,-0.025540922514506913,0.5508259025333333
944,return,7999234,57418,21112,48870,0.0011495444533142773,0.0035640166620410523,0.013089969389957471,0,0,1.5697586776435382,0,0,1.5697491024666665,-0.028311217840653623,0,0,-0.028291786692222223,-0.77082919841452846,0,0,-0.77078974441000003,0.50528320471655586,0,0,0.50527280983333334,0.13460442399833941,0,0,0.13459978961777777,0.54929347439399745,-0.023964164906719092,-0.025471992203275264,0.55063391631888892
945,return,7998615,56033,10834,31288,0.0011659090026692187,0.0035946247360078634,0.013089969389957471,0,0,1.5697586776435382,0,0,1.5697491024666665,-0.028311217840653623,0,0,-0.028291786692222223,-0.77082919841452846,0,0,-0.77078974441000003,0.50528320471655586,0,0,0.50527280983333334,0.13460442399833941,0,0,0.13459978961777777,0.54910094673223309,-0.024167654298613207,-0.025399815564284899,0.55045938339666667
946,return,7998152,54185,12954,30324,0.0011839037422113341,0.0036251481447919808,0.013089969389957471,0,0,1.5697586776435382,0,0,1.5697491024666665,-0.028311217840653623,0,0,-0.028291786692222223,-0.77082919841452846,0,0,-0.77078974441000003,0.50528320471655586,0,0,0.50527280983333334,0.13460442399833941,0,0,0.13459978961777777,0.54890679349953142,-0.024370553326417809,-0.025324402941056021,0.55028485047444442
947,return,8003077,57262,21009,53666,0.001186070760468616,0.0036555829989626714,0.013089969389957471,0,0,1.5697586776435382,0,0,1.5697491024666665,-0.028311217840653623,0,0,-0.028291786692222223,-0.77082919841452846,0,0,-0.77078974441000003,0.50528320471655586,0,0,0.50527280983333334,0.13460442399833941,0,0,0.13459978961777777,0.54871101952224266,-0.024572836145079349,-0.025245765110625502,0.55009286426000004
948,return,8012985,70247,18972,57759,0.0011898585233128811,0.0036859254217619019,0.013089969389957471,0,0,1.5697586776435382,0,0,1.5697491024666665,-0.028311217840653623,0,0,-0.028291786692222223,-0.77082919841452846,0,0,-0.77078974441000003,0.50528320471655586,0,0,0.50527280983333334,0.13460442399833941,0,0,0.13459978961777777,0.54851362983312824,-0.024774476997482368,-0.025163913279857102,0.54990087804555554
949,return,7985577,55824,11565,30565,0.0011952619979828105,0.0037161715496223549,0.013089969389957471,0,0,1.5697586776435382,0,0,1.5697491024666665,-0.028311217840653623,0,0,-0.028291786692222223,-0.77082919841452846,0,0,-0.77078974441000003,0.50528320471655586,0,0,0.50527280983333334,0.13460442399833941,0,0,0.13459978961777777,0.54831462967064337,-0.024975450217873292,-0.025078859081752239,0.54970889183111105
950,return,8001078,56902,14528,35333,0.0012197292382455371,0.0037463175326809938,0.013089969389957471,0,0,1.5697586776435382,0,0,1.5697491024666665,-0.028311217840653623,0,0,-0.028291786692222223,-0.77082919841452846,0,0,-0.77078974441000003,0.50528320471655586,0,0,0.50527280983333334,0.13460442399833941,0,0,0.13459978961777777,0.54811402447819235,-0.025175730235254823,-0.024990614571760283,0.54953435890888891
951,return,7998531,55433,9918,24667,0.0012283482162521731,0.0037763595352882234,0.013089969389957471,0,0,1.5697586776435382,0,0,1.5697491024666665,-0.028311217840653623,0,0,-0.028291786692222223,-0.77082919841452846,0,0,-0.77078974441000003,0.50528320471655586,0,0,0.50527280983333334,0.13460442399833941,0,0,0.13459978961777777,0.54791181990335736,-0.025375291576750742,-0.024899192224089237,0.54934237269444453
952,return,8029319,84752,32954,65185,0.0012560198688648105,0.003806293736512611,0.013089969389957471,0,0,1.5697586776435382,0,0,1.5697491024666665,-0.028311217840653623,0,0,-0.028291786692222223,-0.77082919841452846,0,0,-0.77078974441000003,0.50528320471655586,0,0,0.50527280983333334,0.13460442399833941,0,0,0.13459978961777777,0.54770802179709976,-0.025574108870941276,-0.024804604928016033,0.54916783977222217
953,return,8014763,99515,24343,50444,0.0012678317606780176,0.0038361163306411912,0.013089969389957471,0,0,1.5697586776435382,0,0,1.5697491024666665,-0.028311217840653623,0,0,-0.028291786692222223,-0.77082919841452846,0,0,-0.77078974441000003,0.50528320471655586,0,0,0.50527280983333334,0.13460442399833941,0,0,0.13459978961777777,0.54750263621293582,-0.025772156851168775,-0.024706865984197163,0.54897585355777778
954,return,7956558,56073,21287,44907,0.0012812311303975754,0.0038658235276753162,0.013089969389957471,0,0,1.5697586776435382,0,0,1.5697491024666665,-0.028311217840653623,0,0,-0.028291786692222223,-0.77082919841452846,0,0,-0.77078974441000003,0.50528320471655586,0,0,0.50527280983333334,0.13460442399833941,0,0,0.13459978961777777,0.54729566940608454,-0.025969410358814126,-0.024605989100979209,0.5487838673433334
955,return,7999106,55179,18908,40649,0.0012787584305821165,0.0038954115538221189,0.013089969389957471,0,0,1.5697586776435382,0,0,1.5697491024666665,-0.028311217840653623,0,0,-0.028291786692222223,-0.77082919841452846,0,0,-0.77078974441000003,0.50528320471655586,0,0,0.50527280983333334,0.13460442399833941,0,0,0.13459978961777777,0.54708712783259139,-0.026165844346543381,-0.024501988390709176,0.54857442783666666
956,return,8004354,59533,24314,49640,0.0012953137896308808,0.0039248766519815069,0.013089969389957471,0,0,1.5697586776435382,0,0,1.5697491024666665,-0.028311217840653623,0,0,-0.028291786692222223,-0.77082919841452846,0,0,-0.77078974441000003,0.50528320471655586,0,0,0.50527280983333334,0.13460442399833941,0,0,0.13459978961777777,0.54687701814842438,-0.026361433881525155,-0.024394878366045158,0.54838244162222227
957,return,7998707,58240,28297,55889,0.0012785306749090175,0.0039542150822287729,0.013089969389957471,0,0,1.5697586776435382,0,0,1.5697491024666665,-0.028311217840653623,0,0,-0.028291786692222223,-0.77082919841452846,0,0,-0.77078974441000003,0.50528320471655586,0,0,0.50527280983333334,0.13460442399833941,0,0,0.13459978961777777,0.54666534720854543,-0.0265561541486182,-0.024284673936266755,0.54815554882333339
958,return,8000911,59151,22027,47898,0.001280762108121225,0.0039834231222927296,0.013089969389957471,0,0,1.5697586776435382,0,0,1.5697491024666665,-0.028311217840653623,0,0,-0.028291786692222223,-0.77082919841452846,0,0,-0.77078974441000003,0.50528320471655586,0,0,0.50527280983333334,0.13460442399833941,0,0,0.13459978961777777,0.54645212206595661,-0.026749980453529741,-0.024171390403585541,0.54794610931666665
959,return,8001336,60487,22825,47158,0.0012845477440434072,0.0040124970680294608,0.013089969389957471,0,0,1.5697586776435382,0,0,1.5697491024666665,-0.028311217840653623,0,0,-0.028291786692222223,-0.77082919841452846,0,0,-0.77078974441000003,0.50528320471655586,0,0,0.50527280983333334,0.13460442399833941,0,0,0.13459978961777777,0.54623734997072027,-0.026942888225944112,-0.024055043459455624,0.54773666981000002
960,return,8004179,64666,34009,64824,0.0012898803326130137,0.0040414332338916167,0.013089969389957471,0,0,1.5697586776435382,0,0,1.5697491024666665,-0.028311217840653623,0,0,-0.028291786692222223,-0.77082919841452846,0,0,-0.77078974441000003,0.50528320471655586,0,0,0.50527280983333334,0.13460442399833941,0,0,0.13459978961777777,0.54602103836895499,-0.027134853022621912,-0.02393564918088421,0.54752723030333328
961,return,7996272,60938,31231,65899,0.001296752427711656,0.0040702279533932862,0.013089969389957471,0,0,1.5697586776435382,0,0,1.5697491024666665,-0.028311217840653623,0,0,-0.028291786692222223,-0.77082919841452846,0,0,-0.77078974441000003,0.50528320471655586,0,0,0.50527280983333334,0.13460442399833941,0,0,0.13459978961777777,0.54580319490180706,-0.027325850530469792,-0.02381322402674188,0.54731779079666665
962,return,7998707,59645,22917,49037,0.0013051563881929518,0.0040988775795704688,0.013089969389957471,0,0,1.5697586776435382,0,0,1.5697491024666665,-0.028311217840653623,0,0,-0.028291786692222223,-0.77082919841452846,0,0,-0.77078974441000003,0.50528320471655586,0,0,0.50527280983333334,0.13460442399833941,0,0,0.13459978961777777,0.54558382740439626,-0.027515856569580426,-0.023687784834073366,0.54710835129000002
963,return,7998938,58583,20778,44491,0.0012976310867148788,0.0041273784854370639,0.013089969389957471,0,0,1.5697586776435382,0,0,1.5697491024666665,-0.028311217840653623,0,0,-0.028291786692222223,-0.77082919841452846,0,0,-0.77078974441000003,0.50528320471655586,0,0,0.50527280983333334,0.13460442399833941,0,0,0.13459978961777777,0.54536294390473927,-0.027704847096243334,-0.02355934881440766,0.54688145849111114
964,return,8002920,61503,30101,68306,0.0013090750797052353,0.0041557270644365001,0.013089969389957471,0,0,1.5697586776435382,0,0,1.5697491024666665,-0.028311217840653623,0,0,-0.028291786692222223,-0.77082919841452846,0,0,-0.77078974441000003,0.50528320471655586,0,0,0.50527280983333334,0.13460442399833941,0,0,0.13459978961777777,0.5451405526226476,-0.027892798205925867,-0.023427933550069051,0.54667201898444451
965,return,7997846,59349,41972,76880,0.0012871202706857821,0.0041839197308888802,0.013089969389957471,0,0,1.5697586776435382,0,0,1.5697491024666665,-0.028311217840653623,0,0,-0.028274333400000001,-0.77082919841452846,0,0,-0.77078974441000003,0.50528320471655586,0,0,0.50527280983333334,0.13460442399833941,0,0,0.13459978961777777,0.54491666196860244,-0.028079686136224819,-0.023293556990487109,0.54642767289333338
966,return,7998587,57936,28203,58509,0.0012841181258420598,0.0042119529204337229,0.013089969389957471,0,0,1.5697586776435382,0,0,1.5697491024666665,-0.028311217840653623,0,0,-0.028291786692222223,-0.77082919841452846,0,0,-0.77078974441000003,0.50528320471655586,0,0,0.50527280983333334,0.13460442399833941,0,0,0.13459978961777777,0.54469128054260585,-0.028265487269788624,-0.023156237448507543,0.5462007800944445
967,return,7998613,56549,22371,46167,0.0012826067529496665,0.0042398230904682936,0.013089969389957471,0,0,1.5697586776435382,0,0,1.5697491024666665,-0.028311217840653623,0,0,-0.028291786692222223,-0.77082919841452846,0,0,-0.77078974441000003,0.50528320471655586,0,0,0.50527280983333334,0.13460442399833941,0,0,0.13459978961777777,0.54446441713300886,-0.028450178137209771,-0.023015993596702464,0.54597388729555552
968,return,8006476,63025,28824,56676,0.0012651240714356415,0.0042675267205814658,0.013089969389957471,0,0,1.5697586776435382,0,0,1.5697491024666665,-0.028311217840653623,0,0,-0.028291786692222223,-0.77082919841452846,0,0,-0.77078974441000003,0.50528320471655586,0,0,0.50527280983333334,0.13460442399833941,0,0,0.13459978961777777,0.54423608071531671,-0.028633735419887962,-0.022872844463680955,0.5457295412044445
969,return,7996864,59889,24055,50778,0.0012491143980166708,0.0042950603129831939,0.013089969389957471,0,0,1.5697586776435382,0,0,1.5697491024666665,-0.028311217840653623,0,0,-0.028291786692222223,-0.77082919841452846,0,0,-0.77078974441000003,0.50528320471655586,0,0,0.50527280983333334,0.13460442399833941,0,0,0.13459978961777777,0.54400628045097044,-0.028816135952863642,-0.022726809430399741,0.54548519511333338
970,return,7998818,58707,22361,46500,0.001234568571251704,0.0043224203929295461,0.013089969389957471,0,0,1.5697586776435382,0,0,1.5697491024666665,-0.028311217840653623,0,0,-0.028291786692222223,-0.77082919841452846,0,0,-0.77078974441000003,0.50528320471655586,0,0,0.50527280983333334,0.13460442399833941,0,0,0.13459978961777777,0.54377502568610703,-0.028997356727621985,-0.022577908226473337,0.54524084902222214
971,return,7999743,58450,28056,59676,0.0012214772450040989,0.0043496035091432975,0.013089969389957471,0,0,1.5697586776435382,0,0,1.5697491024666665,-0.028311217840653623,0,0,-0.028274333400000001,-0.77082919841452846,0,0,-0.77078974441000003,0.50528320471655586,0,0,0.50527280983333334,0.13460442399833941,0,0,0.13459978961777777,0.54354232595029628,-0.029177374894867398,-0.022426160926484858,0.54499650293111113
972,return,7997596,56046,20361,49741,0.0012098308897037224,0.0043766062342301092,0.013089969389957471,0,0,1.5697586776435382,0,0,1.5697491024666665,-0.028311217840653623,0,0,-0.028274333400000001,-0.77082919841452846,0,0,-0.77078974441000003,0.50528320471655586,0,0,0.50527280983333334,0.13460442399833941,0,0,0.13459978961777777,0.54330819095525662,-0.029356167767268525,-0.022271587946296415,0.54475215684
973,return,8000606,56652,15491,38194,0.0011996197936323671,0.004403425165090279,0.013089969389957471,0,0,1.5697586776435382,0,0,1.5697491024666665,-0.028311217840653623,0,0,-0.028291786692222223,-0.77082919841452846,0,0,-0.77078974441000003,0.50528320471655586,0,0,0.50527280983333334,0.13460442399833941,0,0,0.13459978961777777,0.54307263059354816,-0.029533712822173791,-0.022114210039359414,0.54450781074888899
974,return,7998789,55441,13472,30287,0.0011908340642297066,0.0044300569233260683,0.013089969389957471,0,0,1.5697586776435382,0,0,1.5697491024666665,-0.028311217840653623,0,0,-0.028274333400000001,-0.77082919841452846,0,0,-0.77078974441000003,0.50528320471655586,0,0,0.50527280983333334,0.13460442399833941,0,0,0.13459978961777777,0.54283565493724439,-0.029709987704297204,-0.021954048293025549,0.54426346465777786
975,return,8002411,57852,14000,30269,0.0011834636294223433,0.0044564981556445803,0.013089969389957471,0,0,1.5697586776435382,0,0,1.5697491024666665,-0.028311217840653623,0,0,-0.028274333400000001,-0.77082919841452846,0,0,-0.77078974441000003,0.50528320471655586,0,0,0.50527280983333334,0.13460442399833941,0,0,0.13459978961777777,0.54259727423658288,-0.029884970228374941,-0.021791124124856748,0.54401911856666674
976,return,8011234,69086,11074,23963,0.0011949515311948655,0.0044827455342562406,0.013089969389957471,0,0,1.5697586776435382,0,0,1.5697491024666665,-0.028311217840653623,0,0,-0.028291786692222223,-0.77082919841452846,0,0,-0.77078974441000003,0.50528320471655586,0,0,0.50527280983333334,0.13460442399833941,0,0,0.13459978961777777,0.54235749891859442,-0.030058638381792201,-0.021625459278935964,0.54379222576777775
977,return,7986346,55432,14370,31528,0.001172927465850071,0.0045087957572688296,0.013089969389957471,0,0,1.5697586776435382,0,0,1.5697491024666665,-0.028311217840653623,0,0,-0.028274333400000001,-0.77082919841452846,0,0,-0.77078974441000003,0.50528320471655586,0,0,0.50527280983333334,0.13460442399833941,0,0,0.13459978961777777,0.54211633958571148,-0.03023097032718066,-0.021457075822177606,0.54353042638444449
978,return,7999365,54797,38417,38944,0.0011697407076218802,0.0045346455490770992,0.013089969389957471,0,0,1.5697586776435382,0,0,1.5697491024666665,-0.028311217840653623,0,0,-0.028274333400000001,-0.77082919841452846,0,0,-0.77078974441000003,0.50528320471655586,0,0,0.50527280983333334,0.13460442399833941,0,0,0.13459978961777777,0.54187380701435583,-0.03040194440498626,-0.021285996140638166,0.54328608029333336
979,return,8000142,54939,14889,32768,0.0011853804800885381,0.0045602916607479392,0.013089969389957471,0,0,1.5697586776435382,0,0,1.5697491024666665,-0.028311217840653623,0,0,-0.028291786692222223,-0.77082919841452846,0,0,-0.77078974441000003,0.50528320471655586,0,0,0.50527280983333334,0.13460442399833941,0,0,0.13459978961777777,0.54162991215350598,-0.030571539136007759,-0.021112242935826444,0.54305918749444437
980,return,7999012,53951,12083,29806,0.0011849292498273822,0.004585730870401164,0.013089969389957471,0,0,1.5697586776435382,0,0,1.5697491024666665,-0.028311217840653623,0,0,-0.028291786692222223,-0.77082919841452846,0,0,-0.77078974441000003,0.50528320471655586,0,0,0.50527280983333334,0.13460442399833941,0,0,0.13459978961777777,0.54138466612324443,-0.03073973322390542,-0.020935839221014319,0.54281484140333336
981,return,8003410,57361,15926,36000,0.001185829188977805,0.004610959983585813,0.013089969389957471,0,0,1.5697586776435382,0,0,1.5697491024666665,-0.028311217840653623,0,0,-0.028274333400000001,-0.77082919841452846,0,0,-0.77078974441000003,0.50528320471655586,0,0,0.50527280983333334,0.13460442399833941,0,0,0.13459978961777777,0.54113808021328458,-0.030906505557680521,-0.020756808317547004,0.54257049531222223
982,return,7998606,55967,11824,28685,0.001188069007826531,0.0046359758336520776,0.013089969389957471,0,0,1.5697586776435382,0,0,1.5697491024666665,-0.028311217840653623,0,0,-0.028274333400000001,-0.77082919841452846,0,0,-0.77078974441000003,0.50528320471655586,0,0,0.50527280983333334,0.13460442399833941,0,0,0.13459978961777777,0.54089016588147798,-0.031071835214124995,-0.020575173851153771,0.54232614922111111
983,return,8039133,95100,10334,24305,0.0011741839562998679,0.0046607752821187492,0.013089969389957471,0,0,1.5697586776435382,0,0,1.5697491024666665,-0.028311217840653623,0,0,-0.028274333400000001,-0.77082919841452846,0,0,-0.77078974441000003,0.50528320471655586,0,0,0.50527280983333334,0.13460442399833941,0,0,0.13459978961777777,0.54064093475230324,-0.031235701460241877,-0.020390959748258358,0.54206434983777785
984,return,7962030,57130,11908,27703,0.0011965222865857328,0.0046853552190362817,0.013089969389957471,0,0,1.5697586776435382,0,0,1.5697491024666665,-0.028311217840653623,0,0,-0.028291786692222223,-0.77082919841452846,0,0,-0.77078974441000003,0.50528320471655586,0,0,0.50527280983333334,0.13460442399833941,0,0,0.13459978961777777,0.54039039861533344,-0.031398083755636179,-0.020204190232289334,0.54183745703888897
985,return,7998920,56050,13574,31574,0.001185259040222153,0.0047097125633454263,0.013089969389957471,0,0,1.5697586776435382,0,0,1.5697491024666665,-0.028311217840653623,0,0,-0.028274333400000001,-0.77082919841452846,0,0,-0.77078974441000003,0.50528320471655586,0,0,0.50527280983333334,0.13460442399833941,0,0,0.13459978961777777,0.54013856942368699,-0.031558961754875922,-0.020014889819990861,0.5415756576555556
986,return,8001484,57534,19426,44796,0.0012101954329797326,0.0047338442632313881,0.013089969389957471,0,0,1.5697586776435382,0,0,1.5697491024666665,-0.028311217840653623,0,0,-0.028274333400000001,-0.77082919841452846,0,0,-0.77078974441000003,0.50528320471655586,0,0,0.50527280983333334,0.13460442399833941,0,0,0.13459978961777777,0.5398854592924579,-0.03171831530982408,-0.019823083317732929,0.54134876485666672
987,return,7998634,56168,10621,25546,0.0012015061808754446,0.0047577472964736118,0.013089969389957471,0,0,1.5697586776435382,0,0,1.5697491024666665,-0.028311217840653623,0,0,-0.028274333400000001,-0.77082919841452846,0,0,-0.77078974441000003,0.50528320471655586,0,0,0.50527280983333334,0.13460442399833941,0,0,0.13459978961777777,0.5396310804971286,-0.031876124471940784,-0.019628795817822096,0.54108696547333335
988,return,7999550,55718,9203,26889,0.0012115388850936215,0.004781418670791117,0.013089969389957471,0,0,1.5697586776435382,0,0,1.5697491024666665,-0.028311217840653623,0,0,-0.028274333400000001,-0.77082919841452846,0,0,-0.77078974441000003,0.50528320471655586,0,0,0.50527280983333334,0.13460442399833941,0,0,0.13459978961777777,0.5393754454719637,-0.032032369494556193,-0.01943205269481172,0.54084261938222222
989,return,8002179,57897,23963,50889,0.0012402811113696455,0.0048048554241834291,0.013089969389957471,0,0,1.5697586776435382,0,0,1.5697491024666665,-0.028311217840653623,0,0,-0.028274333400000001,-0.77082919841452846,0,0,-0.77078974441000003,0.50528320471655586,0,0,0.50527280983333334,0.13460442399833941,0,0,0.13459978961777777,0.53911856680838621,-0.032187030835113373,-0.019232879601812643,0.54061572658333334
990,return,8000356,58253,20241,38611,0.0012528136838360071,0.0048280546252670057,0.013089969389957471,0,0,1.5697586776435382,0,0,1.5697491024666665,-0.028311217840653623,0,0,-0.028291786692222223,-0.77082919841452846,0,0,-0.77078974441000003,0.50528320471655586,0,0,0.50527280983333334,0.13460442399833941,0,0,0.13459978961777777,0.53886045725333587,-0.03234008915738238,-0.019031302466803769,0.54037138049222222
991,return,7996660,54913,20926,42806,0.0012840304399974745,0.0048510133736073572,0.013089969389957471,0,0,1.5697586776435382,0,0,1.5697491024666665,-0.028311217840653623,0,0,-0.028274333400000001,-0.77082919841452846,0,0,-0.77078974441000003,0.50528320471655586,0,0,0.50527280983333334,0.13460442399833941,0,0,0.13459978961777777,0.53860112970760954,-0.032491525333644196,-0.018827347488942249,0.54014448769333334
992,return,8001319,56232,16574,31760,0.0013164651868349253,0.0048737288000466296,0.013089969389957471,0,0,1.5697586776435382,0,0,1.5697491024666665,-0.028311217840653623,0,0,-0.028274333400000001,-0.77082919841452846,0,0,-0.77078974441000003,0.50528320471655586,0,0,0.50527280983333334,0.13460442399833941,0,0,0.13459978961777777,0.53834059722418459,-0.032641320446845465,-0.018621041134874242,0.53991759489444446
993,return,7998865,55097,13000,30000,0.001350104871370994,0.0048961980670268199,0.013089969389957471,0,0,1.5697586776435382,0,0,1.5697491024666665,-0.028311217840653623,0,0,-0.028274333400000001,-0.77082919841452846,0,0,-0.77078974441000003,0.50528320471655586,0,0,0.50527280983333334,0.13460442399833941,0,0,0.13459978961777777,0.53807887300652524,-0.032789455792723708,-0.018412410135045382,0.53969070209555559
994,return,8000947,56044,16630,37852,0.0013849362901414697,0.0049184183689085564,0.013089969389957471,0,0,1.5697586776435382,0,0,1.5697491024666665,-0.028311217840653623,0,0,-0.028274333400000001,-0.77082919841452846,0,0,-0.77078974441000003,0.50528320471655586,0,0,0.50527280983333334,0.13460442399833941,0,0,0.13459978961777777,0.53781597040687157,-0.03293591288190284,-0.018201481480011161,0.53946380929666671
995,return,7999346,55390,11463,27871,0.001420946090906261,0.0049403869322854257,0.013089969389957471,0,0,1.5697586776435382,0,0,1.5697491024666665,-0.028311217840653623,0,0,-0.028274333400000001,-0.77082919841452846,0,0,-0.77078974441000003,0.50528320471655586,0,0,0.50527280983333334,0.13460442399833941,0,0,0.13459978961777777,0.53755190292451194,-0.033080673441959488,-0.017988282416747534,0.53923691649777783
996,return,7999985,55375,10417,25472,0.0014406674821547671,0.0049621010162939228,0.013089969389957471,0,0,1.5697586776435382,0,0,1.5697491024666665,-0.028311217840653623,0,0,-0.028274333400000001,-0.77082919841452846,0,0,-0.77078974441000003,0.50528320471655586,0,0,0.50527280983333334,0.13460442399833941,0,0,0.13459978961777777,0.53728668420403991,-0.033223719419459272,-0.017772840444961406,0.5389925704066667
997,return,8002235,57610,21047,44843,0.001461540111515669,0.0049835579129188902,0.013089969389957471,0,0,1.5697586776435382,0,0,1.5697491024666665,-0.028311217840653623,0,0,-0.028274333400000001,-0.77082919841452846,0,0,-0.77078974441000003,0.50528320471655586,0,0,0.50527280983333334,0.13460442399833941,0,0,0.13459978961777777,0.53702032803359379,-0.033365032981964304,-0.017555183313401012,0.53874822431555558
998,return,7999864,57474,17212,38927,0.0015010034830729158,0.0050047549472946457,0.013089969389957471,0,0,1.5697586776435382,0,0,1.5697491024666665,-0.028311217840653623,0,0,-0.028274333400000001,-0.77082919841452846,0,0,-0.77078974441000003,0.50528320471655586,0,0,0.50527280983333334,0.13460442399833941,0,0,0.13459978961777777,0.53675284834308046,-0.033504596520010414,-0.017335339016166487,0.5385213315166667
999,return,8002707,60181,14889,37445,0.0015241370824751188,0.0050256894780015618,0.013089969389957471,0,0,1.5697586776435382,0,0,1.5697491024666665,-0.028311217840653623,0,0,-0.028274333400000001,-0.77082919841452846,0,0,-0.77078974441000003,0.50528320471655586,0,0,0.50527280983333334,0.13460442399833941,0,0,0.13459978961777777,0.53648425920238441,-0.0336423926490554,-0.017113335789020596,0.53827698542555558
1000,return,7996662,56843,11037,27963,0.0015658334242822924,0.00504635889735831,0.013089969389957471,0,0,1.5697586776435382,0,0,1.5697491024666665,-0.028311217840653623,0,0,-0.028274333400000001,-0.77082919841452846,0,0,-0.77078974441000003,0.50528320471655586,0,0,0.50527280983333334,0.13460442399833941,0,0,0.13459978961777777,0.53621457481956036,-0.033778404211397453,-0.016889202105698723,0.5380500926266667
1001,return,8014817,71660,19185,46250,0.0016086250082174569,0.0050667606317096178,0.013089969389957471,0,0,1.5697586776435382,0,0,1.5697491024666665,-0.028311217840653623,0,0,-0.028274333400000001,-0.77082919841452846,0,0,-0.77078974441000003,0.50528320471655586,0,0,0.50527280983333334,0.13460442399833941,0,0,0.13459978961777777,0.535943809539011,-0.033912614278064336,-0.016662966674219862,0.53782319982777782
1002,return,7987467,59127,17204,38065,0.0016350441976556995,0.0050868921417096501,0.013089969389957471,0,0,1.5697586776435382,0,0,1.5697491024666665,-0.028311217840653623,0,0,-0.028274333400000001,-0.77082919841452846,0,0,-0.77078974441000003,0.50528320471655586,0,0,0.50527280983333334,0.13460442399833941,0,0,0.13459978961777777,0.53567197783964948,-0.034045006150672699,-0.016434658433196872,0.5375788537366667
1003,return,7996586,55713,15769,36379,0.0016276232214617048,0.0051067509226009047,0.013089969389957471,0,0,1.5697586776435382,0,0,1.5697491024666665,-0.028311217840653623,0,0,-0.028274333400000001,-0.77082919841452846,0,0,-0.77078974441000003,0.50528320471655586,0,0,0.50527280983333334,0.13460442399833941,0,0,0.13459978961777777,0.53539909433304778,-0.034175563363258207,-0.016204306548146943,0.53729960106111119
1004,return,8000301,56014,17287,38695,0.0016212540525077923,0.0051263345044887309,0.013089969389957471,0,0,1.5697586776435382,0,0,1.5697491024666665,-0.028311217840653623,0,0,-0.028274333400000001,-0.77082919841452846,0,0,-0.77078974441000003,0.50528320471655586,0,0,0.50527280983333334,0.13460442399833941,0,0,0.13459978961777777,0.53512517376156976,-0.034304269684076086,-0.015971940407802258,0.53702034838555557
1005,return,8007133,63147,28704,63408,0.0016159219484302989,0.0051456404526114127,0.013089969389957471,0,0,1.5697586776435382,0,0,1.5697491024666665,-0.028311217840653623,0,0,-0.028291786692222223,-0.77082919841452846,0,0,-0.77078974441000003,0.50528320471655586,0,0,0.50527280983333334,0.13460442399833941,0,0,0.13459978961777777,0.53485023099649043,-0.03443110911737178,-0.015737589620420288,0.53674109571000006
1006,return,7999540,62687,30167,61408,0.0016290653301762603,0.0051646663676057671,0.013089969389957471,0,0,1.5697586776435382,0,0,1.5697491024666665,-0.028311217840653623,0,0,-0.028274333400000001,-0.77082919841452846,0,0,-0.77078974441000003,0.50528320471655586,0,0,0.50527280983333334,0.13460442399833941,0,0,0.13459978961777777,0.53457428103610116,-0.034556065905122765,-0.015501284010094601,0.53647929632666669
1007,return,7997328,60015,22186,47611,0.0016606691994544009,0.0051834098857684143,0.013089969389957471,0,0,1.5697586776435382,0,0,1.5697491024666665,-0.028311217840653623,0,0,-0.028291786692222223,-0.77082919841452846,0,0,-0.77078974441000003,0.50528320471655586,0,0,0.50527280983333334,0.13460442399833941,0,0,0.13459978961777777,0.53429733900380094,-0.034679124528750202,-0.01526305361306492,0.53623495023555556
1008,return,7998818,58833,25195,54648,0.0016758118484212492,0.00520186867931253,0.013089969389957471,0,0,1.5697586776435382,0,0,1.5697491024666665,-0.028311217840653623,0,0,-0.028274333400000001,-0.77082919841452846,0,0,-0.77078974441000003,0.50528320471655586,0,0,0.50527280983333334,0.13460442399833941,0,0,0.13459978961777777,0.53401942014617365,-0.034800269710801551,-0.015022928674027989,0.53597315085222219
1009,return,8003022,61855,23213,50380,0.0016919313227152788,0.0052200404566202325,0.013089969389957471,0,0,1.5697586776435382,0,0,1.5697491024666665,-0.028311217840653623,0,0,-0.028274333400000001,-0.77082919841452846,0,0,-0.77078974441000003,0.50528320471655586,0,0,0.50527280983333334,0.13460442399833941,0,0,0.13459978961777777,0.53374053983105318,-0.034919486416603335,-0.014780939642447935,0.53571135146888893
1010,return,7997096,58951,21296,44139,0.0017264655467246204,0.0052379229624905004,0.013094807406226251,0,0,1.5697586776435382,0,0,1.5697491024666665,-0.028311217840653623,0,0,-0.028274333400000001,-0.77082919841452846,0,0,-0.77078974441000003,0.50528320471655586,0,0,0.50527280983333334,0.13460442399833941,0,0,0.13459978961777777,0.53346071354557389,-0.035036759855884517,-0.014537117168866716,0.5354670053777778
1011,return,8006948,65899,35584,73879,0.0017270391566484022,0.0052555139783826777,0.013138784945956694,0,0,1.5697586776435382,0,0,1.5697491024666665,-0.028311217840653623,0,0,-0.028274333400000001,-0.77082919841452846,0,0,-0.77078974441000003,0.50528320471655586,0,0,0.50527280983333334,0.13460442399833941,0,0,0.13459978961777777,0.53317995689420972,-0.035152075484370479,-0.014291492101214814,0.5351877527022223
1012,return,7992596,58495,24963,90092,0.0017285431324569611,0.005272811322655572,0.01318202830663893,0,0,1.5697586776435382,0,0,1.5697491024666665,-0.028311217840653623,0,0,-0.028274333400000001,-0.77082919841452846,0,0,-0.77078974441000003,0.50528320471655586,0,0,0.50527280983333334,0.13460442399833941,0,0,0.13459978961777777,0.53289828559679953,-0.03526541900534725,-0.014044095481121299,0.53490850002666668
1013,return,8001457,59952,22676,49991,0.00174841504653378,0.0052898128508020873,0.013224532127005218,0,0,1.5697586776435382,0,0,1.5697491024666665,-0.028311217840653623,0,0,-0.028274333400000001,-0.77082919841452846,0,0,-0.77078974441000003,0.50528320471655586,0,0,0.50527280983333334,0.13460442399833941,0,0,0.13459978961777777,0.53261571548656017,-0.035376776371196385,-0.013794958540225029,0.53464670064333331
1014,return,7997967,57919,26778,55213,0.0017517324812176271,0.0053065164556794575,0.013266291139198643,0,0,1.5697586776435382,0,0,1.5697491024666665,-0.028311217840653623,0,0,-0.028274333400000001,-0.77082919841452846,0,0,-0.77078974441000003,0.50528320471655586,0,0,0.50527280983333334,0.13460442399833941,0,0,0.13459978961777777,0.53233226250808852,-0.035486133784900342,-0.013544112696484374,0.5343674479677778
1015,return,8004253,62172,26565,52620,0.0017384794919115265,0.0053229200677350512,0.013307300169337628,0,0,1.5697586776435382,0,0,1.5697491024666665,-0.028311217840653623,0,0,-0.028274333400000001,-0.77082919841452846,0,0,-0.77078974441000003,0.50528320471655586,0,0,0.50527280983333334,0.13460442399833941,0,0,0.13459978961777777,0.53204794271534983,-0.035593477701518238,-0.01329158955048825,0.53407074200000004
1016,return,7994744,56916,30232,63732,0.0017435466090945928,0.0053390216552277351,0.013347554138069338,0,0,1.5697586776435382,0,0,1.5697491024666665,-0.028311217840653623,0,0,-0.028274333400000001,-0.77082919841452846,0,0,-0.77078974441000003,0.50528320471655586,0,0,0.50527280983333334,0.13460442399833941,0,0,0.13459978961777777,0.53176277226965618,-0.035698794829631994,-0.013037420881766524,0.53379148932444442
1017,return,8003503,60419,26371,51658,0.0017320110870104877,0.0053548192244447989,0.013387048061111998,0,0,1.5697586776435382,0,0,1.5697491024666665,-0.028311217840653623,0,0,-0.028274333400000001,-0.77082919841452846,0,0,-0.77078974441000003,0.50528320471655586,0,0,0.50527280983333334,0.13460442399833941,0,0,0.13459978961777777,0.53147676743763184,-0.035802072132763346,-0.012781638645100225,0.53349478335666667
1018,return,8008457,68876,73380,129992,0.0017213099512570773,0.0053703108199145014,0.013425777049786253,0,0,1.5697586776435382,0,0,1.5697491024666665,-0.028311217840653623,0,0,-0.028274333400000001,-0.77082919841452846,0,0,-0.77078974441000003,0.50528320471655586,0,0,0.50527280983333334,0.13460442399833941,0,0,0.13459978961777777,0.53118994458916857,-0.035903296830761045,-0.012524274966832389,0.53319807738888891
1019,return,8024319,93195,125889,180435,0.0017288801241647223,0.0053854945246141562,0.01346373631153539,0,0,1.5697586776435382,0,0,1.5697491024666665,-0.028311217840653623,0,0,-0.028274333400000001,-0.77082919841452846,0,0,-0.77078974441000003,0.50528320471655586,0,0,0.50527280983333334,0.13460442399833941,0,0,0.13459978961777777,0.53090232019536965,-0.036002456401158379,-0.012265362141178283,0.53291882471333329
1020,return,8080810,174005,360463,156416,0.0017197985501858915,0.0054003684601737567,0.013500921150434391,0,0,1.5697586776435382,0,0,1.5697491024666665,-0.028311217840653623,0,0,-0.028274333400000001,-0.77082919841452846,0,0,-0.77078974441000003,0.50528320471655586,0,0,0.50527280983333334,0.13460442399833941,0,0,0.13459978961777777,0.53061391082648268,-0.036099538580501675,-0.01200493262653618,0.53262211874555554
1021,return,7955901,129906,316723,161195,0.0016940486590728554,0.0054149307870752514,0.013537326967688128,0,0,1.5697586776435382,0,0,1.5697491024666665,-0.028311217840653623,0,0,-0.028274333400000001,-0.77082919841452846,0,0,-0.77078974441000003,0.50528320471655586,0,0,0.50527280983333334,0.13460442399833941,0,0,0.13459978961777777,0.53032473314982265,-0.036194531365648756,-0.011743019041797673,0.53230795948555554
1022,return,8005624,135530,314815,115436,0.0017039736601773825,0.0054291797048473135,0.013572949262118283,0,0,1.5697586776435382,0,0,1.5697491024666665,-0.028311217840653623,0,0,-0.028274333400000001,-0.77082919841452846,0,0,-0.77078974441000003,0.50528320471655586,0,0,0.50527280983333334,0.13460442399833941,0,0,0.13459978961777777,0.53003480392768432,-0.036287423015038442,-0.011479654162658188,0.53202870681000003
1023,return,7999808,135338,194483,127399,0.0016971969145379573,0.0054431134522557661,0.013607783630639416,0,0,1.5697586776435382,0,0,1.5697491024666665,-0.028311217840653623,0,0,-0.028274333400000001,-0.77082919841452846,0,0,-0.77078974441000003,0.50528320471655586,0,0,0.50527280983333334,0.13460442399833941,0,0,0.13459978961777777,0.52974414001524417,-0.036378202049929788,-0.011214870917927538,0.53173200084222227
1024,return,7931569,66907,66324,112500,0.00169115485920035,0.0054567303074894678,0.01364182576872367,0,0,1.5697586776435382,0,0,1.5697491024666665,-0.028311217840653623,0,0,-0.028274333400000001,-0.77082919841452846,0,0,-0.77078974441000003,0.50528320471655586,0,0,0.50527280983333334,0.13460442399833941,0,0,0.13459978961777777,0.52945275835845362,-0.036466857255612696,-0.010948702385840361,0.53143529487444452
1025,return,7999688,66595,294260,125759,0.0016858305482130298,0.0054700285883419039,0.01367507147085476,0,0,1.5697586776435382,0,0,1.5697491024666665,-0.028311217840653623,0,0,-0.028274333400000001,-0.77082919841452846,0,0,-0.77078974441000003,0.50528320471655586,0,0,0.50527280983333334,0.13460442399833941,0,0,0.13459978961777777,0.52916067599192129,-0.036553377682588241,-0.010681181790366619,0.53113858890666665
1026,return,8230532,297127,98713,151325,0.0016812069469676061,0.0054830066523882358,0.013707516630970589,0,0,1.5697586776435382,0,0,1.5697491024666665,-0.028311217840653623,0,0,-0.028274333400000001,-0.77082919841452846,0,0,-0.77078974441000003,0.50528320471655586,0,0,0.50527280983333334,0.13460442399833941,0,0,0.13459978961777777,0.52886791003678746,-0.036637752647719943,-0.010412342497522266,0.5308418829388889
1027,return,7794539,91666,70343,110416,0.0016772669343236846,0.0054956628971579912,0.013739157242894979,0,0,1.5697586776435382,0,0,1.5697491024666665,-0.028311217840653623,0,0,-0.028274333400000001,-0.77082919841452846,0,0,-0.77078974441000003,0.50528320471655586,0,0,0.50527280983333334,0.13460442399833941,0,0,0.13459978961777777,0.52857447769858834,-0.036719971735355302,-0.010142218011679312,0.53054517697111114
1028,return,9231553,1323219,87935,131231,0.0016565400125228003,0.0055079957603032951,0.013769989400758237,0,0,1.5697586776435382,0,0,1.5697491024666665,-0.028311217840653623,0,0,-0.028274333400000001,-0.77082919841452846,0,0,-0.77078974441000003,0.50528320471655586,0,0,0.50527280983333334,0.13460442399833941,0,0,0.13459978961777777,0.52828039626511136,-0.036800024798417916,-0.0098708419718768186,0.53023101771111114
1029,return,6742640,65859,41222,77815,0.0016539154782220233,0.0055200037197626868,0.013800009299406717,0,0,1.5697586776435382,0,0,1.5697491024666665,-0.028311217840653623,0,0,-0.028274333400000001,-0.77082919841452846,0,0,-0.77078974441000003,0.50528320471655586,0,0,0.50527280983333334,0.13460442399833941,0,0,0.13459978961777777,0.52798568310424299,-0.036877901959470147,-0.0095982481481311204,0.52993431174333339
1030,return,7995994,61853,39741,72566,0.0016344693790903975,0.0055316852939205222,0.013829213234801305,0,0,1.5697586776435382,0,0,1.5697491024666665,-0.028311217840653623,0,0,-0.028274333400000001,-0.77082919841452846,0,0,-0.77078974441000003,0.50528320471655586,0,0,0.50527280983333334,0.13460442399833941,0,0,0.13459978961777777,0.52769035566180733,-0.036953593611745994,-0.0093244704377464776,0.52962015248333338
1031,return,8002809,64662,59686,101425,0.001633090853748298,0.0055430390417618991,0.013857597604404748,0,0,1.5697586776435382,0,0,1.5697491024666665,-0.028311217840653623,0,0,-0.028274333400000001,-0.77082919841452846,0,0,-0.77078974441000003,0.50528320471655586,0,0,0.50527280983333334,0.13460442399833941,0,0,0.13459978961777777,0.52739443145939635,-0.037027090420154798,-0.0090495428616253377,0.52932344651555563
1032,return,7996486,61148,37704,70445,0.0016323090883814118,0.0055540635630232198,0.013885158907558049,0,0,1.5697586776435382,0,0,1.5697491024666665,-0.028311217840653623,0,0,-0.028274333400000001,-0.77082919841452846,0,0,-0.77078974441000003,0.50528320471655586,0,0,0.50527280983333334,0.13460442399833941,0,0,0.13459978961777777,0.52709792809219269,-0.037098383322255207,-0.0087734995605792138,0.52902674054777776
1033,return,7996715,57863,25287,54574,0.0016146531955850696,0.0055647574983382813,0.013911893745845703,0,0,1.5697586776435382,0,0,1.5697491024666665,-0.028311217840653623,0,0,-0.028274333400000001,-0.77082919841452846,0,0,-0.77078974441000003,0.50528320471655586,0,0,0.50527280983333334,0.13460442399833941,0,0,0.13459978961777777,0.5268008632267851,-0.037167463529199717,-0.0084963747916387538,0.52871258128777776
1034,return,8002134,59997,36435,68713,0.001632465385437154,0.0055751195293799573,0.013937798823449893,0,0,1.5697586776435382,0,0,1.5697491024666665,-0.028311217840653623,0,0,-0.028274333400000001,-0.77082919841452846,0,0,-0.77078974441000003,0.50528320471655586,0,0,0.50527280983333334,0.13460442399833941,0,0,0.13459978961777777,0.52650325459897529,-0.037234322526649537,-0.0082182029243642683,0.52843332861222225
1035,return,8002743,62740,54880,107121,0.0016508213376913439,0.0055851483789974305,0.013962870947493575,0,0,1.5697586776435382,0,0,1.5697491024666665,-0.028311217840653623,0,0,-0.028274333400000001,-0.77082919841452846,0,0,-0.77078974441000003,0.50528320471655586,0,0,0.50527280983333334,0.13460442399833941,0,0,0.13459978961777777,0.52620512001157904,-0.037298952075660377,-0.007939018437156737,0.52815407593666663
1036,return,8002827,65567,69175,105436,0.00163479666508759,0.0055948428113490566,0.013987107028372641,0,0,1.5697586776435382,0,0,1.5697491024666665,-0.028311217840653623,0,0,-0.028274333400000001,-0.77082919841452846,0,0,-0.77078974441000003,0.50528320471655586,0,0,0.50527280983333334,0.13460442399833941,0,0,0.13459978961777777,0.52590647733221907,-0.037361344213538032,-0.0076588559135678906,0.52783991667666663
1037,return,7990874,56441,20778,46064,0.0016716399611143018,0.0056042016320307043,0.014010504080076761,0,0,1.5697586776435382,0,0,1.5697491024666665,-0.028311217840653623,0,0,-0.028274333400000001,-0.77082919841452846,0,0,-0.77078974441000003,0.50528320471655586,0,0,0.50527280983333334,0.13460442399833941,0,0,0.13459978961777777,0.52560734449111179,-0.037421491254665082,-0.0073777500386107454,0.52757811729333337
1038,return,7998892,55333,15315,32889,0.0016740668344437104,0.0056132236881997625,0.014033059220499406,0,0,1.5697586776435382,0,0,1.5697491024666665,-0.028311217840653623,0,0,-0.028274333400000001,-0.77082919841452846,0,0,-0.77078974441000003,0.50528320471655586,0,0,0.50527280983333334,0.13460442399833941,0,0,0.13459978961777777,0.52530773947884779,-0.037479385791297865,-0.0070957355950698239,0.5272814113255555
1039,return,8002337,57670,21768,48167,0.0016944191711522061,0.0056219078686946793,0.014054769671736699,0,0,1.5697586776435382,0,0,1.5697491024666665,-0.028311217840653623,0,0,-0.028274333400000001,-0.77082919841452846,0,0,-0.77078974441000003,0.50528320471655586,0,0,0.50527280983333334,0.13460442399833941,0,0,0.13459978961777777,0.52500768034416545,-0.037535020694333628,-0.0068128474598124732,0.52700215865
1040,return,7997771,55441,25953,47334,0.0017152256302790381,0.0056302531041500436,0.014075632760375109,0,0,1.5697586776435382,0,0,1.5697491024666665,-0.028311217840653623,0,0,-0.028274333400000001,-0.77082919841452846,0,0,-0.77078974441000003,0.50528320471655586,0,0,0.50527280983333334,0.13460442399833941,0,0,0.13459978961777777,0.52470718519171888,-0.037588389114048576,-0.00652912060009857,0.52672290597444449
1041,return,8000651,56092,25018,40750,0.0017539213993922331,0.0056382583671072866,0.014095645917768216,0,0,1.5697586776435382,0,0,1.5697491024666665,-0.028311217840653623,0,0,-0.028274333400000001,-0.77082919841452846,0,0,-0.77078974441000003,0.50528320471655586,0,0,0.50527280983333334,0.13460442399833941,0,0,0.13459978961777777,0.52440627217984026,-0.037639484480806486,-0.0062445900698911436,0.52646110659111112
1042,return,7999282,55374,22611,47389,0.0017755817357153481,0.0056459226721209729,0.014114806680302433,0,0,1.5697586776435382,0,0,1.5697491024666665,-0.028311217840653623,0,0,-0.028274333400000001,-0.77082919841452846,0,0,-0.77078974441000003,0.50528320471655586,0,0,0.50527280983333334,0.13460442399833941,0,0,0.13459978961777777,0.52410495951829594,-0.037688300505737078,-0.0059592910061675866,0.52618185391555561
1043,return,8000113,55487,11361,29315,0.0017976417217041574,0.0056532450758605612,0.014133112689651403,0,0,1.5697586776435382,0,0,1.5697491024666665,-0.028311217840653623,0,0,-0.028274333400000001,-0.77082919841452846,0,0,-0.77078974441000003,0.50528320471655586,0,0,0.50527280983333334,0.13460442399833941,0,0,0.13459978961777777,0.52380326546603828,-0.037734831181385875,-0.0056732586252288978,0.5259026012400001
1044,return,8000318,55805,18972,40177,0.0018200830984062,0.0056602246772078811,0.014150561693019703,0,0,1.5697586776435382,0,0,1.5697491024666665,-0.028311217840653623,0,0,-0.028274333400000001,-0.77082919841452846,0,0,-0.77078974441000003,0.50528320471655586,0,0,0.50527280983333334,0.13460442399833941,0,0,0.13459978961777777,0.52350120832895142,-0.037779070782333626,-0.0053865282190114503,0.52562334856444448
1045,return,8002216,58021,15250,38658,0.001860340852159692,0.0056668606173500436,0.014167151543375108,0,0,1.5697586776435382,0,0,1.5697491024666665,-0.028311217840653623,0,0,-0.028274333400000001,-0.77082919841452846,0,0,-0.77078974441000003,0.50528320471655586,0,0,0.50527280983333334,0.13460442399833941,0,0,0.13459978961777777,0.52319880645759276,-0.037821013865786922,-0.0050991351513965492,0.52536154918111111
1046,return,7998124,56145,11833,29407,0.0018834900479628436,0.0056731520798680383,0.014182880199670095,0,0,1.5697586776435382,0,0,1.5697491024666665,-0.028311217840653623,0,0,-0.028274333400000001,-0.77082919841452846,0,0,-0.77078974441000003,0.50528320471655586,0,0,0.50527280983333334,0.13460442399833941,0,0,0.13459978961777777,0.52289607824492967,-0.037860655272138874,-0.0048111148545215247,0.5250822965055556
1047,return,7999595,55740,10436,24657,0.0019069655850703082,0.0056790982908208306,0.014197745727052076,0,0,1.5697586776435382,0,0,1.5697491024666665,-0.028311217840653623,0,0,-0.028274333400000001,-0.77082919841452846,0,0,-0.77078974441000003,0.50528320471655586,0,0,0.50527280983333334,0.13460442399833941,0,0,0.13459978961777777,0.52259304212407176,-0.037897990125500366,-0.0045225028250897312,0.52480304382999998
1048,return,8004207,59947,57093,98361,0.0019132957381504667,0.0056846985188250551,0.014211746297062637,0,0,1.5697586776435382,0,0,1.5697491024666665,-0.028311217840653623,0,0,-0.028274333400000001,-0.77082919841452846,0,0,-0.77078974441000003,0.50528320471655586,0,0,0.50527280983333334,0.13460442399833941,0,0,0.13459978961777777,0.52228971656599932,-0.037933013834201931,-0.0042333346206816789,0.52450633786222223
1049,return,8000753,60700,33361,72352,0.0019373686206674012,0.0056899520751302899,0.014224880187825724,0,0,1.5697586776435382,0,0,1.5697491024666665,-0.028311217840653623,0,0,-0.028274333400000001,-0.77082919841452846,0,0,-0.77078974441000003,0.50528320471655586,0,0,0.50527280983333334,0.13460442399833941,0,0,0.13459978961777777,0.52198612007728751,-0.037965722091265995,-0.0039436458560648457,0.52422708518666672
1050,return,8002957,63657,15990,36527,0.0019442591416013455,0.0056948583136898993,0.014237145784224747,0,0,1.5697586776435382,0,0,1.5697491024666665,-0.028311217840653623,0,0,-0.028274333400000001,-0.77082919841452846,0,0,-0.77078974441000003,0.50528320471655586,0,0,0.50527280983333334,0.13460442399833941,0,0,0.13459978961777777,0.52168227119782706,-0.037996110874849401,-0.0036534721995047726,0.52393037921888885
1051,return,7994717,58374,19898,34732,0.0019514020532840348,0.0056994166312274103,0.014248541578068525,0,0,1.5697586776435382,0,0,1.5697491024666665,-0.028311217840653623,0,0,-0.028274333400000001,-0.77082919841452846,0,0,-0.77078974441000003,0.50528320471655586,0,0,0.50527280983333334,0.13460442399833941,0,0,0.13459978961777777,0.52137818849854145,-0.038024176448656972,-0.0033628493690749978,0.5236336732511111
1052,return,8002373,60747,16944,37186,0.0019413254925696455,0.005703626467298546,0.014259066168246366,0,0,1.5697586776435382,0,0,1.5697491024666665,-0.028311217840653623,0,0,-0.028274333400000001,-0.77082919841452846,0,0,-0.77078974441000003,0.50528320471655586,0,0,0.50527280983333334,0.13460442399833941,0,0,0.13459978961777777,0.52107389057910103,-0.038049915362325007,-0.0030718131289679397,0.5233195139911111
1053,return,8018910,79657,31676,62000,0.0019489174442323121,0.0057074873043487509,0.014268718260871878,0,0,1.5697586776435382,0,0,1.5697491024666665,-0.028311217840653623,0,0,-0.028274333400000001,-0.77082919841452846,0,0,-0.77078974441000003,0.50528320471655586,0,0,0.50527280983333334,0.13460442399833941,0,0,0.13459978961777777,0.52076939606563433,-0.038073324451775518,-0.002780399285805459,0.52302280802333334
1054,return,7979642,59299,25223,51741,0.0019392526976990121,0.0057109986677663276,0.014277496669415819,0,0,1.5697586776435382,0,0,1.5697491024666665,-0.028311217840653623,0,0,-0.028274333400000001,-0.77082919841452846,0,0,-0.77078974441000003,0.50528320471655586,0,0,0.50527280983333334,0.13460442399833941,0,0,0.13459978961777777,0.52046472360843599,-0.038094400839540937,-0.0024886436849490918,0.52270864876333334
1055,return,7999800,59099,25074,58333,0.0019472191871195976,0.0057141601259311408,0.014285400314827851,0,0,1.5697586776435382,0,0,1.5697491024666665,-0.028311217840653623,0,0,-0.028274333400000001,-0.77082919841452846,0,0,-0.77078974441000003,0.50528320471655586,0,0,0.50527280983333334,0.13460442399833941,0,0,0.13459978961777777,0.52015989187967315,-0.0381131419350592,-0.0021965822068105633,0.52241194279555558
1056,return,8001716,60815,25000,51815,0.0019204383636601818,0.0057169712902588798,0.0142924282256472,0,0,1.5697586776435382,0,0,1.5697491024666665,-0.028311217840653623,0,0,-0.028274333400000001,-0.77082919841452846,0,0,-0.77078974441000003,0.50528320471655586,0,0,0.50527280983333334,0.13460442399833941,0,0,0.13459978961777777,0.51985491957108898,-0.038129545434939405,-0.0019042507631624325,0.52208033024333333
1057,return,8023882,84697,31815,62027,0.0018763448277998585,0.0057194318152409109,0.014298579538102277,0,0,1.5697586776435382,0,0,1.5697491024666665,-0.028311217840653623,0,0,-0.028274333400000001,-0.77082919841452846,0,0,-0.77078974441000003,0.50528320471655586,0,0,0.50527280983333334,0.13460442399833941,0,0,0.13459978961777777,0.51954982539170402,-0.038143609323198095,-0.0016116852934483735,0.52173126439888884
1058,return,7973365,58062,25547,52481,0.0018498264549626775,0.0057215413984797138,0.014303853496199285,0,0,1.5697586776435382,0,0,1.5697491024666665,-0.028311217840653623,0,0,-0.028274333400000001,-0.77082919841452846,0,0,-0.77078974441000003,0.50528320471655586,0,0,0.50527280983333334,0.13460442399833941,0,0,0.13459978961777777,0.51924462806551674,-0.038155331871465768,-0.001318921761094202,0.5213996518466667
1059,return,8004234,62296,25000,50963,0.0018234112289277071,0.0057232997807198649,0.014308249451799662,0,0,1.5697586776435382,0,0,1.5697491024666665,-0.028311217840653623,0,0,-0.028274333400000001,-0.77082919841452846,0,0,-0.77078974441000003,0.50528320471655586,0,0,0.50527280983333334,0.13460442399833941,0,0,0.13459978961777777,0.51893934632920102,-0.038164711639163705,-0.001025996149817795,0.52106803929444445
1060,return,7995096,57392,26454,55926,0.0017970804130211793,0.0057247067458745552,0.014311766864686389,0,0,1.5697586776435382,0,0,1.5697491024666665,-0.028311217840653623,0,0,-0.028274333400000001,-0.77082919841452846,0,0,-0.77078974441000003,0.50528320471655586,0,0,0.50527280983333334,0.13460442399833941,0,0,0.13459978961777777,0.51863399892980422,-0.038171747473652082,-0.00073294445993952312,0.5207364267422222
1061,return,8012503,69895,83908,149944,0.001788268552417982,0.0057257621210478121,0.014314405302619531,0,0,1.5697586776435382,0,0,1.5697491024666665,-0.028311217840653623,0,0,-0.028274333400000001,-0.77082919841452846,0,0,-0.77078974441000003,0.50528320471655586,0,0,0.50527280983333334,0.13460442399833941,0,0,0.13459978961777777,0.51832860462244235,-0.038176438510347604,-0.00043980270469358944,0.5204222674822222
1062,return,7995105,65000,34454,74741,0.0017795035997798525,0.0057264657765521403,0.014316164441380352,0,0,1.5697586776435382,0,0,1.5697491024666665,-0.028311217840653623,0,0,-0.028274333400000001,-0.77082919841452846,0,0,-0.77078974441000003,0.50528320471655586,0,0,0.50527280983333334,0.13460442399833941,0,0,0.13459978961777777,0.51802318216799559,-0.038178784172812237,-0.00014660690653734481,0.5201081082222222
1063,return,7994994,59994,26602,52583,0.0017533135020044721,0.0057268176259218356,0.01431704406480459,0,0,1.5697586776435382,0,0,1.5697491024666665,-0.028311217840653623,0,0,-0.028274333400000001,-0.77082919841452846,0,0,-0.77078974441000003,0.50528320471655586,0,0,0.50527280983333334,0.13460442399833941,0,0,0.13459978961777777,0.51771775033080281,-0.038178784172812258,0.00014660690653730396,0.51977649567000006
1064,return,8002049,62043,25852,50722,0.0017445860791972523,0.0057268176259218382,0.014317044064804595,0,0,1.5697586776435382,0,0,1.5697491024666665,-0.028311217840653623,0,0,-0.028274333400000001,-0.77082919841452846,0,0,-0.77078974441000003,0.50528320471655586,0,0,0.50527280983333334,0.13460442399833941,0,0,0.13459978961777777,0.51741232787635605,-0.038176438510347598,0.0004398027046935419,0.51946233641000006
1065,return,7999059,61102,32861,69472,0.0017009426891995139,0.0057264657765521395,0.014316164441380348,0,0,1.5697586776435382,0,0,1.5697491024666665,-0.028311217840653623,0,0,-0.028274333400000001,-0.77082919841452846,0,0,-0.77078974441000003,0.50528320471655586,0,0,0.50527280983333334,0.13460442399833941,0,0,0.13459978961777777,0.51710693356899418,-0.038171747473652082,0.00073294445993954849,0.51911327056555556
1066,return,8001217,62319,44676,90574,0.0016747244443391374,0.0057257621210478121,0.014314405302619531,0,0,1.5697586776435382,0,0,1.5697491024666665,-0.028311217840653623,0,0,-0.028274333400000001,-0.77082919841452846,0,0,-0.77078974441000003,0.50528320471655586,0,0,0.50527280983333334,0.13460442399833941,0,0,0.13459978961777777,0.51680158616959737,-0.038164711639163677,0.0010259961498177853,0.51878165801333331
1067,return,8002123,64442,34472,69658,0.0016310059992915571,0.0057247067458745518,0.01431176686468638,0,0,1.5697586776435382,0,0,1.5697491024666665,-0.028311217840653623,0,0,-0.028274333400000001,-0.77082919841452846,0,0,-0.77078974441000003,0.50528320471655586,0,0,0.50527280983333334,0.13460442399833941,0,0,0.13459978961777777,0.51649630443328176,-0.038155331871465761,0.0013189217610942478,0.51843259216888893
1068,return,7994207,58649,32889,68269,0.0016221284756071652,0.005723299780719864,0.01430824945179966,0,0,1.5697586776435382,0,0,1.5697491024666665,-0.028311217840653623,0,0,-0.028274333400000001,-0.77082919841452846,0,0,-0.77078974441000003,0.50528320471655586,0,0,0.50527280983333334,0.13460442399833941,0,0,0.13459978961777777,0.51619110710709437,-0.03814360932319813,0.0016116852934484653,0.51811843290888893
1069,return,8001993,60642,25157,52500,0.0015957132495723059,0.005721541398479719,0.014303853496199297,0,0,1.5697586776435382,0,0,1.5697491024666665,-0.028311217840653623,0,0,-0.028274333400000001,-0.77082919841452846,0,0,-0.77078974441000003,0.50528320471655586,0,0,0.50527280983333334,0.13460442399833941,0,0,0.13459978961777777,0.51588601292770953,-0.038129545434939432,0.001904250763162372,0.51778682035666668
1070,return,8006994,67636,51509,101324,0.0015691948767349029,0.0057194318152409144,0.014298579538102285,0,0,1.5697586776435382,0,0,1.5697491024666665,-0.028311217840653623,0,0,-0.028274333400000001,-0.77082919841452846,0,0,-0.77078974441000003,0.50528320471655586,0,0,0.50527280983333334,0.13460442399833941,0,0,0.13459978961777777,0.51558104061912524,-0.038113141935059131,0.0021965822068105018,0.51745520780444443
1071,return,8001623,69259,56065,118657,0.0015425546330970485,0.0057169712902588694,0.014292428225647174,0,0,1.5697586776435382,0,0,1.5697491024666665,-0.028311217840653623,0,0,-0.028274333400000001,-0.77082919841452846,0,0,-0.77078974441000003,0.50528320471655586,0,0,0.50527280983333334,0.13460442399833941,0,0,0.13459978961777777,0.51527620889036241,-0.038094400839540909,0.0024886436849491335,0.51712359525222229
1072,return,7991939,61198,29046,61926,0.0015332271018598798,0.0057141601259311364,0.014285400314827841,0,0,1.5697586776435382,0,0,1.5697491024666665,-0.028311217840653623,0,0,-0.028274333400000001,-0.77082919841452846,0,0,-0.77078974441000003,0.50528320471655586,0,0,0.50527280983333334,0.13460442399833941,0,0,0.13459978961777777,0.51497153643316407,-0.038073324451775525,0.0027803992858055722,0.51680943599222229
1073,return,7994818,56016,16722,37185,0.0015237402990582183,0.0057109986677663285,0.014277496669415822,0,0,1.5697586776435382,0,0,1.5697491024666665,-0.028311217840653623,0,0,-0.028274333400000001,-0.77082919841452846,0,0,-0.77078974441000003,0.50528320471655586,0,0,0.50527280983333334,0.13460442399833941,0,0,0.13459978961777777,0.51466704191969737,-0.038049915362324986,0.0030718131289679818,0.51649527673222229
1074,return,8004577,60593,47018,87389,0.0015140755525248073,0.0057074873043487474,0.014268718260871869,0,0,1.5697586776435382,0,0,1.5697491024666665,-0.028311217840653623,0,0,-0.028274333400000001,-0.77082919841452846,0,0,-0.77078974441000003,0.50528320471655586,0,0,0.50527280983333334,0.13460442399833941,0,0,0.13459978961777777,0.51436274400025694,-0.038024176448657021,0.0033628493690749457,0.51618111747222217
1075,return,7997994,58587,29130,74102,0.0015216675041874739,0.005703626467298553,0.014259066168246383,0,0,1.5697586776435382,0,0,1.5697491024666665,-0.028311217840653623,0,0,-0.028274333400000001,-0.77082919841452846,0,0,-0.77078974441000003,0.50528320471655586,0,0,0.50527280983333334,0.13460442399833941,0,0,0.13459978961777777,0.51405866130097133,-0.037996110874849359,0.003653472199504747,0.51588441150444442
1076,return,7997271,55858,19278,43064,0.0015464975279175786,0.0056994166312274034,0.014248541578068508,0,0,1.5697586776435382,0,0,1.5697491024666665,-0.028311217840653623,0,0,-0.028274333400000001,-0.77082919841452846,0,0,-0.77078974441000003,0.50528320471655586,0,0,0.50527280983333334,0.13460442399833941,0,0,0.13459978961777777,0.51375481242151078,-0.037965722091265933,0.0039436458560649403,0.51560515882888891
1077,return,8003319,59177,10528,30732,0.0015536404396003789,0.0056948583136898897,0.014237145784224725,0,0,1.5697586776435382,0,0,1.5697491024666665,-0.028311217840653623,0,0,-0.028274333400000001,-0.77082919841452846,0,0,-0.77078974441000003,0.50528320471655586,0,0,0.50527280983333334,0.13460442399833941,0,0,0.13459978961777777,0.51345121593279908,-0.037933013834201952,0.0042333346206816511,0.51530845286111115
1078,return,7996772,55949,18889,48204,0.0015605309605343232,0.0056899520751302925,0.014224880187825731,0,0,1.5697586776435382,0,0,1.5697491024666665,-0.028311217840653623,0,0,-0.028274333400000001,-0.77082919841452846,0,0,-0.77078974441000003,0.50528320471655586,0,0,0.50527280983333334,0.13460442399833941,0,0,0.13459978961777777,0.51314789037472663,-0.037897990125500366,0.004522502825089752,0.5150117468933334
1079,return,8002493,58442,16778,38223,0.0015671505508290107,0.0056846985188250551,0.014211746297062637,0,0,1.5697586776435382,0,0,1.5697491024666665,-0.028311217840653623,0,0,-0.028274333400000001,-0.77082919841452846,0,0,-0.77078974441000003,0.50528320471655586,0,0,0.50527280983333334,0.13460442399833941,0,0,0.13459978961777777,0.51284485425386883,-0.037860655272138874,0.0048111148545214415,0.51471504092555564
1080,return,7995670,54112,38574,45194,0.0015909339961311941,0.0056790982908208306,0.014197745727052076,0,0,1.5697586776435382,0,0,1.5697491024666665,-0.028311217840653623,0,0,-0.028274333400000001,-0.77082919841452846,0,0,-0.77078974441000003,0.50528320471655586,0,0,0.50527280983333334,0.13460442399833941,0,0,0.13459978961777777,0.51254212604120564,-0.037821013865786964,0.0050991351513965874,0.51443578825000003
1081,return,8000318,54430,16713,36833,0.0016144095332388808,0.0056731520798680444,0.01418288019967011,0,0,1.5697586776435382,0,0,1.5697491024666665,-0.028311217840653623,0,0,-0.028274333400000001,-0.77082919841452846,0,0,-0.77078974441000003,0.50528320471655586,0,0,0.50527280983333334,0.13460442399833941,0,0,0.13459978961777777,0.51223972416984698,-0.03777907078233371,0.0053865282190114893,0.51415653557444452
1082,return,8001503,55933,18592,45250,0.0016375587290420324,0.0056668606173500566,0.014167151543375141,0,0,1.5697586776435382,0,0,1.5697491024666665,-0.028311217840653623,0,0,-0.028274333400000001,-0.77082919841452846,0,0,-0.77078974441000003,0.50528320471655586,0,0,0.50527280983333334,0.13460442399833941,0,0,0.13459978961777777,0.51193766703276011,-0.037734831181385924,0.0056732586252289463,0.51387728289888901
1083,return,7999299,55232,12722,33546,0.0016603631905732774,0.005660224677207888,0.01415056169301972,0,0,1.5697586776435382,0,0,1.5697491024666665,-0.028311217840653623,0,0,-0.028274333400000001,-0.77082919841452846,0,0,-0.77078974441000003,0.50528320471655586,0,0,0.50527280983333334,0.13460442399833941,0,0,0.13459978961777777,0.51163597298050256,-0.037688300505737064,0.0059592910061674808,0.51359803022333339
1084,return,8000837,56069,11695,31574,0.001700257859497456,0.0056532450758605595,0.014133112689651398,0,0,1.5697586776435382,0,0,1.5697491024666665,-0.028311217840653623,0,0,-0.028274333400000001,-0.77082919841452846,0,0,-0.77078974441000003,0.50528320471655586,0,0,0.50527280983333334,0.13460442399833941,0,0,0.13459978961777777,0.51133466031895813,-0.037639484480806409,0.0062445900698912329,0.51333623084000002
1085,return,8001419,57488,42037,77409,0.0017048645532641293,0.0056459226721209616,0.014114806680302404,0,0,1.5697586776435382,0,0,1.5697491024666665,-0.028311217840653623,0,0,-0.028274333400000001,-0.77082919841452846,0,0,-0.77078974441000003,0.50528320471655586,0,0,0.50527280983333334,0.13460442399833941,0,0,0.13459978961777777,0.5110337473070794,-0.037588389114048583,0.0065291206000984339,0.51303952487222226
1086,return,8000735,58223,28528,73092,0.0017265248895873553,0.0056382583671072874,0.014095645917768219,0,0,1.5697586776435382,0,0,1.5697491024666665,-0.028311217840653623,0,0,-0.028274333400000001,-0.77082919841452846,0,0,-0.77078974441000003,0.50528320471655586,0,0,0.50527280983333334,0.13460442399833941,0,0,0.13459978961777777,0.51073325215463294,-0.037535020694333586,0.0068128474598124775,0.51276027219666676
1087,return,7998744,56967,14176,35361,0.0017303140742559453,0.0056302531041500375,0.014075632760375094,0,0,1.5697586776435382,0,0,1.5697491024666665,-0.028311217840653623,0,0,-0.028274333400000001,-0.77082919841452846,0,0,-0.77078974441000003,0.50528320471655586,0,0,0.50527280983333334,0.13460442399833941,0,0,0.13459978961777777,0.5104331930199506,-0.037479385791297913,0.0070957355950698629,0.51246356622888889
1088,return,7999456,56423,15778,37064,0.0017511205333827773,0.0056219078686946871,0.014054769671736718,0,0,1.5697586776435382,0,0,1.5697491024666665,-0.028311217840653623,0,0,-0.028274333400000001,-0.77082919841452846,0,0,-0.77078974441000003,0.50528320471655586,0,0,0.50527280983333334,0.13460442399833941,0,0,0.13459978961777777,0.5101335880076866,-0.037421491254665123,0.0073777500386108608,0.51218431355333338
1089,return,8000235,56658,12926,30722,0.0017540195778689149,0.0056132236881997685,0.014033059220499421,0,0,1.5697586776435382,0,0,1.5697491024666665,-0.028311217840653623,0,0,-0.028274333400000001,-0.77082919841452846,0,0,-0.77078974441000003,0.50528320471655586,0,0,0.50527280983333334,0.13460442399833941,0,0,0.13459978961777777,0.50983445516657933,-0.037361344213538011,0.0076588559135678871,0.51188760758555552
1090,return,7998651,55309,14658,38213,0.0017564464511984346,0.0056042016320307017,0.014010504080076754,0,0,1.5697586776435382,0,0,1.5697491024666665,-0.028311217840653623,0,0,-0.028274333400000001,-0.77082919841452846,0,0,-0.77078974441000003,0.50528320471655586,0,0,0.50527280983333334,0.13460442399833941,0,0,0.13459978961777777,0.50953581248721935,-0.037298952075660412,0.0079390184371568463,0.51159090161777776
1091,return,8000726,56035,19482,48722,0.0017758364550028993,0.0055948428113490618,0.013987107028372654,0,0,1.5697586776435382,0,0,1.5697491024666665,-0.028311217840653623,0,0,-0.028274333400000001,-0.77082919841452846,0,0,-0.77078974441000003,0.50528320471655586,0,0,0.50527280983333334,0.13460442399833941,0,0,0.13459978961777777,0.5092376778998231,-0.037234322526649558,0.0082182029243643324,0.51131164894222225
1092,return,8000087,56122,13213,32686,0.0017772650746213925,0.0055851483789974331,0.013962870947493582,0,0,1.5697586776435382,0,0,1.5697491024666665,-0.028311217840653623,0,0,-0.028274333400000001,-0.77082919841452846,0,0,-0.77078974441000003,0.50528320471655586,0,0,0.50527280983333334,0.13460442399833941,0,0,0.13459978961777777,0.50894006927201341,-0.037167463529199737,0.0084963747916387052,0.5110149429744445
1093,return,7998021,54143,36556,38028,0.0017607144424310883,0.0055751195293799608,0.013937798823449902,0,0,1.5697586776435382,0,0,1.5697491024666665,-0.028311217840653623,0,0,-0.028274333400000001,-0.77082919841452846,0,0,-0.77078974441000003,0.50528320471655586,0,0,0.50527280983333334,0.13460442399833941,0,0,0.13459978961777777,0.5086430044066057,-0.037098383322255221,0.0087734995605792676,0.5107007837144445
1094,return,8005300,59443,30204,65658,0.0017610733400610368,0.005564757498338283,0.013911893745845708,0,0,1.5697586776435382,0,0,1.5697491024666665,-0.028311217840653623,0,0,-0.028274333400000001,-0.77082919841452846,0,0,-0.77078974441000003,0.50528320471655586,0,0,0.50527280983333334,0.13460442399833941,0,0,0.13459978961777777,0.50834650103940215,-0.037027090420154792,0.0090495428616254002,0.51040407774666674
1095,return,7997123,56566,22213,50074,0.0017434174472644726,0.0055540635630232189,0.013885158907558048,0,0,1.5697586776435382,0,0,1.5697491024666665,-0.028311217840653623,0,0,-0.028274333400000001,-0.77082919841452846,0,0,-0.77078974441000003,0.50528320471655586,0,0,0.50527280983333334,0.13460442399833941,0,0,0.13459978961777777,0.50805057683699106,-0.036953593611745925,0.009324470437746429,0.51008991848666663
1096,return,7998568,55134,14787,36870,0.0017426356818978084,0.0055430390417618887,0.013857597604404722,0,0,1.5697586776435382,0,0,1.5697491024666665,-0.028311217840653623,0,0,-0.028274333400000001,-0.77082919841452846,0,0,-0.77078974441000003,0.50528320471655586,0,0,0.50527280983333334,0.13460442399833941,0,0,0.13459978961777777,0.50775524939455541,-0.036877901959470119,0.0095982481481311135,0.50979321251888887
1097,return,8002976,58110,17574,43639,0.0017238038643334619,0.0055316852939205179,0.013829213234801295,0,0,1.5697586776435382,0,0,1.5697491024666665,-0.028311217840653623,0,0,-0.028274333400000001,-0.77082919841452846,0,0,-0.77078974441000003,0.50528320471655586,0,0,0.50527280983333334,0.13460442399833941,0,0,0.13459978961777777,0.50746053623368703,-0.036800024798417853,0.009870841971876718,0.50947905325888887
1098,return,8000272,58382,36704,80963,0.001704357765201836,0.0055200037197626782,0.013800009299406696,0,0,1.5697586776435382,0,0,1.5697491024666665,-0.028311217840653623,0,0,-0.028274333400000001,-0.77082919841452846,0,0,-0.77078974441000003,0.50528320471655586,0,0,0.50527280983333334,0.13460442399833941,0,0,0.13459978961777777,0.50716645480021005,-0.036719971735355197,0.010142218011679215,0.50916489399888887
1099,return,8003466,61848,49620,134703,0.0016842799386789231,0.0055079957603032794,0.013769989400758199,0,0,1.5697586776435382,0,0,1.5697491024666665,-0.028311217840653623,0,0,-0.028274333400000001,-0.77082919841452846,0,0,-0.77078974441000003,0.50528320471655586,0,0,0.50527280983333334,0.13460442399833941,0,0,0.13459978961777777,0.50687302246201082,-0.036637752647719957,0.010412342497522334,0.50885073473888898
1100,return,7995614,57462,17676,41648,0.0016635530168781498,0.005495662897157993,0.013739157242894982,0,0,1.5697586776435382,0,0,1.5697491024666665,-0.028311217840653623,0,0,-0.028291786692222223,-0.77082919841452846,0,0,-0.77078974441000003,0.50528320471655586,0,0,0.50527280983333334,0.13460442399833941,0,0,0.13459978961777777,0.5065802565068771,-0.036553377682588255,0.01068118179036677,0.50853657547888897
1101,return,7999273,56735,16843,34342,0.0016421597120117593,0.0054830066523882384,0.013707516630970596,0,0,1.5697586776435382,0,0,1.5697491024666665,-0.028311217840653623,0,0,-0.028274333400000001,-0.77082919841452846,0,0,-0.77078974441000003,0.50528320471655586,0,0,0.50527280983333334,0.13460442399833941,0,0,0.13459978961777777,0.50628817414034477,-0.036466857255612661,0.010948702385840345,0.50822241621888886
1102,return,7999069,55804,14343,37139,0.0016200828185440885,0.0054700285883418987,0.013675071470854746,0,0,1.5697586776435382,0,0,1.5697491024666665,-0.028311217840653623,0,0,-0.028274333400000001,-0.77082919841452846,0,0,-0.77078974441000003,0.50528320471655586,0,0,0.50527280983333334,0.13460442399833941,0,0,0.13459978961777777,0.50599679248355423,-0.036378202049929774,0.011214870917927576,0.50790825695888886
1103,return,8004391,60195,25157,52084,0.0015798519231124963,0.0054567303074894661,0.013641825768723664,0,0,1.5697586776435382,0,0,1.5697491024666665,-0.028311217840653623,0,0,-0.028274333400000001,-0.77082919841452846,0,0,-0.77078974441000003,0.50528320471655586,0,0,0.50527280983333334,0.13460442399833941,0,0,0.13459978961777777,0.50570612857111408,-0.03628742301503847,0.011479654162658247,0.50757664440666672
1104,return,7998347,58542,22074,47408,0.0015563565755526421,0.0054431134522557705,0.013607783630639426,0,0,1.5697586776435382,0,0,1.5697491024666665,-0.028311217840653623,0,0,-0.028274333400000001,-0.77082919841452846,0,0,-0.77078974441000003,0.50528320471655586,0,0,0.50527280983333334,0.13460442399833941,0,0,0.13459978961777777,0.50541619934897575,-0.036194531365648749,0.011743019041797531,0.50726248514666672
1105,return,7998771,57313,16768,41260,0.0015495798299132169,0.0054291797048473126,0.013572949262118281,0,0,1.5697586776435382,0,0,1.5697491024666665,-0.028311217840653623,0,0,-0.028274333400000001,-0.77082919841452846,0,0,-0.77078974441000003,0.50528320471655586,0,0,0.50527280983333334,0.13460442399833941,0,0,0.13459978961777777,0.50512702167231582,-0.036099538580501675,0.012004932626536086,0.50696577917888896
1106,return,8000652,57965,24926,56453,0.0015071449543507809,0.0054149307870752514,0.013537326967688128,0,0,1.5697586776435382,0,0,1.5697491024666665,-0.028311217840653623,0,0,-0.028274333400000001,-0.77082919841452846,0,0,-0.77078974441000003,0.50528320471655586,0,0,0.50527280983333334,0.13460442399833941,0,0,0.13459978961777777,0.50483861230342875,-0.036002456401158324,0.012265362141178238,0.5066341666266666
1107,return,8004310,62275,30908,67166,0.0014639417710157199,0.0054003684601737481,0.013500921150434371,0,0,1.5697586776435382,0,0,1.5697491024666665,-0.028311217840653623,0,0,-0.028274333400000001,-0.77082919841452846,0,0,-0.77078974441000003,0.50528320471655586,0,0,0.50527280983333334,0.13460442399833941,0,0,0.13459978961777777,0.50455098790962982,-0.035903296830761031,0.012524274966832418,0.50630255407444447
1108,return,7996317,58592,24685,53936,0.0014199536125923951,0.0053854945246141544,0.013463736311535386,0,0,1.5697586776435382,0,0,1.5697491024666665,-0.028311217840653623,0,0,-0.028274333400000001,-0.77082919841452846,0,0,-0.77078974441000003,0.50528320471655586,0,0,0.50527280983333334,0.13460442399833941,0,0,0.13459978961777777,0.50426416506116667,-0.035802072132763485,0.01278163864510027,0.50597094152222222
1109,return,10682119,2740711,125194,205676,0.0010784579410555439,0.0053703108199145222,0.013425777049786305,0,0,1.5697586776435382,0,0,1.5697491024666665,-0.028311217840653623,0,0,-0.028274333400000001,-0.77082919841452846,0,0,-0.77078974441000003,0.50528320471655586,0,0,0.50527280983333334,0.13460442399833941,0,0,0.13459978961777777,0.50397816022914221,-0.03569879482963198,0.013037420881766539,0.50534262300222221
1110,return,5322610,63321,1880,60371,0.0013644627730799996,0.0053548192244447972,0.013387048061111993,0,0,1.5697586776435382,0,0,1.5697491024666665,-0.028311217840653623,0,0,-0.028274333400000001,-0.77082919841452846,0,0,-0.77078974441000003,0.50528320471655586,0,0,0.50527280983333334,0.13460442399833941,0,0,0.13459978961777777,0.50369298978344856,-0.035593477701518238,0.013291589550488314,0.50534262300222221
1111,return,7999291,62612,45797,85703,0.0013529272509958945,0.0053390216552277351,0.013347554138069338,0,0,1.5697586776435382,0,0,1.5697491024666665,-0.028311217840653623,0,0,-0.028274333400000001,-0.77082919841452846,0,0,-0.77078974441000003,0.50528320471655586,0,0,0.50527280983333334,0.13460442399833941,0,0,0.13459978961777777,0.50340866999070988,-0.03548613378490037,0.013544112696484527,0.50504591703444446
1112,return,7999893,62505,33630,74472,0.0013754476604012078,0.0053229200677350555,0.013307300169337639,0,0,1.5697586776435382,0,0,1.5697491024666665,-0.028311217840653623,0,0,-0.028274333400000001,-0.77082919841452846,0,0,-0.77078974441000003,0.50528320471655586,0,0,0.50527280983333334,0.13460442399833941,0,0,0.13459978961777777,0.50312521701223822,-0.035376776371196419,0.013794958540225007,0.50478411765111109
1113,return,7996216,58721,25963,54695,0.0013796479633173542,0.0053065164556794628,0.013266291139198657,0,0,1.5697586776435382,0,0,1.5697491024666665,-0.028311217840653623,0,0,-0.028274333400000001,-0.77082919841452846,0,0,-0.77078974441000003,0.50528320471655586,0,0,0.50527280983333334,0.13460442399833941,0,0,0.13459978961777777,0.50284264690199898,-0.035265419005347132,0.014044095481121304,0.50450486497555558
1114,return,8000308,59029,26157,98696,0.0013829653980010903,0.0052898128508020699,0.013224532127005174,0,0,1.5697586776435382,0,0,1.5697491024666665,-0.028311217840653623,0,0,-0.028274333400000001,-0.77082919841452846,0,0,-0.77078974441000003,0.50528320471655586,0,0,0.50527280983333334,0.13460442399833941,0,0,0.13459978961777777,0.50256097560458868,-0.035152075484370368,0.014291492101214798,0.50422561230000007
1115,return,8007958,66987,35185,75185,0.0013853840198557732,0.0052728113226555547,0.013182028306638886,0,0,1.5697586776435382,0,0,1.5697491024666665,-0.028311217840653623,0,0,-0.028274333400000001,-0.77082919841452846,0,0,-0.77078974441000003,0.50528320471655586,0,0,0.50527280983333334,0.13460442399833941,0,0,0.13459978961777777,0.5022802189532245,-0.035036759855884551,0.01453711716886674,0.50394635962444445
1116,return,7995383,62370,35047,77157,0.0013868879956644431,0.0052555139783826829,0.013138784945956708,0,0,1.5697586776435382,0,0,1.5697491024666665,-0.028311217840653623,0,0,-0.028274333400000001,-0.77082919841452846,0,0,-0.77078974441000003,0.50528320471655586,0,0,0.50527280983333334,0.13460442399833941,0,0,0.13459978961777777,0.50200039266774521,-0.034919486416603362,0.014780939642448056,0.50366710694888894
1117,return,7996966,59336,25953,53936,0.0014049148978103609,0.0052379229624905039,0.013094807406226259,0,0,1.5697586776435382,0,0,1.5697491024666665,-0.028311217840653623,0,0,-0.028274333400000001,-0.77082919841452846,0,0,-0.77078974441000003,0.50528320471655586,0,0,0.50527280983333334,0.13460442399833941,0,0,0.13459978961777777,0.50172151235262474,-0.034800269710801544,0.015022928674027896,0.50340530756555557
1118,return,7999189,58525,22130,45611,0.0014045425373753195,0.0052200404566202317,0.013089969389957471,0,0,1.5697586776435382,0,0,1.5697491024666665,-0.028311217840653623,0,0,-0.028274333400000001,-0.77082919841452846,0,0,-0.77078974441000003,0.50528320471655586,0,0,0.50527280983333334,0.13460442399833941,0,0,0.13459978961777777,0.50144359349499756,-0.034679124528750202,0.015263053613065077,0.50312605489000006
1119,return,8002345,60870,31481,65677,0.0014206620116691271,0.00520186867931253,0.013089969389957471,0,0,1.5697586776435382,0,0,1.5697491024666665,-0.028311217840653623,0,0,-0.028274333400000001,-0.77082919841452846,0,0,-0.77078974441000003,0.50528320471655586,0,0,0.50527280983333334,0.13460442399833941,0,0,0.13459978961777777,0.50116665146269723,-0.034556065905122661,0.015501284010094535,0.50286425550666669
1120,return,8002551,63421,33787,69056,0.0014358046606360864,0.0051834098857683987,0.013089969389957471,0,0,1.5697586776435382,0,0,1.5697491024666665,-0.028311217840653623,0,0,-0.028274333400000001,-0.77082919841452846,0,0,-0.77078974441000003,0.50528320471655586,0,0,0.50527280983333334,0.13460442399833941,0,0,0.13459978961777777,0.50089070150230797,-0.034431109117371794,0.015737589620420309,0.50260245612333332
1121,return,8001716,65137,23454,46417,0.001432501945469733,0.0051646663676057688,0.013089969389957471,0,0,1.5697586776435382,0,0,1.5697491024666665,-0.028311217840653623,0,0,-0.028274333400000001,-0.77082919841452846,0,0,-0.77078974441000003,0.50528320471655586,0,0,0.50527280983333334,0.13460442399833941,0,0,0.13459978961777777,0.50061575873722863,-0.034304269684076065,0.01597194040780232,0.5023232034477777
1122,return,7993475,58612,22509,47629,0.0014630986194380524,0.0051456404526114092,0.013089969389957471,0,0,1.5697586776435382,0,0,1.5697491024666665,-0.028311217840653623,0,0,-0.028274333400000001,-0.77082919841452846,0,0,-0.77078974441000003,0.50528320471655586,0,0,0.50527280983333334,0.13460442399833941,0,0,0.13459978961777777,0.50034183816575062,-0.034175563363258221,0.016204306548146877,0.50207885735666669
1123,return,8003680,62292,34074,74278,0.001457766515360559,0.0051263345044887327,0.013089969389957471,0,0,1.5697586776435382,0,0,1.5697491024666665,-0.028311217840653623,0,0,-0.028274333400000001,-0.77082919841452846,0,0,-0.77078974441000003,0.50528320471655586,0,0,0.50527280983333334,0.13460442399833941,0,0,0.13459978961777777,0.50006895465914891,-0.034045006150672658,0.01643465843319699,0.50179960468111118
1124,return,8000892,63184,34676,68453,0.0015037572230732765,0.0051067509226008986,0.013089969389957471,0,0,1.5697586776435382,0,0,1.5697491024666665,-0.028311217840653623,0,0,-0.028274333400000001,-0.77082919841452846,0,0,-0.77078974441000003,0.50528320471655586,0,0,0.50527280983333334,0.13460442399833941,0,0,0.13459978961777777,0.4997971229597874,-0.033912614278064267,0.016662966674219907,0.50157271188222219
1125,return,7996615,59799,24370,56287,0.0015312428313237758,0.0050868921417096397,0.013089969389957471,0,0,1.5697586776435382,0,0,1.5697491024666665,-0.028311217840653623,0,0,-0.028274333400000001,-0.77082919841452846,0,0,-0.77078974441000003,0.50528320471655586,0,0,0.50527280983333334,0.13460442399833941,0,0,0.13459978961777777,0.49952635767923803,-0.033778404211397495,0.016889202105698803,0.50132836579111117
1126,return,7998420,58219,22222,51547,0.0015751153129841544,0.0050667606317096239,0.013089969389957471,0,0,1.5697586776435382,0,0,1.5697491024666665,-0.028311217840653623,0,0,-0.028274333400000001,-0.77082919841452846,0,0,-0.77078974441000003,0.50528320471655586,0,0,0.50527280983333334,0.13460442399833941,0,0,0.13459978961777777,0.49925667329641404,-0.033642392649055344,0.017113335789020544,0.50110147299222219
1127,return,8001735,59954,22815,51139,0.0016004536046971274,0.0050463588973583013,0.013089969389957471,0,0,1.5697586776435382,0,0,1.5697491024666665,-0.028311217840653623,0,0,-0.028274333400000001,-0.77082919841452846,0,0,-0.77078974441000003,0.50528320471655586,0,0,0.50527280983333334,0.13460442399833941,0,0,0.13459978961777777,0.49898808415571805,-0.033504596520010407,0.017335339016166452,0.50085712690111117
1128,return,8006244,66198,94602,163741,0.0016246966542819985,0.0050256894780015609,0.013089969389957471,0,0,1.5697586776435382,0,0,1.5697491024666665,-0.028311217840653623,0,0,-0.028274333400000001,-0.77082919841452846,0,0,-0.77078974441000003,0.50528320471655586,0,0,0.50527280983333334,0.13460442399833941,0,0,0.13459978961777777,0.49872060446520472,-0.033365032981964374,0.017555183313401029,0.50061278081000005
1129,return,7999235,65433,80398,142269,0.0016652835459064486,0.0050047549472946561,0.013089969389957471,0,0,1.5697586776435382,0,0,1.5697491024666665,-0.028311217840653623,0,0,-0.028274333400000001,-0.77082919841452846,0,0,-0.77078974441000003,0.50528320471655586,0,0,0.50527280983333334,0.13460442399833941,0,0,0.13459978961777777,0.49845424829475837,-0.033223719419459272,0.017772840444961337,0.50038588801111117
1130,return,8000902,66335,46537,93824,0.0017047469174638064,0.0049835579129188902,0.013089969389957471,0,0,1.5697586776435382,0,0,1.5697491024666665,-0.028311217840653623,0,0,-0.028274333400000001,-0.77082919841452846,0,0,-0.77078974441000003,0.50528320471655586,0,0,0.50527280983333334,0.13460442399833941,0,0,0.13459978961777777,0.49818902957428646,-0.03308067344195946,0.01798828241674752,0.50015899521222218
1131,return,8178707,245042,42380,270889,0.0017256195468247082,0.0049621010162939185,0.013089969389957471,0,0,1.5697586776435382,0,0,1.5697491024666665,-0.028311217840653623,0,0,-0.028274333400000001,-0.77082919841452846,0,0,-0.77078974441000003,0.50528320471655586,0,0,0.50527280983333334,0.13460442399833941,0,0,0.13459978961777777,0.49792496209192694,-0.032935912881902826,0.018201481480011279,0.49991464912111117
1132,return,7817633,62675,38315,98898,0.0017278876458508563,0.0049403869322854239,0.013089969389957471,0,0,1.5697586776435382,0,0,1.5697491024666665,-0.028311217840653623,0,0,-0.028274333400000001,-0.77082919841452846,0,0,-0.77078974441000003,0.50528320471655586,0,0,0.50527280983333334,0.13460442399833941,0,0,0.13459978961777777,0.49766205949227316,-0.032789455792723764,0.018412410135045298,0.49965284973777779
1133,return,7998106,60781,25991,51435,0.0017638974466157031,0.0049184183689085642,0.013089969389957471,0,0,1.5697586776435382,0,0,1.5697491024666665,-0.028311217840653623,0,0,-0.028274333400000001,-0.77082919841452846,0,0,-0.77078974441000003,0.50528320471655586,0,0,0.50527280983333334,0.13460442399833941,0,0,0.13459978961777777,0.4974003352746138,-0.032641320446845479,0.018621041134874165,0.49942595693888886
1134,return,7997956,58737,22750,45425,0.0017812755731639873,0.0048961980670268216,0.013089969389957471,0,0,1.5697586776435382,0,0,1.5697491024666665,-0.028311217840653623,0,0,-0.028274333400000001,-0.77082919841452846,0,0,-0.77078974441000003,0.50528320471655586,0,0,0.50527280983333334,0.13460442399833941,0,0,0.13459978961777777,0.49713980279118891,-0.032491525333644168,0.018827347488942252,0.49918161084777779
1135,return,8000069,58806,21389,44380,0.0017800086732555065,0.0048737288000466252,0.013089969389957471,0,0,1.5697586776435382,0,0,1.5697491024666665,-0.028311217840653623,0,0,-0.028274333400000001,-0.77082919841452846,0,0,-0.77078974441000003,0.50528320471655586,0,0,0.50527280983333334,0.13460442399833941,0,0,0.13459978961777777,0.49688047524546258,-0.032340089157382457,0.019031302466803911,0.49891981146444442
1136,return,8001132,59938,21565,44277,0.0017775368356485743,0.0048510133736073685,0.013089969389957471,0,0,1.5697586776435382,0,0,1.5697491024666665,-0.028311217840653623,0,0,-0.028274333400000001,-0.77082919841452846,0,0,-0.77078974441000003,0.50528320471655586,0,0,0.50527280983333334,0.13460442399833941,0,0,0.13459978961777777,0.49662236569041218,-0.032187030835113317,0.019232879601812695,0.49865801208111116
1137,return,7995986,55924,13241,35038,0.0017563937151433562,0.0048280546252669971,0.013089969389957471,0,0,1.5697586776435382,0,0,1.5697491024666665,-0.028311217840653623,0,0,-0.028274333400000001,-0.77082919841452846,0,0,-0.77078974441000003,0.50528320471655586,0,0,0.50527280983333334,0.13460442399833941,0,0,0.13459978961777777,0.49636548702683475,-0.032032369494556144,0.019432052694811627,0.49837875940555554
1138,return,8009429,65353,22676,44342,0.0017514729953874153,0.0048048554241834213,0.013089969389957471,0,0,1.5697586776435382,0,0,1.5697491024666665,-0.028311217840653623,0,0,-0.028274333400000001,-0.77082919841452846,0,0,-0.77078974441000003,0.50528320471655586,0,0,0.50527280983333334,0.13460442399833941,0,0,0.13459978961777777,0.49610985200166979,-0.031876124471940839,0.019628795817822241,0.49811696002222217
1139,return,7993346,58699,21963,43324,0.0017453086372191118,0.0047814186707911257,0.013089969389957471,0,0,1.5697586776435382,0,0,1.5697491024666665,-0.028311217840653623,0,0,-0.028274333400000001,-0.77082919841452846,0,0,-0.77078974441000003,0.50528320471655586,0,0,0.50527280983333334,0.13460442399833941,0,0,0.13459978961777777,0.49585547320634049,-0.031718315309824011,0.019823083317733005,0.49785516063888891
1140,return,8000447,59146,21214,41463,0.0017378880492151527,0.0047577472964736014,0.013089969389957471,0,0,1.5697586776435382,0,0,1.5697491024666665,-0.028311217840653623,0,0,-0.028274333400000001,-0.77082919841452846,0,0,-0.77078974441000003,0.50528320471655586,0,0,0.50527280983333334,0.13460442399833941,0,0,0.13459978961777777,0.49560236307511146,-0.031558961754875978,0.020014889819990812,0.49759336125555564
1141,return,8001226,60372,21315,43120,0.0017291987971108091,0.0047338442632313968,0.013089969389957471,0,0,1.5697586776435382,0,0,1.5697491024666665,-0.028311217840653623,0,0,-0.028274333400000001,-0.77082919841452846,0,0,-0.77078974441000003,0.50528320471655586,0,0,0.50527280983333334,0.13460442399833941,0,0,0.13459978961777777,0.49535053388346506,-0.031398083755636116,0.020204190232289379,0.49733156187222227
1142,return,7999273,59645,21175,49102,0.0017017753132015923,0.0047097125633454176,0.013089969389957471,0,0,1.5697586776435382,0,0,1.5697491024666665,-0.028311217840653623,0,0,-0.028274333400000001,-0.77082919841452846,0,0,-0.77078974441000003,0.50528320471655586,0,0,0.50527280983333334,0.13460442399833941,0,0,0.13459978961777777,0.49509999774649516,-0.031235701460241926,0.020390959748258362,0.49705230919666665
1143,return,7999151,58796,21741,42648,0.0016730587746159875,0.0046853552190362887,0.013089969389957471,0,0,1.5697586776435382,0,0,1.5697491024666665,-0.028311217840653623,0,0,-0.028274333400000001,-0.77082919841452846,0,0,-0.77078974441000003,0.50528320471655586,0,0,0.50527280983333334,0.13460442399833941,0,0,0.13459978961777777,0.4948507666173203,-0.031071835214124884,0.020575173851153806,0.49677305652111114
1144,return,8000281,59077,21084,44351,0.0016255839360130864,0.0046607752821187327,0.013089969389957471,0,0,1.5697586776435382,0,0,1.5697491024666665,-0.028311217840653623,0,0,-0.028274333400000001,-0.77082919841452846,0,0,-0.77078974441000003,0.50528320471655586,0,0,0.50527280983333334,0.13460442399833941,0,0,0.13459978961777777,0.49460285228551393,-0.03090650555768041,0.02075680831754689,0.49647635055333339
1145,return,8000919,59996,20676,43140,0.0016116988844860902,0.0046359758336520611,0.013089969389957471,0,0,1.5697586776435382,0,0,1.5697491024666665,-0.028311217840653623,0,0,-0.028274333400000001,-0.77082919841452846,0,0,-0.77078974441000003,0.50528320471655586,0,0,0.50527280983333334,0.13460442399833941,0,0,0.13459978961777777,0.49435626637555397,-0.030739733223905479,0.020935839221014333,0.49621455117000002
1146,return,8000689,60685,30342,64287,0.0015790321188904888,0.0046109599835858217,0.013089969389957471,0,0,1.5697586776435382,0,0,1.5697491024666665,-0.028311217840653623,0,0,-0.028274333400000001,-0.77082919841452846,0,0,-0.77078974441000003,0.50528320471655586,0,0,0.50527280983333334,0.13460442399833941,0,0,0.13459978961777777,0.49411102034529247,-0.030571539136007693,0.021112242935826381,0.49593529849444445
1147,return,7999466,60151,22945,43639,0.001527572181374226,0.0045857308704011536,0.013089969389957471,0,0,1.5697586776435382,0,0,1.5697491024666665,-0.028311217840653623,0,0,-0.028274333400000001,-0.77082919841452846,0,0,-0.77078974441000003,0.50528320471655586,0,0,0.50527280983333334,0.13460442399833941,0,0,0.13459978961777777,0.49386712548444267,-0.030401944404986298,0.021285996140638343,0.4956385925266667
1148,return,7998734,58885,21935,46815,0.0015096676588906566,0.0045602916607479444,0.013089969389957471,0,0,1.5697586776435382,0,0,1.5697491024666665,-0.028311217840653623,0,0,-0.028274333400000001,-0.77082919841452846,0,0,-0.77078974441000003,0.50528320471655586,0,0,0.50527280983333334,0.13460442399833941,0,0,0.13459978961777777,0.49362459291308697,-0.030230970327180678,0.021457075822177464,0.49537679314333333
1149,return,8000846,59731,32000,44491,0.001472947554690851,0.0045346455490771018,0.013089969389957471,0,0,1.5697586776435382,0,0,1.5697491024666665,-0.028311217840653623,0,0,-0.028274333400000001,-0.77082919841452846,0,0,-0.77078974441000003,0.50528320471655586,0,0,0.50527280983333334,0.13460442399833941,0,0,0.13459978961777777,0.49338343358020387,-0.03005863838179218,0.021625459278935937,0.49509754046777782
1150,return,7999336,59067,21722,44120,0.0014523075042405797,0.004508795757268827,0.013089969389957471,0,0,1.5697586776435382,0,0,1.5697491024666665,-0.028311217840653623,0,0,-0.028274333400000001,-0.77082919841452846,0,0,-0.77078974441000003,0.50528320471655586,0,0,0.50527280983333334,0.13460442399833941,0,0,0.13459978961777777,0.4931436582622154,-0.029884970228374979,0.021791124124856873,0.49483574108444445
1151,return,7999504,58571,21056,43611,0.0014302834388957297,0.0044827455342562467,0.013089969389957471,0,0,1.5697586776435382,0,0,1.5697491024666665,-0.028311217840653623,0,0,-0.028274333400000001,-0.77082919841452846,0,0,-0.77078974441000003,0.50528320471655586,0,0,0.50527280983333334,0.13460442399833941,0,0,0.13459978961777777,0.49290527756155406,-0.029709987704297149,0.021954048293025476,0.49457394170111113
1152,return,8000503,59074,21009,49916,0.0013894114640015109,0.0044564981556445725,0.013089969389957471,0,0,1.5697586776435382,0,0,1.5697491024666665,-0.028311217840653623,0,0,-0.028274333400000001,-0.77082919841452846,0,0,-0.77078974441000003,0.50528320471655586,0,0,0.50527280983333334,0.13460442399833941,0,0,0.13459978961777777,0.49266830190525018,-0.02953371282217377,0.022114210039359442,0.49429468902555557
1153,return,8001299,60373,21564,45917,0.0013645877369720671,0.0044300569233260657,0.013089969389957471,0,0,1.5697586776435382,0,0,1.5697491024666665,-0.028311217840653623,0,0,-0.028274333400000001,-0.77082919841452846,0,0,-0.77078974441000003,0.50528320471655586,0,0,0.50527280983333334,0.13460442399833941,0,0,0.13459978961777777,0.49243274154354161,-0.029356167767268453,0.022271587946296415,0.49403288964222225
1154,return,7998559,58932,21824,44046,0.0013383487153473261,0.0044034251650902677,0.013089969389957471,0,0,1.5697586776435382,0,0,1.5697491024666665,-0.028311217840653623,0,0,-0.028274333400000001,-0.77082919841452846,0,0,-0.77078974441000003,0.50528320471655586,0,0,0.50527280983333334,0.13460442399833941,0,0,0.13459978961777777,0.49219860654850212,-0.029177374894867415,0.022426160926484751,0.49377109025888893
1155,return,8006382,65314,20759,44676,0.0012932310348311993,0.0043766062342301118,0.013089969389957471,0,0,1.5697586776435382,0,0,1.5697491024666665,-0.028311217840653623,0,0,-0.028274333400000001,-0.77082919841452846,0,0,-0.77078974441000003,0.50528320471655586,0,0,0.50527280983333334,0.13460442399833941,0,0,0.13459978961777777,0.49196590681269148,-0.028997356727622204,0.022577908226473355,0.49349183758333331
1156,return,7994643,59957,21315,48380,0.0012641313873085758,0.0043496035091433304,0.013089969389957471,0,0,1.5697586776435382,0,0,1.5697491024666665,-0.028311217840653623,0,0,-0.028274333400000001,-0.77082919841452846,0,0,-0.77078974441000003,0.50528320471655586,0,0,0.50527280983333334,0.13460442399833941,0,0,0.13459978961777777,0.49173465204782796,-0.028816135952863604,0.022726809430399762,0.49323003820000005
1157,return,7998835,58792,21454,46816,0.0012335867688387236,0.00432242039292954,0.013089969389957471,0,0,1.5697586776435382,0,0,1.5697491024666665,-0.028311217840653623,0,0,-0.028274333400000001,-0.77082919841452846,0,0,-0.77078974441000003,0.50528320471655586,0,0,0.50527280983333334,0.13460442399833941,0,0,0.13459978961777777,0.49150485178348163,-0.028633735419888055,0.022872844463681079,0.49296823881666668
1158,return,7999911,58703,21213,42666,0.001219040942073979,0.0042950603129832078,0.013089969389957471,0,0,1.5697586776435382,0,0,1.5697491024666665,-0.028311217840653623,0,0,-0.028274333400000001,-0.77082919841452846,0,0,-0.77078974441000003,0.50528320471655586,0,0,0.50527280983333334,0.13460442399833941,0,0,0.13459978961777777,0.49127651536578948,-0.028450178137209924,0.02301599359670254,0.49272389272555561
1159,return,8003967,62670,21019,44815,0.0011855779764327612,0.0042675267205814884,0.013089969389957471,0,0,1.5697586776435382,0,0,1.5697491024666665,-0.028311217840653623,0,0,-0.028274333400000001,-0.77082919841452846,0,0,-0.77078974441000003,0.50528320471655586,0,0,0.50527280983333334,0.13460442399833941,0,0,0.13459978961777777,0.49104965195619255,-0.028265487269788624,0.02315623744850771,0.49246209334222224
1160,return,7995410,58080,21065,45120,0.0011506420026963227,0.0042398230904682936,0.013089969389957471,0,0,1.5697586776435382,0,0,1.5697491024666665,-0.028311217840653623,0,0,-0.028274333400000001,-0.77082919841452846,0,0,-0.77078974441000003,0.50528320471655586,0,0,0.50527280983333334,0.13460442399833941,0,0,0.13459978961777777,0.49082427053019606,-0.028079686136224746,0.023293556990487158,0.49220029395888887
1161,return,7999948,58028,20620,42028,0.0011316773375817935,0.0042119529204337116,0.013089969389957471,0,0,1.5697586776435382,0,0,1.5697491024666665,-0.028311217840653623,0,0,-0.028274333400000001,-0.77082919841452846,0,0,-0.77078974441000003,0.50528320471655586,0,0,0.50527280983333334,0.13460442399833941,0,0,0.13459978961777777,0.49060037987615079,-0.027892798205925794,0.023427933550069072,0.49195594786777785
1162,return,8000956,58984,21185,41982,0.0011286751927380712,0.0041839197308888689,0.013089969389957471,0,0,1.5697586776435382,0,0,1.5697491024666665,-0.028311217840653623,0,0,-0.028274333400000001,-0.77082919841452846,0,0,-0.77078974441000003,0.50528320471655586,0,0,0.50527280983333334,0.13460442399833941,0,0,0.13459978961777777,0.49037798859405907,-0.027704847096243358,0.023559348814407667,0.49172905506888887
1163,return,8009642,68626,21130,44305,0.0011241736759409759,0.0041557270644365036,0.013089969389957471,0,0,1.5697586776435382,0,0,1.5697491024666665,-0.028311217840653623,0,0,-0.028274333400000001,-0.77082919841452846,0,0,-0.77078974441000003,0.50528320471655586,0,0,0.50527280983333334,0.13460442399833941,0,0,0.13459978961777777,0.49015710509440219,-0.027515856569580527,0.023687784834073383,0.49150216227000004
1164,return,7990291,58917,20954,43333,0.0011181643767089189,0.0041273784854370787,0.013089969389957471,0,0,1.5697586776435382,0,0,1.5697491024666665,-0.028311217840653623,0,0,-0.028274333400000001,-0.77082919841452846,0,0,-0.77078974441000003,0.50528320471655586,0,0,0.50527280983333334,0.13460442399833941,0,0,0.13459978961777777,0.48993773759699122,-0.027325850530469615,0.023813224026741665,0.49127526947111111
1165,return,8000993,59910,20926,45435,0.001110639075231068,0.0040988775795704419,0.013089969389957471,0,0,1.5697586776435382,0,0,1.5697491024666665,-0.028311217840653623,0,0,-0.028274333400000001,-0.77082919841452846,0,0,-0.77078974441000003,0.50528320471655586,0,0,0.50527280983333334,0.13460442399833941,0,0,0.13459978961777777,0.48971989412984335,-0.027134853022621919,0.023935649180884117,0.49104837667222229
1166,return,7998828,58738,21222,44871,0.0011015897434899502,0.004070227953393288,0.013089969389957471,0,0,1.5697586776435382,0,0,1.5697491024666665,-0.028311217840653623,0,0,-0.028274333400000001,-0.77082919841452846,0,0,-0.77078974441000003,0.50528320471655586,0,0,0.50527280983333334,0.13460442399833941,0,0,0.13459978961777777,0.48950358252807813,-0.026942888225943883,0.024055043459455444,0.4908214838733333
1167,return,8000308,59046,20556,40018,0.001108461838588537,0.004041433233891582,0.013089969389957471,0,0,1.5697586776435382,0,0,1.5697491024666665,-0.028311217840653623,0,0,-0.028274333400000001,-0.77082919841452846,0,0,-0.77078974441000003,0.50528320471655586,0,0,0.50527280983333334,0.13460442399833941,0,0,0.13459978961777777,0.48928881043284178,-0.026749980453529693,0.024171390403585548,0.49061204436666667
1168,return,8001300,60346,20750,43074,0.001113794427158199,0.0040124970680294539,0.013089969389957471,0,0,1.5697586776435382,0,0,1.5697491024666665,-0.028311217840653623,0,0,-0.028274333400000001,-0.77082919841452846,0,0,-0.77078974441000003,0.50528320471655586,0,0,0.50527280983333334,0.13460442399833941,0,0,0.13459978961777777,0.48907558529025291,-0.026556154148618311,0.024284673936266876,0.49040260485999998
1169,return,7999253,59599,21342,44722,0.0011001267708582452,0.0039834231222927461,0.013089969389957471,0,0,1.5697586776435382,0,0,1.5697491024666665,-0.028311217840653623,0,0,-0.028274333400000001,-0.77082919841452846,0,0,-0.77078974441000003,0.50528320471655586,0,0,0.50527280983333334,0.13460442399833941,0,0,0.13459978961777777,0.48886391435037424,-0.026361433881525287,0.02439487836604521,0.49017571206111116
1170,return,7998920,58519,21010,41342,0.0011023582040701752,0.0039542150822287929,0.013089969389957471,0,0,1.5697586776435382,0,0,1.5697491024666665,-0.028311217840653623,0,0,-0.028274333400000001,-0.77082919841452846,0,0,-0.77078974441000003,0.50528320471655586,0,0,0.50527280983333334,0.13460442399833941,0,0,0.13459978961777777,0.48865380466620711,-0.02616584434654327,0.024501988390709176,0.48996627255444442
1171,return,8000392,58911,21500,42417,0.0011030283815706698,0.0039248766519814904,0.013089969389957471,0,0,1.5697586776435382,0,0,1.5697491024666665,-0.028311217840653623,0,0,-0.028274333400000001,-0.77082919841452846,0,0,-0.77078974441000003,0.50528320471655586,0,0,0.50527280983333334,0.13460442399833941,0,0,0.13459978961777777,0.48844526309271386,-0.025969410358814081,0.024605989100979289,0.48975683304777778
1172,return,8001141,60052,20648,44648,0.0011195837406194897,0.003895411553822112,0.013089969389957471,0,0,1.5697586776435382,0,0,1.5697491024666665,-0.028311217840653623,0,0,-0.028274333400000001,-0.77082919841452846,0,0,-0.77078974441000003,0.50528320471655586,0,0,0.50527280983333334,0.13460442399833941,0,0,0.13459978961777777,0.48823829628586263,-0.025772156851168803,0.024706865984197399,0.48956484683333334
1173,return,7999559,59611,23824,47129,0.0011171110408040863,0.0038658235276753201,0.013089969389957471,0,0,1.5697586776435382,0,0,1.5697491024666665,-0.028311217840653623,0,0,-0.028274333400000001,-0.77082919841452846,0,0,-0.77078974441000003,0.50528320471655586,0,0,0.50527280983333334,0.13460442399833941,0,0,0.13459978961777777,0.48803291070169852,-0.025574108870941369,0.024804604928015866,0.48935540732666671
1174,return,7999736,59347,21204,42954,0.0011305104105237551,0.003836116330641205,0.013089969389957471,0,0,1.5697586776435382,0,0,1.5697491024666665,-0.028311217840653623,0,0,-0.028274333400000001,-0.77082919841452846,0,0,-0.77078974441000003,0.50528320471655586,0,0,0.50527280983333334,0.13460442399833941,0,0,0.13459978961777777,0.48782911259544115,-0.025375291576750687,0.024899192224088987,0.48916342111222227
1175,return,7999447,58794,21518,42509,0.0011248690101144376,0.0038062937365126027,0.013089969389957471,0,0,1.5697586776435382,0,0,1.5697491024666665,-0.028311217840653623,0,0,-0.028274333400000001,-0.77082919841452846,0,0,-0.77078974441000003,0.50528320471655586,0,0,0.50527280983333334,0.13460442399833941,0,0,0.13459978961777777,0.48762690802060604,-0.025175730235254982,0.024990614571760408,0.48895398160555559
1176,return,8001410,60204,21047,46741,0.0011350873705050502,0.0037763595352882473,0.013089969389957471,0,0,1.5697586776435382,0,0,1.5697491024666665,-0.028311217840653623,0,0,-0.028274333400000001,-0.77082919841452846,0,0,-0.77078974441000003,0.50528320471655586,0,0,0.50527280983333334,0.13460442399833941,0,0,0.13459978961777777,0.48742630282815513,-0.024975450217873212,0.025078859081752326,0.48876199539111109
1177,return,7998643,58847,21111,44537,0.001143706348511575,0.0037463175326809817,0.013089969389957471,0,0,1.5697586776435382,0,0,1.5697491024666665,-0.028311217840653623,0,0,-0.028274333400000001,-0.77082919841452846,0,0,-0.77078974441000003,0.50528320471655586,0,0,0.50527280983333334,0.13460442399833941,0,0,0.13459978961777777,0.48722730266566999,-0.024774476997482312,0.025163913279857283,0.48857000917666671
1178,return,8000958,59805,21065,44778,0.0011681735887745237,0.0037161715496223467,0.013089969389957471,0,0,1.5697586776435382,0,0,1.5697491024666665,-0.028311217840653623,0,0,-0.028274333400000001,-0.77082919841452846,0,0,-0.77078974441000003,0.50528320471655586,0,0,0.50527280983333334,0.13460442399833941,0,0,0.13459978961777777,0.48702991297655579,-0.024572836145079473,0.025245765110625391,0.48839547625444452
1179,return,7998771,58576,21260,48055,0.0011735770634442311,0.003685925421761921,0.013089969389957471,0,0,1.5697586776435382,0,0,1.5697491024666665,-0.028311217840653623,0,0,-0.028274333400000001,-0.77082919841452846,0,0,-0.77078974441000003,0.50528320471655586,0,0,0.50527280983333334,0.13460442399833941,0,0,0.13459978961777777,0.48683413899926697,-0.024370553326417851,0.025324402941055934,0.48820349004000002
1180,return,8001356,59932,21445,43722,0.0011773648262886072,0.0036555829989626774,0.013089969389957471,0,0,1.5697586776435382,0,0,1.5697491024666665,-0.028311217840653623,0,0,-0.028274333400000001,-0.77082919841452846,0,0,-0.77078974441000003,0.50528320471655586,0,0,0.50527280983333334,0.13460442399833941,0,0,0.13459978961777777,0.48663998576656531,-0.024167654298613062,0.025399815564285055,0.48801150382555558
1181,return,7999641,59573,27185,44157,0.0011795318445457781,0.0036251481447919592,0.013089969389957471,0,0,1.5697586776435382,0,0,1.5697491024666665,-0.028311217840653623,0,0,-0.028274333400000001,-0.77082919841452846,0,0,-0.77078974441000003,0.50528320471655586,0,0,0.50527280983333334,0.13460442399833941,0,0,0.13459978961777777,0.48644745810480106,-0.023964164906719231,0.02547199220327542,0.48781951761111109
1182,return,8000291,59864,21195,46695,0.001180073291865591,0.0035946247360078842,0.013089969389957471,0,0,1.5697586776435382,0,0,1.5697491024666665,-0.028311217840653623,0,0,-0.028274333400000001,-0.77082919841452846,0,0,-0.77078974441000003,0.50528320471655586,0,0,0.50527280983333334,0.13460442399833941,0,0,0.13459978961777777,0.48625656063322381,-0.023760111080273739,0.025540922514507097,0.48762753139666665
1183,return,7998615,58479,21491,46287,0.0011615312567762048,0.0035640166620410606,0.013089969389957471,0,0,1.5697586776435382,0,0,1.5697491024666665,-0.028311217840653623,0,0,-0.028274333400000001,-0.77082919841452846,0,0,-0.77078974441000003,0.50528320471655586,0,0,0.50527280983333334,0.13460442399833941,0,0,0.13459978961777777,0.48606729776332086,-0.023555518829817251,0.025606596591665799,0.48741809189000002
1184,return,8001022,59501,20954,45148,0.0011588079122347161,0.0035333278244725876,0.013089969389957471,0,0,1.5697586776435382,0,0,1.5697491024666665,-0.028311217840653623,0,0,-0.028274333400000001,-0.77082919841452846,0,0,-0.77078974441000003,0.50528320471655586,0,0,0.50527280983333334,0.13460442399833941,0,0,0.13459978961777777,0.48587967369818252,-0.023350414243378529,0.025669004969332707,0.48722610567555558
1185,return,7998967,58468,20843,46129,0.0011544457629286131,0.0035025621365067793,0.013089969389957471,0,0,1.5697586776435382,0,0,1.5697491024666665,-0.028311217840653623,0,0,-0.028274333400000001,-0.77082919841452846,0,0,-0.77078974441000003,0.50528320471655586,0,0,0.50527280983333334,0.13460442399833941,0,0,0.13459978961777777,0.48569369243189697,-0.023144823482935159,0.025728138626674515,0.48703411946111114
1186,return,8001549,60017,20759,45000,0.001148440814769669,0.0034717235224402737,0.013089969389957471,0,0,1.5697586776435382,0,0,1.5697491024666665,-0.028311217840653623,0,0,-0.028274333400000001,-0.77082919841452846,0,0,-0.77078974441000003,0.50528320471655586,0,0,0.50527280983333334,0.13460442399833941,0,0,0.13459978961777777,0.48550935774897264,-0.022938772780839528,0.025783988991132691,0.48684213324666664
1187,return,7998652,58669,21223,46880,0.0011407892832495659,0.0034408159171259293,0.013089969389957471,0,0,1.5697586776435382,0,0,1.5697491024666665,-0.028311217840653623,0,0,-0.028274333400000001,-0.77082919841452846,0,0,-0.77078974441000003,0.50528320471655586,0,0,0.50527280983333334,0.13460442399833941,0,0,0.13459978961777777,0.48532667322378931,-0.022732288436220105,0.025836547942110814,0.4866501470322222
1188,return,7999605,58274,21324,42787,0.0011314875939885116,0.0034098432654330155,0.013089969389957471,0,0,1.5697586776435382,0,0,1.5697491024666665,-0.028311217840653623,0,0,-0.028274333400000001,-0.77082919841452846,0,0,-0.77078974441000003,0.50528320471655586,0,0,0.50527280983333334,0.13460442399833941,0,0,0.13459978961777777,0.48514564222007905,-0.022525396811349171,0.025885807814668437,0.48645816081777782
1189,return,8000707,58981,20982,45972,0.0011205323832543246,0.0033788095217023757,0.013089969389957471,0,0,1.5697586776435382,0,0,1.5697491024666665,-0.028311217840653623,0,0,-0.028274333400000001,-0.77082919841452846,0,0,-0.77078974441000003,0.50528320471655586,0,0,0.50527280983333334,0.13460442399833941,0,0,0.13459978961777777,0.48496626789043534,-0.022318124327983892,0.025931761403206837,0.48626617460333338
1190,return,8000827,59808,20935,46621,0.0011428270828979792,0.0033477186491975837,0.013089969389957471,0,0,1.5697586776435382,0,0,1.5697491024666665,-0.028311217840653623,0,0,-0.028274333400000001,-0.77082919841452846,0,0,-0.77078974441000003,0.50528320471655586,0,0,0.50527280983333334,0.13460442399833941,0,0,0.13459978961777777,0.48478855317585173,-0.022110497463676972,0.025974401965161001,0.48610909497333332
1191,return,7998819,58627,21426,46000,0.0011285555830372052,0.0033165746195515456,0.013089969389957471,0,0,1.5697586776435382,0,0,1.5697491024666665,-0.028311217840653623,0,0,-0.028274333400000001,-0.77082919841452846,0,0,-0.77078974441000003,0.50528320471655586,0,0,0.50527280983333334,0.13460442399833941,0,0,0.13459978961777777,0.48461250080529095,-0.021902542748056187,0.026013723224686095,0.48591710875888894
1192,return,7999800,58427,21362,42074,0.001112621739153441,0.003285381412208428,0.013089969389957471,0,0,1.5697586776435382,0,0,1.5697491024666665,-0.028311217840653623,0,0,-0.028274333400000001,-0.77082919841452846,0,0,-0.77078974441000003,0.50528320471655586,0,0,0.50527280983333334,0.13460442399833941,0,0,0.13459978961777777,0.48443811329528247,-0.021694286759078446,0.026049719376350474,0.48572512254444439
1193,return,7999993,58420,21074,41946,0.0010775697424953434,0.0032541430138617669,0.013089969389957471,0,0,1.5697586776435382,0,0,1.5697491024666665,-0.028311217840653623,0,0,-0.028274333400000001,-0.77082919841452846,0,0,-0.77078974441000003,0.50528320471655586,0,0,0.50527280983333334,0.13460442399833941,0,0,0.13459978961777777,0.48426539294955168,-0.02148575611924845,0.026082385088822723,0.48551568303777781
1194,return,8001662,60082,20861,43815,0.0010583038737816408,0.0032228634178872672,0.013089969389957471,0,0,1.5697586776435382,0,0,1.5697491024666665,-0.028311217840653623,0,0,-0.028274333400000001,-0.77082919841452846,0,0,-0.77078974441000003,0.50528320471655586,0,0,0.50527280983333334,0.13460442399833941,0,0,0.13459978961777777,0.484094341858678,-0.021276977491813905,0.026111715508562471,0.48532369682333332
1195,return,7998715,58797,21158,47760,0.0010548220424331234,0.0031915466237720856,0.013089969389957471,0,0,1.5697586776435382,0,0,1.5697491024666665,-0.028311217840653623,0,0,-0.028274333400000001,-0.77082919841452846,0,0,-0.77078974441000003,0.50528320471655586,0,0,0.50527280983333334,0.13460442399833941,0,0,0.13459978961777777,0.4839249618997854,-0.021067977576927147,0.026137706263509797,0.48514916390111112
1196,return,7999606,58403,20908,43047,0.0010322157868813409,0.003160196636539072,0.013089969389957471,0,0,1.5697586776435382,0,0,1.5697491024666665,-0.028311217840653623,0,0,-0.028274333400000001,-0.77082919841452846,0,0,-0.77078974441000003,0.50528320471655586,0,0,0.50527280983333334,0.13460442399833941,0,0,0.13459978961777777,0.48375725473626108,-0.020858783107779059,0.026160353466773319,0.48495717768666674
1197,return,8000208,58611,20723,44148,0.0010253900281833594,0.0031288174661668589,0.013089969389957471,0,0,1.5697586776435382,0,0,1.5697491024666665,-0.028311217840653623,0,0,-0.028274333400000001,-0.77082919841452846,0,0,-0.77078974441000003,0.50528320471655586,0,0,0.50527280983333334,0.13460442399833941,0,0,0.13459978961777777,0.48359122181750824,-0.020649420846701856,0.026179653720320918,0.48478264476444444
1198,return,8002734,61345,21176,50250,0.00099943673249180964,0.0030974131270052785,0.013089969389957471,0,0,1.5697586776435382,0,0,1.5697491024666665,-0.028311217840653623,0,0,-0.028274333400000001,-0.77082919841452846,0,0,-0.77078974441000003,0.50528320471655586,0,0,0.50527280983333334,0.13460442399833941,0,0,0.13459978961777777,0.48342686437872762,-0.020439917581245349,0.026195604118669915,0.48459065855000005
1199,return,8000013,61358,22370,52861,0.00098926124905013291,0.0030659876371868021,0.013089969389957471,0,0,1.5697586776435382,0,0,1.5697491024666665,-0.028311217840653623,0,0,-0.028274333400000001,-0.77082919841452846,0,0,-0.77078974441000003,0.50528320471655586,0,0,0.50527280983333334,0.13460442399833941,0,0,0.13459978961777777,0.48326418344073152,-0.020230300120219397,0.02620820225257493,0.48441612562777775
1200,return,8000883,62241,21019,47768,0.00097740926482403623,0.0030345450180329094,0.013089969389957471,0,0,1.5697586776435382,0,0,1.5697491024666665,-0.028311217840653623,0,0,-0.028274333400000001,-0.77082919841452846,0,0,-0.77078974441000003,0.50528320471655586,0,0,0.50527280983333334,0.13460442399833941,0,0,0.13459978961777777,0.48310317980979062,-0.020020595289712249,0.026217446212718085,0.48424159270555556
1201,return,7996809,59050,20944,41611,0.00094642668132055574,0.0030030892934568374,0.013089969389957471,0,0,1.5697586776435382,0,0,1.5697491024666665,-0.028311217840653623,0,0,-0.028274333400000001,-0.77082919841452846,0,0,-0.77078974441000003,0.50528320471655586,0,0,0.50527280983333334,0.13460442399833941,0,0,0.13459978961777777,0.48294385407751045,-0.019810829929073112,0.026223334593399726,0.48404960649111117
1202,return,8000984,60034,21112,49306,0.00091376619915617407,0.0029716244893609666,0.013089969389957471,0,0,1.5697586776435382,0,0,1.5697491024666665,-0.028311217840653623,0,0,-0.028274333400000001,-0.77082919841452846,0,0,-0.77078974441000003,0.50528320471655586,0,0,0.50527280983333334,0.13460442399833941,0,0,0.13459978961777777,0.48278620662074312,-0.019601030886870728,0.026225866496225301,0.48385762027666662
1203,return,7998477,58511,21065,43389,0.00087942744147911922,0.0029401546330306092,0.013089969389957471,0,0,1.5697586776435382,0,0,1.5697491024666665,-0.028311217840653623,0,0,-0.028274333400000001,-0.77082919841452846,0,0,-0.77078974441000003,0.50528320471655586,0,0,0.50527280983333334,0.13460442399833941,0,0,0.13459978961777777,0.48263023760152823,-0.019391225016819641,0.026225041533797483,0.48366563406222224
1204,return,8000189,58700,21194,46121,0.00086086353847181218,0.0029086837525229459,0.013089969389957471,0,0,1.5697586776435382,0,0,1.5697491024666665,-0.028311217840653623,0,0,-0.028274333400000001,-0.77082919841452846,0,0,-0.77078974441000003,0.50528320471655586,0,0,0.50527280983333334,0.13460442399833941,0,0,0.13459978961777777,0.48247594696706897,-0.019181439173677532,0.026220859833404307,0.48349110114000005
1205,return,7999632,58332,20583,43768,0.00082316795848658142,0.0028772158760516299,0.013089969389957471,0,0,1.5697586776435382,0,0,1.5697491024666665,-0.028311217840653623,0,0,-0.028274333400000001,-0.77082919841452846,0,0,-0.77078974441000003,0.50528320471655586,0,0,0.50527280983333334,0.13460442399833941,0,0,0.13459978961777777,0.48232333444973935,-0.018971700209111202,0.026213322040708028,0.48329911492555555
1206,return,8005495,63827,21027,45630,0.0008012475535940089,0.0028457550313666802,0.013089969389957471,0,0,1.5697586776435382,0,0,1.5697491024666665,-0.028311217840653623,0,0,-0.028274333400000001,-0.77082919841452846,0,0,-0.77078974441000003,0.50528320471655586,0,0,0.50527280983333334,0.13460442399833941,0,0,0.13459978961777777,0.48217239956712737,-0.018762034967538123,0.026202429323436492,0.48312458200333336
1207,return,7995707,59534,20731,44010,0.00079510280620603835,0.0028143052451307183,0.013089969389957471,0,0,1.5697586776435382,0,0,1.5697491024666665,-0.028311217840653623,0,0,-0.028274333400000001,-0.77082919841452846,0,0,-0.77078974441000003,0.50528320471655586,0,0,0.50527280983333334,0.13460442399833941,0,0,0.13459978961777777,0.48202314162210813,-0.018552470281932607,0.026188183375071304,0.48296750237333341
1208,return,7999004,58538,20574,43065,0.0007523745367808421,0.0027828705422898912,0.013089969389957471,0,0,1.5697586776435382,0,0,1.5697491024666665,-0.028311217840653623,0,0,-0.028274333400000001,-0.77082919841452846,0,0,-0.77078974441000003,0.50528320471655586,0,0,0.50527280983333334,0.13460442399833941,0,0,0.13459978961777777,0.48187555970295265,-0.018343032969606515,0.026170586418537877,0.48277551615888897
1209,return,8000216,58754,20565,43213,0.00072542353371402024,0.0027514549454409772,0.013089969389957471,0,0,1.5697586776435382,0,0,1.5697491024666665,-0.028311217840653623,0,0,-0.028274333400000001,-0.77082919841452846,0,0,-0.77078974441000003,0.50528320471655586,0,0,0.50527280983333334,0.13460442399833941,0,0,0.13459978961777777,0.48172965268347034,-0.018133749827956413,0.026149641209894284,0.48260098323666667
1210,return,8001560,60314,20713,42259,0.00071425092319632455,0.0027200624741934619,0.013089969389957471,0,0,1.5697586776435382,0,0,1.5697491024666665,-0.028311217840653623,0,0,-0.028274333400000001,-0.77082919841452846,0,0,-0.77078974441000003,0.50528320471655586,0,0,0.50527280983333334,0.13460442399833941,0,0,0.13459978961777777,0.48158541922318554,-0.017924647630187272,0.026125351042021787,0.48244390360666667
1211,return,7998781,59095,20714,42769,0.00068395146125893591,0.0026886971445280908,0.013089969389957471,0,0,1.5697586776435382,0,0,1.5697491024666665,-0.028311217840653623,0,0,-0.028274333400000001,-0.77082919841452846,0,0,-0.77078974441000003,0.50528320471655586,0,0,0.50527280983333334,0.13460442399833941,0,0,0.13459978961777777,0.48144285776754836,-0.017715753121001352,0.026097719748313812,0.48226937068444448
1212,return,8000078,59173,20528,43740,0.00065197999467386802,0.0026573629681502027,0.013089969389957471,0,0,1.5697586776435382,0,0,1.5697491024666665,-0.028311217840653623,0,0,-0.028274333400000001,-0.77082919841452846,0,0,-0.77078974441000003,0.50528320471655586,0,0,0.50527280983333334,0.13460442399833941,0,0,0.13459978961777777,0.48130196654817864,-0.017507093012258272,0.026066751706364001,0.48209483776222223
1213,return,7999384,58557,21111,44093,0.00063579158404358793,0.0026260639518387407,0.013089969389957471,0,0,1.5697586776435382,0,0,1.5697491024666665,-0.028311217840653623,0,0,-0.028274333400000001,-0.77082919841452846,0,0,-0.77078974441000003,0.50528320471655586,0,0,0.50527280983333334,0.13460442399833941,0,0,0.13459978961777777,0.48116274358314803,-0.017298693978609329,0.026032451841659237,0.48193775813222223
1214,return,8003652,62209,20926,43963,0.00061793491907419229,0.0025948040967913991,0.013089969389957471,0,0,1.5697586776435382,0,0,1.5697491024666665,-0.028311217840653623,0,0,-0.028274333400000001,-0.77082919841452846,0,0,-0.77078974441000003,0.50528320471655586,0,0,0.50527280983333334,0.13460442399833941,0,0,0.13459978961777777,0.48102518667729499,-0.01709058265309633,0.025994825631265536,0.48178067850222223
1215,return,7996559,58768,21074,42352,0.00061586548714942513,0.0025635873979644496,0.013089969389957471,0,0,1.5697586776435382,0,0,1.5697491024666665,-0.028311217840653623,0,0,-0.028274333400000001,-0.77082919841452846,0,0,-0.77078974441000003,0.50528320471655586,0,0,0.50527280983333334,0.13460442399833941,0,0,0.13459978961777777,0.48088929342257364,-0.016882785622727662,0.025953879107519614,0.48164105216444442
1216,return,7999957,58725,21037,81769,0.00059467911187083278,0.0025324178434091493,0.013089969389957471,0,0,1.5697586776435382,0,0,1.5697491024666665,-0.028311217840653623,0,0,-0.028274333400000001,-0.77082919841452846,0,0,-0.77078974441000003,0.50528320471655586,0,0,0.50527280983333334,0.13460442399833941,0,0,0.13459978961777777,0.48075506119844191,-0.016675329424017844,0.025909618861717051,0.48148397253444447
1217,return,7999486,58211,21963,43796,0.00057183170600250133,0.0025012994136026766,0.013089969389957471,0,0,1.5697586776435382,0,0,1.5697491024666665,-0.028311217840653623,0,0,-0.028274333400000001,-0.77082919841452846,0,0,-0.77078974441000003,0.50528320471655586,0,0,0.50527280983333334,0.13460442399833941,0,0,0.13459978961777777,0.48062248717228229,-0.016468240538505215,0.02586205204780441,0.48132689290444441
1218,return,8002078,60289,21102,41083,0.00056477939438442926,0.0024702360807757821,0.013089969389957471,0,0,1.5697586776435382,0,0,1.5697491024666665,-0.028311217840653623,0,0,-0.028274333400000001,-0.77082919841452846,0,0,-0.77078974441000003,0.50528320471655586,0,0,0.50527280983333334,0.13460442399833941,0,0,0.13459978961777777,0.48049156829985967,-0.01626154538823164,0.025811186386064836,0.48118726656666672
1219,return,8002087,62376,21490,42102,0.00055607192902923375,0.0024392318082347461,0.013089969389957471,0,0,1.5697586776435382,0,0,1.5697491024666665,-0.028311217840653623,0,0,-0.028274333400000001,-0.77082919841452846,0,0,-0.77078974441000003,0.50528320471655586,0,0,0.50527280983333334,0.13460442399833941,0,0,0.13459978961777777,0.48036230132581587,-0.016055270331199474,0.025757030166810305,0.48104764022888891
1220,return,7996448,58824,20963,44546,0.00054571256529523104,0.0024082905496799209,0.013089969389957471,0,0,1.5697586776435382,0,0,1.5697491024666665,-0.028311217840653623,0,0,-0.028274333400000001,-0.77082919841452846,0,0,-0.77078974441000003,0.50528320471655586,0,0,0.50527280983333334,0.13460442399833941,0,0,0.13459978961777777,0.48023468278420023,-0.015849441656796793,0.025699592254071021,0.4809080138911111
1221,return,8000929,59753,20861,42935,0.00053370476913311427,0.002377416248519519,0.013089969389957471,0,0,1.5697586776435382,0,0,1.5697491024666665,-0.028311217840653623,0,0,-0.028274333400000001,-0.77082919841452846,0,0,-0.77078974441000003,0.50528320471655586,0,0,0.50527280983333334,0.13460442399833941,0,0,0.13459978961777777,0.48010870899903657,-0.015644085581191385,0.025638882089283936,0.48076838755333334
1222,return,8006995,66748,21158,45380,0.00053750550874126501,0.0023466128371787075,0.013089969389957471,0,0,1.5697586776435382,0,0,1.5697491024666665,-0.028311217840653623,0,0,-0.028274333400000001,-0.77082919841452846,0,0,-0.77078974441000003,0.50528320471655586,0,0,0.50527280983333334,0.13460442399833941,0,0,0.13459978961777777,0.47998437608492811,-0.015439228242698791,0.025574909694982172,0.48064621450777784
1223,return,7991884,58632,23732,46149,0.00053966537729416286,0.0023158842364048187,0.013089969389957471,0,0,1.5697586776435382,0,0,1.5697491024666665,-0.028311217840653623,0,0,-0.028274333400000001,-0.77082919841452846,0,0,-0.77078974441000003,0.50528320471655586,0,0,0.50527280983333334,0.13460442399833941,0,0,0.13459978961777777,0.47986167994769791,-0.015234895697116141,0.025507685678485426,0.48052404146222227
1224,return,8000003,58635,21046,56010,0.00052273517674655823,0.0022852343545674211,0.013089969389957471,0,0,1.5697586776435382,0,0,1.5697491024666665,-0.028311217840653623,0,0,-0.028274333400000001,-0.77082919841452846,0,0,-0.77078974441000003,0.50528320471655586,0,0,0.50527280983333334,0.13460442399833941,0,0,0.13459978961777777,0.4797406162850687,-0.015031113913032284,0.025437221235588985,0.48038441512444446
1225,return,7999596,58231,20907,45233,0.0005216257938202018,0.0022546670869548423,0.013089969389957471,0,0,1.5697586776435382,0,0,1.5697491024666665,-0.028311217840653623,0,0,-0.028274333400000001,-0.77082919841452846,0,0,-0.77078974441000003,0.50528320471655586,0,0,0.50527280983333334,0.13460442399833941,0,0,0.13459978961777777,0.47962118058737924,-0.014827908767102304,0.025363528154253953,0.4802622420788889
1226,return,8001745,59976,20833,44314,0.00053634173817634911,0.0022241863150653457,0.013089969389957471,0,0,1.5697586776435382,0,0,1.5697491024666665,-0.028311217840653623,0,0,-0.028274333400000001,-0.77082919841452846,0,0,-0.77078974441000003,0.50528320471655586,0,0,0.50527280983333334,0.13460442399833941,0,0,0.13459978961777777,0.47950336813833777,-0.014625306039296931,0.025286618818295123,0.48015752232555559
1227,return,7999282,59258,20898,46463,0.00053198114166225219,0.0021937959058945396,0.013089969389957471,0,0,1.5697586776435382,0,0,1.5697491024666665,-0.028311217840653623,0,0,-0.028274333400000001,-0.77082919841452846,0,0,-0.77078974441000003,0.50528320471655586,0,0,0.50527280983333334,0.13460442399833941,0,0,0.13459978961777777,0.47938717401581649,-0.014423331408119957,0.02520650621107158,0.48003534928000002
1228,return,7998577,57835,21009,45204,0.00052600221862797447,0.0021634997112179935,0.013089969389957471,0,0,1.5697586776435382,0,0,1.5697491024666665,-0.028311217840653623,0,0,-0.028274333400000001,-0.77082919841452846,0,0,-0.77078974441000003,0.50528320471655586,0,0,0.50527280983333334,0.13460442399833941,0,0,0.13459978961777777,0.47927259309268105,-0.014222010445799007,0.025123203919176378,0.47991317623444446
1229,return,8001977,59812,21379,44380,0.00051841009620784417,0.0021333015668698512,0.013089969389957471,0,0,1.5697586776435382,0,0,1.5697491024666665,-0.028311217840653623,0,0,-0.028274333400000001,-0.77082919841452846,0,0,-0.77078974441000003,0.50528320471655586,0,0,0.50527280983333334,0.13460442399833941,0,0,0.13459978961777777,0.47915962003766038,-0.014021368613443923,0.025036726136125526,0.4797910031888889
1230,return,8000197,60009,21009,46305,0.00050921010567295255,0.0021032052920165883,0.013089969389957471,0,0,1.5697586776435382,0,0,1.5697491024666665,-0.028311217840653623,0,0,-0.028274333400000001,-0.77082919841452846,0,0,-0.77078974441000003,0.50528320471655586,0,0,0.50527280983333334,0.13460442399833941,0,0,0.13459978961777777,0.47904824931625495,-0.013821431256174655,0.024947087666047883,0.47966883014333334
1231,return,7998718,58727,20935,43093,0.00049840778152282494,0.0020732146884261983,0.013089969389957471,0,0,1.5697586776435382,0,0,1.5697491024666665,-0.028311217840653623,0,0,-0.028274333400000001,-0.77082919841452846,0,0,-0.77078974441000003,0.50528320471655586,0,0,0.50527280983333334,0.13460442399833941,0,0,0.13459978961777777,0.47893847519168531,-0.013622223598225075,0.024854303927374765,0.47954665709777777
1232,return,7999911,58638,21018,43481,0.00048600886053695724,0.0020433335397337612,0.013089969389957471,0,0,1.5697586776435382,0,0,1.5697491024666665,-0.028311217840653623,0,0,-0.028274333400000001,-0.77082919841452846,0,0,-0.77078974441000003,0.50528320471655586,0,0,0.50527280983333334,0.13460442399833941,0,0,0.13459978961777777,0.47883029172587815,-0.013423770738011201,0.024758390956528289,0.47942448405222227
1233,return,8000615,59253,21259,44898,0.00048947257301079627,0.0020135656107016799,0.013089969389957471,0,0,1.5697586776435382,0,0,1.5697665557588889,-0.028311217840653623,0,0,-0.028274333400000001,-0.77082919841452846,0,0,-0.77078974441000003,0.50528320471655586,0,0,0.50527280983333334,0.13460442399833941,0,0,0.13459978961777777,0.47872369278049104,-0.013226097643173501,0.024659365411611813,0.47931976429888895
1234,return,8000717,59970,21213,43389,0.00047389847284223796,0.0019839146464760253,0.013089969389957471,0,0,1.5697586776435382,0,0,1.5697491024666665,-0.028311217840653623,0,0,-0.028274333400000001,-0.77082919841452846,0,0,-0.77078974441000003,0.50528320471655586,0,0,0.50527280983333334,0.13460442399833941,0,0,0.13459978961777777,0.47861867201798164,-0.013029229145589341,0.02455724457610127,0.47919759125333328
1235,return,7998762,58732,20925,41824,0.00045674618979618664,0.0019543843718384012,0.013089969389957471,0,0,1.5697586776435382,0,0,1.5697491024666665,-0.028311217840653623,0,0,-0.028274333400000001,-0.77082919841452846,0,0,-0.77078974441000003,0.50528320471655586,0,0,0.50527280983333334,0.13460442399833941,0,0,0.13459978961777777,0.47851522290271281,-0.012833189936353531,0.024452046362529716,0.47907541820777783
1236,return,7999588,58320,21083,43380,0.00045547555173169885,0.0019249784904530297,0.013089969389957471,0,0,1.5697586776435382,0,0,1.5697491024666665,-0.028311217840653623,0,0,-0.028274333400000001,-0.77082919841452846,0,0,-0.77078974441000003,0.50528320471655586,0,0,0.50527280983333334,0.13460442399833941,0,0,0.13459978961777777,0.47841333870209724,-0.012638004560733218,0.024343789316182373,0.47897069845444451
1237,return,8000800,59120,21389,42157,0.00045263999901390406,0.0018957006841099826,0.013089969389957471,0,0,1.5697586776435382,0,0,1.5697491024666665,-0.028311217840653623,0,0,-0.028274333400000001,-0.77082919841452846,0,0,-0.77078974441000003,0.50528320471655586,0,0,0.50527280983333334,0.13460442399833941,0,0,0.13459978961777777,0.47831301248778613,-0.012443697413087642,0.024232492618782225,0.47886597870111114
1238,return,8001141,60261,21204,45195,0.00046569975221383286,0.0018665546119631463,0.013089969389957471,0,0,1.5697586776435382,0,0,1.5697491024666665,-0.028311217840653623,0,0,-0.028274333400000001,-0.77082919841452846,0,0,-0.77078974441000003,0.50528320471655586,0,0,0.50527280983333334,0.13460442399833941,0,0,0.13459978961777777,0.47821423713689681,-0.012250292731767278,0.024118176092182027,0.47877871223999996
1239,return,7998467,58728,21305,43074,0.00044230205754769436,0.0018375439097650917,0.013089969389957471,0,0,1.5697586776435382,0,0,1.5697491024666665,-0.028311217840653623,0,0,-0.028274333400000001,-0.77082919841452846,0,0,-0.77078974441000003,0.50528320471655586,0,0,0.50527280983333334,0.13460442399833941,0,0,0.13459978961777777,0.47811700533328005,-0.012057814593973089,0.024000860202051152,0.47865653919444451
1240,return,8000707,59435,21157,43584,0.00045226740005332999,0.0018086721890959634,0.013089969389957471,0,0,1.5697586776435382,0,0,1.5697491024666665,-0.028311217840653623,0,0,-0.028274333400000001,-0.77082919841452846,0,0,-0.77078974441000003,0.50528320471655586,0,0,0.50527280983333334,0.13460442399833941,0,0,0.13459978961777777,0.4780213095688326,-0.011866286910593923,0.023880566061568853,0.47856927273333338
1241,return,8000504,59939,21138,43065,0.0004432434111674155,0.0017799430365890885,0.013089969389957471,0,0,1.5697586776435382,0,0,1.5697491024666665,-0.028311217840653623,0,0,-0.028274333400000001,-0.77082919841452846,0,0,-0.77078974441000003,0.50528320471655586,0,0,0.50527280983333334,0.13460442399833941,0,0,0.13459978961777777,0.47792714214484483,-0.01167573342100906,0.023757315435109019,0.47846455298000001
1242,return,8000078,60017,21194,44972,0.00043269108182181215,0.0017513600131513589,0.013089969389957471,0,0,1.5697586776435382,0,0,1.5697491024666665,-0.028311217840653623,0,0,-0.028274333400000001,-0.77082919841452846,0,0,-0.77078974441000003,0.50528320471655586,0,0,0.50527280983333334,0.13460442399833941,0,0,0.13459978961777777,0.47783449517339649,-0.011486177687868158,0.023631130741934691,0.47835983322666664
1243,return,7997836,57853,20778,42472,0.00043807159215908387,0.0017229266531802237,0.013089969389957471,0,0,1.5697586776435382,0,0,1.5697491024666665,-0.028311217840653623,0,0,-0.028274333400000001,-0.77082919841452846,0,0,-0.77078974441000003,0.50528320471655586,0,0,0.50527280983333334,0.13460442399833941,0,0,0.13459978961777777,0.47774336057879008,-0.011297643091834012,0.023502035059883866,0.47827256676555557
1244,return,8002919,60772,21509,43065,0.00044193972565442774,0.0016946464637751018,0.013089969389957471,0,0,1.5697586776435382,0,0,1.5697491024666665,-0.028311217840653623,0,0,-0.028274333400000001,-0.77082919841452846,0,0,-0.77078974441000003,0.50528320471655586,0,0,0.50527280983333334,0.13460442399833941,0,0,0.13459978961777777,0.47765373009902867,-0.011110152826299223,0.023370052129059987,0.4781853003044445
1245,return,7997838,58610,21945,44129,0.00046175703652684419,0.0016665229239448834,0.013089969389957471,0,0,1.5697586776435382,0,0,1.5697491024666665,-0.028311217840653623,0,0,-0.028274333400000001,-0.77082919841452846,0,0,-0.77078974441000003,0.50528320471655586,0,0,0.50527280983333334,0.13460442399833941,0,0,0.13459978961777777,0.477565595287335,-0.01092372989207554,0.023235206355522439,0.47811548713555552
1246,return,8004096,62706,20991,45519,0.00046262538710944989,0.001638559483811331,0.013089969389957471,0,0,1.5697586776435382,0,0,1.5697491024666665,-0.028311217840653623,0,0,-0.028274333400000001,-0.77082919841452846,0,0,-0.77078974441000003,0.50528320471655586,0,0,0.50527280983333334,0.13460442399833941,0,0,0.13459978961777777,0.47747894751371295,-0.010738397092049594,0.023097522814974302,0.47802822067444445
1247,return,7995651,58357,21426,46907,0.00046200669962043195,0.0016107595638074391,0.013089969389957471,0,0,1.5697586776435382,0,0,1.5697491024666665,-0.028311217840653623,0,0,-0.028274333400000001,-0.77082919841452846,0,0,-0.77078974441000003,0.50528320471655586,0,0,0.50527280983333334,0.13460442399833941,0,0,0.13459978961777777,0.47739377796655358,-0.010554177025811056,0.022957027256454147,0.47794095421333338
1248,return,8001208,59565,20944,49158,0.00045990978566867735,0.0015831265538716584,0.013089969389957471,0,0,1.5697586776435382,0,0,1.5697491024666665,-0.028311217840653623,0,0,-0.028274333400000001,-0.77082919841452846,0,0,-0.77078974441000003,0.50528320471655586,0,0,0.50527280983333334,0.13460442399833941,0,0,0.13459978961777777,0.47731007765428157,-0.010371092084252206,0.022813746106023068,0.47785368775222226
1249,return,7999049,58614,23713,51009,0.00047379692905175075,0.0015556638126378308,0.013089969389957471,0,0,1.5697586776435382,0,0,1.5697491024666665,-0.028311217840653623,0,0,-0.028274333400000001,-0.77082919841452846,0,0,-0.77078974441000003,0.50528320471655586,0,0,0.50527280983333334,0.13460442399833941,0,0,0.13459978961777777,0.47722783740704849,-0.010189164444135271,0.022667706470456378,0.47778387458333332
1250,return,8001522,60136,20657,44759,0.00045131742295151378,0.0015283746666202905,0.013089969389957471,0,0,1.5697586776435382,0,0,1.5697491024666665,-0.028311217840653623,0,0,-0.028274333400000001,-0.77082919841452846,0,0,-0.77078974441000003,0.50528320471655586,0,0,0.50527280983333334,0.13460442399833941,0,0,0.13459978961777777,0.47714704787846618,-0.010008416062636197,0.022518936140931606,0.47767915483000001
1251,return,7999643,59779,20880,43972,0.00046229378264495136,0.0015012624093954296,0.013089969389957471,0,0,1.5697586776435382,0,0,1.5697491024666665,-0.028311217840653623,0,0,-0.028274333400000001,-0.77082919841452846,0,0,-0.77078974441000003,0.50528320471655586,0,0,0.50527280983333334,0.13460442399833941,0,0,0.13459978961777777,0.47706769954738426,-0.0098288686718479446,0.022367463596718228,0.47760934166111113
1252,return,7998502,58281,20759,41907,0.00047182894483799309,0.0014743303007771916,0.013089969389957471,0,0,1.5697586776435382,0,0,1.5697491024666665,-0.028311217840653623,0,0,-0.028274333400000001,-0.77082919841452846,0,0,-0.77078974441000003,0.50528320471655586,0,0,0.50527280983333334,0.13460442399833941,0,0,0.13459978961777777,0.47698978271971637,-0.0096505437732672984,0.022213318008868155,0.47753952849222225
1253,return,8000597,58878,21343,46176,0.00046247931139481446,0.0014475815659900947,0.013089969389957471,0,0,1.5697586776435382,0,0,1.5697491024666665,-0.028311217840653623,0,0,-0.028274333400000001,-0.77082919841452846,0,0,-0.77078974441000003,0.50528320471655586,0,0,0.50527280983333334,0.13460442399833941,0,0,0.13459978961777777,0.47691328753030343,-0.0094734626322403506,0.022056529243903559,0.47745226203111119
1254,return,8001447,60325,21019,42278,0.00045170803969657447,0.0014210193948360525,0.013089969389957471,0,0,1.5697586776435382,0,0,1.5697491024666665,-0.028311217840653623,0,0,-0.028274333400000001,-0.77082919841452846,0,0,-0.77078974441000003,0.50528320471655586,0,0,0.50527280983333334,0.13460442399833941,0,0,0.13459978961777777,0.47683820394482862,-0.0092976462723912655,0.021897127867508446,0.47736499557000001
1255,return,8000910,61235,21398,46296,0.00045697845628250855,0.0013946469408586898,0.013089969389957471,0,0,1.5697586776435382,0,0,1.5697491024666665,-0.028311217840653623,0,0,-0.028274333400000001,-0.77082919841452846,0,0,-0.77078974441000003,0.50528320471655586,0,0,0.50527280983333334,0.13460442399833941,0,0,0.13459978961777777,0.47676452176176964,-0.0091231154700044496,0.021735145148215597,0.47729518240111113
1256,return,7999762,60997,20769,42389,0.00044339417823030525,0.0013684673205006674,0.013089969389957471,0,0,1.5697586776435382,0,0,1.5697491024666665,-0.028311217840653623,0,0,-0.028274333400000001,-0.77082919841452846,0,0,-0.77078974441000003,0.50528320471655586,0,0,0.50527280983333334,0.13460442399833941,0,0,0.13459978961777777,0.47669223061440325,-0.0089498907483964284,0.021570613061099884,0.47720791593999995
1257,return,7998976,59973,21222,43759,0.00044587215670788272,0.0013424836122594643,0.013089969389957471,0,0,1.5697586776435382,0,0,1.5697491024666665,-0.028311217840653623,0,0,-0.028274333400000001,-0.77082919841452846,0,0,-0.77078974441000003,0.50528320471655586,0,0,0.50527280983333334,0.13460442399833941,0,0,0.13459978961777777,0.4766213199728504,-0.0087779923722439805,0.021403564291462826,0.47713810277111113
1258,return,7999104,59077,20630,40852,0.00042951633714960469,0.0013166988558365969,0.013089969389957471,0,0,1.5697586776435382,0,0,1.5697491024666665,-0.028311217840653623,0,0,-0.028274333400000001,-0.77082919841452846,0,0,-0.77078974441000003,0.50528320471655586,0,0,0.50527280983333334,0.13460442399833941,0,0,0.13459978961777777,0.47655177914616803,-0.0086074403418860863,0.021234032238525841,0.47705083631
1259,return,8003902,62979,21602,43296,0.00042924399494315146,0.001291116051282913,0.013089969389957471,0,0,1.5697586776435382,0,0,1.5697491024666665,-0.028311217840653623,0,0,-0.028274333400000001,-0.77082919841452846,0,0,-0.77078974441000003,0.50528320471655586,0,0,0.50527280983333334,0.13460442399833941,0,0,0.13459978961777777,0.47648359728448653,-0.0084382543876022949,0.0210620510191184,0.47698102314111118
1260,return,7996874,59853,21018,48630,0.00042761268773566785,0.0012657381581403441,0.013089969389957471,0,0,1.5697586776435382,0,0,1.5697491024666665,-0.028311217840653623,0,0,-0.028274333400000001,-0.77082919841452846,0,0,-0.77078974441000003,0.50528320471655586,0,0,0.50527280983333334,0.13460442399833941,0,0,0.13459978961777777,0.47641676338119321,-0.0082704539638533362,0.020887655471368803,0.47691120997222219
1261,return,7999003,58856,20963,45372,0.00042463342214016375,0.0012405680945780004,0.013089969389957471,0,0,1.5697586776435382,0,0,1.5697491024666665,-0.028311217840653623,0,0,-0.028274333400000001,-0.77082919841452846,0,0,-0.77078974441000003,0.50528320471655586,0,0,0.50527280983333334,0.13460442399833941,0,0,0.13459978961777777,0.4763512662751635,-0.0081040582434990464,0.020710881158390388,0.47684139680333337
1262,return,8001901,60757,21463,42129,0.00042031735928094172,0.0012156087365248569,0.013089969389957471,0,0,1.5697586776435382,0,0,1.5697491024666665,-0.028311217840653623,0,0,-0.028274333400000001,-0.77082919841452846,0,0,-0.77078974441000003,0.50528320471655586,0,0,0.50527280983333334,0.13460442399833941,0,0,0.13459978961777777,0.47628709465303432,-0.0079390861119804212,0.020531764371975351,0.47677158363444444
1263,return,7999086,59843,21055,44750,0.00039722252029900096,0.0011908629167970632,0.013089969389957471,0,0,1.5697586776435382,0,0,1.5697491024666665,-0.028311217840653623,0,0,-0.028274333400000001,-0.77082919841452846,0,0,-0.77078974441000003,0.50528320471655586,0,0,0.50527280983333334,0.13460442399833941,0,0,0.13459978961777777,0.47622423705152894,-0.0077755561614774402,0.020350342136280494,0.47668431717333332
1264,return,7998865,58708,20750,45509,0.00039026695291549673,0.001166333424221616,0.013089969389957471,0,0,1.5697586776435382,0,0,1.5697491024666665,-0.028311217840653623,0,0,-0.028274333400000001,-0.77082919841452846,0,0,-0.77078974441000003,0.50528320471655586,0,0,0.50527280983333334,0.13460442399833941,0,0,0.13459978961777777,0.47616268185982585,-0.007613486685035714,0.020166652211520385,0.47661450400444444
1265,return,7999716,58424,20806,40935,0.00039946226795189999,0.001142023002755357,0.013089969389957471,0,0,1.5697586776435382,0,0,1.5697491024666665,-0.028311217840653623,0,0,-0.028274333400000001,-0.77082919841452846,0,0,-0.77078974441000003,0.50528320471655586,0,0,0.50527280983333334,0.13460442399833941,0,0,0.13459978961777777,0.47610241732197534,-0.0074528956706636281,0.019980733097652532,0.47656214412777775
1266,return,8001910,60334,21166,43324,0.00040736692913578842,0.0011179343505995441,0.013089969389957471,0,0,1.5697586776435382,0,0,1.5697491024666665,-0.028311217840653623,0,0,-0.028274333400000001,-0.77082919841452846,0,0,-0.77078974441000003,0.50528320471655586,0,0,0.50527280983333334,0.13460442399833941,0,0,0.13459978961777777,0.47604343153936296,-0.007293800795395179,0.019792624038070271,0.47650978425111112
1267,return,7998300,58634,21130,45611,0.0003965395428592311,0.0010940701193092768,0.013089969389957471,0,0,1.5697586776435382,0,0,1.5697491024666665,-0.028311217840653623,0,0,-0.028274333400000001,-0.77082919841452846,0,0,-0.77078974441000003,0.50528320471655586,0,0,0.50527280983333334,0.13460442399833941,0,0,0.13459978961777777,0.47598571247322224,-0.0071362194193345966,0.019602365023291268,0.47643997108222219
1268,return,7999993,58627,20778,46297,0.00038444544011106974,0.0010704329129001895,0.013089969389957471,0,0,1.5697586776435382,0,0,1.5697491024666665,-0.028311217840653623,0,0,-0.028274333400000001,-0.77082919841452846,0,0,-0.77078974441000003,0.50528320471655586,0,0,0.50527280983333334,0.13460442399833941,0,0,0.13459978961777777,0.47592924794719393,-0.0069801685796599278,0.019409996794646864,0.47637015791333331
1269,return,8000050,58677,21232,47889,0.00037109679725055855,0.0010470252869489891,0.013089969389957471,0,0,1.5697586776435382,0,0,1.5697491024666665,-0.028311217840653623,0,0,-0.028274333400000001,-0.77082919841452846,0,0,-0.77078974441000003,0.50528320471655586,0,0,0.50527280983333334,0.13460442399833941,0,0,0.13459978961777777,0.47587402564993259,-0.0068256649846026671,0.019215560847972331,0.47630034474444449
1270,return,8004355,63032,21611,44046,0.00037395921784516561,0.0010238497476904001,0.013089969389957471,0,0,1.5697586776435382,0,0,1.5697491024666665,-0.028311217840653623,0,0,-0.028274333400000001,-0.77082919841452846,0,0,-0.77078974441000003,0.50528320471655586,0,0,0.50527280983333334,0.13460442399833941,0,0,0.13459978961777777,0.47582003313776239,-0.0066727250073974152,0.019019099437293862,0.47624798486777775
1271,return,7998429,61461,20963,42287,0.00035813856112654197,0.0010009087511096122,0.013089969389957471,0,0,1.5697586776435382,0,0,1.5697491024666665,-0.028311217840653623,0,0,-0.028274333400000001,-0.77082919841452846,0,0,-0.77078974441000003,0.50528320471655586,0,0,0.50527280983333334,0.13460442399833941,0,0,0.13459978961777777,0.47576725783738272,-0.0065213646802021481,0.018820655578522059,0.47617817169888893
1272,return,7998346,59807,20972,48879,0.00035855398483958245,0.00097820470203032221,0.013089969389957471,0,0,1.5697586776435382,0,0,1.5697491024666665,-0.028311217840653623,0,0,-0.028274333400000001,-0.77082919841452846,0,0,-0.77078974441000003,0.50528320471655586,0,0,0.50527280983333334,0.13460442399833941,0,0,0.13459978961777777,0.47571568704862122,-0.0063715996879874556,0.0186202730531374,0.4761258118222223
1273,return,7998327,58134,21398,42768,0.00034031160471215127,0.00095573995319811825,0.013089969389957471,0,0,1.5697586776435382,0,0,1.5697491024666665,-0.028311217840653623,0,0,-0.028274333400000001,-0.77082919841452846,0,0,-0.77078974441000003,0.50528320471655586,0,0,0.50527280983333334,0.13460442399833941,0,0,0.13459978961777777,0.47566530794723244,-0.0062234453623960968,0.018417996411883318,0.47605599865333337
1274,return,8008512,66646,21769,44556,0.00035578412165643281,0.00093351680435941448,0.013089969389957471,0,0,1.5697586776435382,0,0,1.5697491024666665,-0.028311217840653623,0,0,-0.028274333400000001,-0.77082919841452846,0,0,-0.77078974441000003,0.50528320471655586,0,0,0.50527280983333334,0.13460442399833941,0,0,0.13459978961777777,0.47561610758775363,-0.0060769166755786615,0.018213870978453232,0.47602109206888887
1275,return,7996522,63168,21241,45500,0.00035262460446860988,0.00091153750133679914,0.013089969389957471,0,0,1.5697586776435382,0,0,1.5697491024666665,-0.028311217840653623,0,0,-0.028274333400000001,-0.77082919841452846,0,0,-0.77078974441000003,0.50528320471655586,0,0,0.50527280983333334,0.13460442399833941,0,0,0.13459978961777777,0.47556807290640241,-0.0059320282339887275,0.018007942853179824,0.47596873219222224
1276,return,7995234,58402,21555,43620,0.00034829940915315216,0.0008898042350983091,0.013089969389957471,0,0,1.5697586776435382,0,0,1.5697491024666665,-0.028311217840653623,0,0,-0.028274333400000001,-0.77082919841452846,0,0,-0.77078974441000003,0.50528320471655586,0,0,0.50527280983333334,0.13460442399833941,0,0,0.13459978961777777,0.47552119072403043,-0.005788794272160518,0.017800258916728273,0.47591637231555556
1277,return,8000087,58489,21750,51574,0.00032536842263625187,0.00086831914082407765,0.013089969389957471,0,0,1.5697586776435382,0,0,1.5697491024666665,-0.028311217840653623,0,0,-0.028274333400000001,-0.77082919841452846,0,0,-0.77078974441000003,0.50528320471655586,0,0,0.50527280983333334,0.13460442399833941,0,0,0.13459978961777777,0.47547544774911821,-0.0056472286464483391,0.017590866833780024,0.47584655914666668
1278,return,8001984,60473,20722,44046,0.00033620481310403516,0.00084708429696725082,0.013089969389957471,0,0,1.5697586776435382,0,0,1.5697491024666665,-0.028311217840653623,0,0,-0.028274333400000001,-0.77082919841452846,0,0,-0.77078974441000003,0.50528320471655586,0,0,0.50527280983333334,0.13460442399833941,0,0,0.13459978961777777,0.47543083058083074,-0.0055073448287416239,0.017379815056726939,0.47581165256222224
1279,return,7998893,59366,20981,44398,0.00034591539694711626,0.00082610172431124356,0.013089969389957471,0,0,1.5697586776435382,0,0,1.5697491024666665,-0.028311217840653623,0,0,-0.028274333400000001,-0.77082919841452846,0,0,-0.77078974441000003,0.50528320471655586,0,0,0.50527280983333334,0.13460442399833941,0,0,0.13459978961777777,0.47538732571211828,-0.0053691559001459799,0.017167152829358427,0.47577674597777786
1280,return,7998910,58276,20815,46426,0.00033706038899283808,0.00080537338502189692,0.013089969389957471,0,0,1.5697586776435382,0,0,1.5697491024666665,-0.028311217840653623,0,0,-0.028274333400000001,-0.77082919841452846,0,0,-0.77078974441000003,0.50528320471655586,0,0,0.50527280983333334,0.13460442399833941,0,0,0.13459978961777777,0.47534491953286423,-0.0052326745446398372,0.016952930190553626,0.47572438610111112
1281,return,7999809,58085,20723,40814,0.00032710669158025896,0.00078490118169597561,0.013089969389957471,0,0,1.5697586776435382,0,0,1.5697491024666665,-0.028311217840653623,0,0,-0.028274333400000001,-0.77082919841452846,0,0,-0.77078974441000003,0.50528320471655586,0,0,0.50527280983333334,0.13460442399833941,0,0,0.13459978961777777,0.47530359833309133,-0.0050979130426986293,0.016737197977965506,0.47567202622444449
1282,return,8001873,59958,21129,42537,0.00033352130690861292,0.00076468695640479433,0.013089969389957471,0,0,1.5697586776435382,0,0,1.5697491024666665,-0.028311217840653623,0,0,-0.028274333400000001,-0.77082919841452846,0,0,-0.77078974441000003,0.50528320471655586,0,0,0.50527280983333334,0.13460442399833941,0,0,0.13459978961777777,0.4752633483062132,-0.0049648832648872872,0.016520007831716962,0.47563711963999994
1283,return,7998466,58424,21157,44231,0.00033886474934236022,0.00074473248973309307,0.013089969389957471,0,0,1.5697586776435382,0,0,1.5697491024666665,-0.028311217840653623,0,0,-0.028274333400000001,-0.77082919841452846,0,0,-0.77078974441000003,0.50528320471655586,0,0,0.50527280983333334,0.13460442399833941,0,0,0.13459978961777777,0.47522415555233999,-0.0048335966654292403,0.016301412198086115,0.47560221305555556
1284,return,7999791,58215,20963,45130,0.00032569762654888201,0.00072503949981438597,0.013089969389957471,0,0,1.5697586776435382,0,0,1.5697491024666665,-0.028311217840653623,0,0,-0.028274333400000001,-0.77082919841452846,0,0,-0.77078974441000003,0.50528320471655586,0,0,0.50527280983333334,0.13460442399833941,0,0,0.13459978961777777,0.47518600608163586,-0.0047040642757396117,0.016081464333195628,0.47554985317888887
1285,return,8000984,59199,21399,46333,0.00031148722058638167,0.00070560964136094173,0.013089969389957471,0,0,1.5697586776435382,0,0,1.5697491024666665,-0.028311217840653623,0,0,-0.028274333400000001,-0.77082919841452846,0,0,-0.77078974441000003,0.50528320471655586,0,0,0.50527280983333334,0.13460442399833941,0,0,0.13459978961777777,0.47514888581772474,-0.0045762966979348823,0.01586021830670559,0.47549749330222224
1286,return,8001327,60526,21250,43028,0.00031370090005300444,0.00068644450469023234,0.013089969389957471,0,0,1.5697586776435382,0,0,1.5697491024666665,-0.028311217840653623,0,0,-0.028274333400000001,-0.77082919841452846,0,0,-0.77078974441000003,0.50528320471655586,0,0,0.50527280983333334,0.13460442399833941,0,0,0.13459978961777777,0.47511278060115425,-0.0044503040983050893,0.015637729005499479,0.47546258671777775
1287,return,7998336,58862,20954,42962,0.0002974462399568667,0.00066754561474576337,0.013089969389957471,0,0,1.5697586776435382,0,0,1.5697491024666665,-0.028311217840653623,0,0,-0.028274333400000001,-0.77082919841452846,0,0,-0.77078974441000003,0.50528320471655586,0,0,0.50527280983333334,0.13460442399833941,0,0,0.13459978961777777,0.47507767619290647,-0.004326096200765398,0.015414052137376493,0.47541022684111112
1288,return,7999532,58394,20944,43259,0.00029764406376020514,0.00064891443011480966,0.013089969389957471,0,0,1.5697586776435382,0,0,1.5697491024666665,-0.028311217840653623,0,0,-0.028274333400000001,-0.77082919841452846,0,0,-0.77078974441000003,0.50528320471655586,0,0,0.50527280983333334,0.13460442399833941,0,0,0.13459978961777777,0.47504355827796246,-0.0042036822802724886,0.015189244234736814,0.47537532025666668
1289,return,7999790,58184,21055,46204,0.00027940210203758475,0.00063055234204087332,0.013089969389957471,0,0,1.5697586776435382,0,0,1.5697491024666665,-0.028311217840653623,0,0,-0.028274333400000001,-0.77082919841452846,0,0,-0.77078974441000003,0.50528320471655586,0,0,0.50527280983333334,0.13460442399833941,0,0,0.13459978961777777,0.47501041246892373,-0.0040830711562134057,0.014963362658277586,0.47532296038000005
1290,return,8000317,58501,21064,45491,0.00029509461885407484,0.00061246067343201079,0.013089969389957471,0,0,1.5697586776435382,0,0,1.5697491024666665,-0.028311217840653623,0,0,-0.028274333400000001,-0.77082919841452846,0,0,-0.77078974441000003,0.50528320471655586,0,0,0.50527280983333334,0.13460442399833941,0,0,0.13459978961777777,0.47497822430967845,-0.0039642711857641021,0.014736465600675071,0.4753055070877778
1291,return,8000263,58764,20833,45759,0.00029237619365490852,0.00059464067786461525,0.013089969389957471,0,0,1.5697586776435382,0,0,1.5697491024666665,-0.028311217840653623,0,0,-0.028274333400000001,-0.77082919841452846,0,0,-0.77078974441000003,0.50528320471655586,0,0,0.50527280983333334,0.13460442399833941,0,0,0.13459978961777777,0.4749469792791306,-0.0038472902572180847,0.014508612090281807,0.47527060050333336
1292,return,7999706,58470,21046,41269,0.00028871463975826961,0.0005770935385827127,0.013089969389957471,0,0,1.5697586776435382,0,0,1.5697491024666665,-0.028311217840653623,0,0,-0.028274333400000001,-0.77082919841452846,0,0,-0.77078974441000003,0.50528320471655586,0,0,0.50527280983333334,0.13460442399833941,0,0,0.13459978961777777,0.47491666279497463,-0.0037321357832877573,0.014279861994808565,0.47523569391888887
1293,return,7999921,58391,20935,45833,0.00026667124724760738,0.00055982036749316355,0.013089969389957471,0,0,1.5697586776435382,0,0,1.5697491024666665,-0.028311217840653623,0,0,-0.028274333400000001,-0.77082919841452846,0,0,-0.77078974441000003,0.50528320471655586,0,0,0.50527280983333334,0.13460442399833941,0,0,0.13459978961777777,0.47488726021752725,-0.0036188146943747592,0.014050276025019879,0.47518333404222224
1294,return,8002059,60450,21278,43676,0.00026116724025054827,0.00054282220415621384,0.013089969389957471,0,0,1.5697586776435382,0,0,1.5697491024666665,-0.028311217840653623,0,0,-0.028274333400000001,-0.77082919841452846,0,0,-0.77078974441000003,0.50528320471655586,0,0,0.50527280983333334,0.13460442399833941,0,0,0.13459978961777777,0.47485875685361639,-0.0035073334318085209,0.013819915738419555,0.4751484274577778
1295,return,7998141,58591,21204,38546,0.00025476401971696871,0.00052610001477127811,0.013089969389957471,0,0,1.5697586776435382,0,0,1.5697491024666665,-0.028311217840653623,0,0,-0.028274333400000001,-0.77082919841452846,0,0,-0.77078974441000003,0.50528320471655586,0,0,0.50527280983333334,0.13460442399833941,0,0,0.13459978961777777,0.47483113796051574,-0.0033976979410595036,0.013588843542941835,0.47511352087333336
1296,return,8000290,58881,20982,41843,0.00024747632837313072,0.00050965469115892557,0.013089969389957471,0,0,1.5697586776435382,0,0,1.5697491024666665,-0.028311217840653623,0,0,-0.028274333400000001,-0.77082919841452846,0,0,-0.77078974441000003,0.50528320471655586,0,0,0.50527280983333334,0.13460442399833941,0,0,0.13459978961777777,0.47480438874994202,-0.0032899136649223648,0.013357122700642847,0.47507861428888887
1297,return,8000198,59079,20629,44009,0.00022186566228021842,0.00049348704973835474,0.013089969389957471,0,0,1.5697586776435382,0,0,1.5697491024666665,-0.028311217840653623,0,0,-0.028274333400000001,-0.77082919841452846,0,0,-0.77078974441000003,0.50528320471655586,0,0,0.50527280983333334,0.13460442399833941,0,0,0.13459978961777777,0.47477849439210379,-0.0031839855366642329,0.013124817331384415,0.47502625441222224
1298,return,8001068,60147,21314,46556,0.00023030672789625672,0.0004775978304996349,0.013089969389957471,0,0,1.5697586776435382,0,0,1.5697491024666665,-0.028311217840653623,0,0,-0.028274333400000001,-0.77082919841452846,0,0,-0.77078974441000003,0.50528320471655586,0,0,0.50527280983333334,0.13460442399833941,0,0,0.13459978961777777,0.47475344001980324,-0.0030799179731520361,0.012891992416531968,0.47500880112000005
1299,return,7998410,58557,20898,46436,0.00022045451575225528,0.00046198769597280539,0.013089969389957471,0,0,1.5697586776435382,0,0,1.5697491024666665,-0.028311217840653623,0,0,-0.028274333400000001,-0.77082919841452846,0,0,-0.77078974441000003,0.50528320471655586,0,0,0.50527280983333334,0.13460442399833941,0,0,0.13459978961777777,0.47472921073259755,-0.0029777148679410634,0.012658713802633637,0.4749738945355555
1300,return,8000541,59098,21093,55593,0.00019232392629131567,0.00044665723019115947,0.013089969389957471,0,0,1.5697586776435382,0,0,1.5697491024666665,-0.028311217840653623,0,0,-0.028274333400000001,-0.77082919841452846,0,0,-0.77078974441000003,0.50528320471655586,0,0,0.50527280983333334,0.13460442399833941,0,0,0.13459978961777777,0.47470579160101101,-0.0028773795843436297,0.012425048205121065,0.47492153465888887
1301,return,8000956,60054,22092,45426,0.00018083647343342113,0.00043160693765154442,0.013089969389957471,0,0,1.5697586776435382,0,0,1.5697491024666665,-0.028311217840653623,0,0,-0.028274333400000001,-0.77082919841452846,0,0,-0.77078974441000003,0.50528320471655586,0,0,0.50527280983333334,0.13460442399833941,0,0,0.13459978961777777,0.47468316767080559,-0.0027789149484591662,0.01219106321198847,0.47488662807444443
1302,return,8000383,60437,20908,43010,0.00016855381919445023,0.00041683724226887492,0.013089969389957471,0,0,1.5697586776435382,0,0,1.5697491024666665,-0.028311217840653623,0,0,-0.028274333400000001,-0.77082919841452846,0,0,-0.77078974441000003,0.50528320471655586,0,0,0.50527280983333334,0.13460442399833941,0,0,0.13459978961777777,0.47466132396730709,-0.0026823232421801903,0.011956827287488522,0.47485172149000004
1303,return,7999189,59626,20805,44787,0.00015549093824845928,0.00040234848632702852,0.013089969389957471,0,0,1.5697586776435382,0,0,1.5697491024666665,-0.028311217840653623,0,0,-0.028274333400000001,-0.77082919841452846,0,0,-0.77078974441000003,0.50528320471655586,0,0,0.50527280983333334,0.13460442399833941,0,0,0.13459978961777777,0.47464024549978701,-0.0025876061961705734,0.011722409775823495,0.47481681490555555
1304,return,7999493,59119,20769,44379,0.00015911611354629818,0.00038814092942558601,0.013089969389957471,0,0,1.5697586776435382,0,0,1.5697491024666665,-0.028311217840653623,0,0,-0.028274333400000001,-0.77082919841452846,0,0,-0.77078974441000003,0.50528320471655586,0,0,0.50527280983333334,0.13460442399833941,0,0,0.13459978961777777,0.47461991726589836,-0.0024947649828045032,0.011487880904825911,0.4747993616133333
1305,return,8001865,60984,20889,46833,0.00014453776299055976,0.00037421474742067547,0.013089969389957471,0,0,1.5697586776435382,0,0,1.5697491024666665,-0.028311217840653623,0,0,-0.028274333400000001,-0.77082919841452846,0,0,-0.77078974441000003,0.50528320471655586,0,0,0.50527280983333334,0.13460442399833941,0,0,0.13459978961777777,0.47460032425617249,-0.0024038002090898485,0.011253311789658202,0.47476445502888892
1306,return,7999641,60625,21064,47667,0.00011177089604974544,0.00036057003136347724,0.013089969389957471,0,0,1.5697586776435382,0,0,1.5697491024666665,-0.028311217840653623,0,0,-0.028274333400000001,-0.77082919841452846,0,0,-0.77078974441000003,0.50528320471655586,0,0,0.50527280983333334,0.13460442399833941,0,0,0.13459978961777777,0.47458145145856989,-0.0023147119095503687,0.011018774436494416,0.47471209515222224
1307,return,7999087,59712,21241,44787,9.5737109207849613e-05,0.00034720678643255528,0.013089969389957471,0,0,1.5697586776435382,0,0,1.5697491024666665,-0.028311217840653623,0,0,-0.028274333400000001,-0.77082919841452846,0,0,-0.77078974441000003,0.50528320471655586,0,0,0.50527280983333334,0.13460442399833941,0,0,0.13459978961777777,0.47456328386308966,-0.0022274995390843891,0.010784341746215549,0.47467718856777774
1308,return,7999281,58993,21074,44111,7.8998120243700676e-05,0.00033412493086265837,0.013089969389957471,0,0,1.5697586776435382,0,0,1.5697491024666665,-0.028311217840653623,0,0,-0.028274333400000001,-0.77082919841452846,0,0,-0.77078974441000003,0.50528320471655586,0,0,0.50527280983333334,0.13460442399833941,0,0,0.13459978961777777,0.47454580646643257,-0.0021421619657919738,0.010550087518095224,0.47464228198333336
1309,return,7999530,58523,21686,45445,6.1568932456346204e-05,0.00032132429486879605,0.013089969389957471,0,0,1.5697586776435382,0,0,1.5697491024666665,-0.028311217840653623,0,0,-0.028274333400000001,-0.77082919841452846,0,0,-0.77078974441000003,0.50528320471655586,0,0,0.50527280983333334,0.13460442399833941,0,0,0.13459978961777777,0.4745290042767274,-0.0020586974637731461,0.010316086453489909,0.47460737539888892
1310,return,8000299,58822,21426,43788,6.0917829939277635e-05,0.00030880461956597191,0.013089969389957471,0,0,1.5697586776435382,0,0,1.5697491024666665,-0.028311217840653623,0,0,-0.028274333400000001,-0.77082919841452846,0,0,-0.77078974441000003,0.50528320471655586,0,0,0.50527280983333334,0.13460442399833941,0,0,0.13459978961777777,0.47451286231830736,-0.0019771037058951566,0.010082414159528876,0.47458992210666667
1311,return,7999995,58817,21574,41824,4.2153203914929716e-05,0.0002965655558842735,0.013089969389957471,0,0,1.5697586776435382,0,0,1.5697491024666665,-0.028311217840653623,0,0,-0.028274333400000001,-0.77082919841452846,0,0,-0.77078974441000003,0.50528320471655586,0,0,0.50527280983333334,0.13460442399833941,0,0,0.13459978961777777,0.47449736563655515,-0.0018973777565355694,0.0098491471528063396,0.47455501552222229
1312,return,8000661,59478,20861,40519,2.274330122264967e-05,0.00028460666348033542,0.013089969389957471,0,0,1.5697586776435382,0,0,1.5697491024666665,-0.028311217840653623,0,0,-0.028274333400000001,-0.77082919841452846,0,0,-0.77078974441000003,0.50528320471655586,0,0,0.50527280983333334,0.13460442399833941,0,0,0.13459978961777777,0.4744824993027949,-0.001819516064286689,0.0096163628630654401,0.4745201089377778
1313,return,7999465,58943,20954,42639,2.7030505384550985e-06,0.00027292740964300334,0.013089969389957471,0,0,1.5697586776435382,0,0,1.5697491024666665,-0.028311217840653623,0,0,-0.028274333400000001,-0.77082919841452846,0,0,-0.77078974441000003,0.50528320471655586,0,0,0.50527280983333334,0.13460442399833941,0,0,0.13459978961777777,0.47446824841924973,-0.0017435144546389871,0.0093841396368909927,0.47448520235333336
1314,return,8001291,60234,21176,40046,1.6953934083629996e-05,0.00026152716819584804,0.013089969389957471,0,0,1.5697586776435382,0,0,1.5697491024666665,-0.028311217840653623,0,0,-0.028274333400000001,-0.77082919841452846,0,0,-0.77078974441000003,0.50528320471655586,0,0,0.50527280983333334,0.13460442399833941,0,0,0.13459978961777777,0.47445459812405699,-0.0016693681226303818,0.0091525567414002147,0.47448520235333336
1315,return,7999863,60097,20741,43564,1.3150937054118295e-05,0.00025040521839455725,0.013089969389957471,0,0,1.5697586776435382,0,0,1.5697491024666665,-0.028311217840653623,0,0,-0.028274333400000001,-0.77082919841452846,0,0,-0.77078974441000003,0.50528320471655586,0,0,0.50527280983333334,0.13460442399833941,0,0,0.13459978961777777,0.47444153359633745,-0.0015970716254665284,0.0089216943679296286,0.47446774906111111
1316,return,7999587,59684,20676,41157,8.7621725514686055e-06,0.00023956074381997926,0.013089969389957471,0,0,1.5697586776435382,0,0,1.5697491024666665,-0.028311217840653623,0,0,-0.028274333400000001,-0.77082919841452846,0,0,-0.77078974441000003,0.50528320471655586,0,0,0.50527280983333334,0.13460442399833941,0,0,0.13459978961777777,0.47442904006133302,-0.0015266188751164923,0.0086916336357262085,0.47445029576888892
1317,return,7999169,58853,20944,41529,1.3650876888648966e-05,0.00022899283126747382,0.013089969389957471,0,0,1.5697586776435382,0,0,1.5697491024666665,-0.028311217840653623,0,0,-0.028274333400000001,-0.77082919841452846,0,0,-0.77078974441000003,0.50528320471655586,0,0,0.50527280983333334,0.13460442399833941,0,0,0.13459978961777777,0.47441710279559446,-0.001458003130866328,0.0084624565956367449,0.47441538918444437
1318,return,8000050,58903,21000,62768,1.7136111500892781e-06,0.00021870046962994919,0.013089969389957471,0,0,1.5697586776435382,0,0,1.5697491024666665,-0.028311217840653623,0,0,-0.028274333400000001,-0.77082919841452846,0,0,-0.77078974441000003,0.50528320471655586,0,0,0.50527280983333334,0.13460442399833941,0,0,0.13459978961777777,0.47440570713223301,-0.0013912169918608229,0.0082342462337942762,0.47441538918444437
1319,return,8001531,60434,22297,43611,7.7712400107787794e-06,0.00020868254877912343,0.013089969389957471,0,0,1.5697586776435382,0,0,1.5697491024666665,-0.028311217840653623,0,0,-0.028274333400000001,-0.77082919841452846,0,0,-0.77078974441000003,0.50528320471655586,0,0,0.50527280983333334,0.13460442399833941,0,0,0.13459978961777777,0.47439483846623354,-0.0013262523896007288,0.0080070864753133825,0.47439793589222223
1320,return,7999670,60104,21593,44713,1.4355866233550785e-05,0.00019893785844010933,0.013089969389957471,0,0,1.5697586776435382,0,0,1.5697491024666665,-0.028311217840653623,0,0,-0.028274333400000001,-0.77082919841452846,0,0,-0.77078974441000003,0.50528320471655586,0,0,0.50527280983333334,0.13460442399833941,0,0,0.13459978961777777,0.47438448225982344,-0.0012631005804170095,0.007781062187974975,0.47438048259999999
1321,return,8000465,60569,21427,43787,3.9996598234504077e-06,0.00018946508706255141,0.013089969389957471,0,0,1.5697586776435382,0,0,1.5697491024666665,-0.028311217840653623,0,0,-0.028274333400000001,-0.77082919841452846,0,0,-0.77078974441000003,0.50528320471655586,0,0,0.50527280983333334,0.13460442399833941,0,0,0.13459978961777777,0.47437462404790698,-0.0012017521379166687,0.0075562591859161931,0.47438048259999999
1322,return,7999763,60332,21000,41834,1.1594740129183823e-05,0.00018026282068750029,0.013089969389957471,0,0,1.5697586776435382,0,0,1.5697491024666665,-0.028311217840653623,0,0,-0.028274333400000001,-0.77082919841452846,0,0,-0.77078974441000003,0.50528320471655586,0,0,0.50527280983333334,0.13460442399833941,0,0,0.13459978961777777,0.47436524944355529,-0.0011421969453957149,0.0073327642333262388,0.47436302930777779
1323,return,7998374,58706,20972,42963,2.2201357774975783e-06,0.00017132954180935724,0.013089969389957471,0,0,1.5697586776435382,0,0,1.5697665557588889,-0.028311217840653623,0,0,-0.028274333400000001,-0.77082919841452846,0,0,-0.77078974441000003,0.50528320471655586,0,0,0.50527280983333334,0.13460442399833941,0,0,0.13459978961777777,0.47435634414355721,-0.0010844241882218327,0.007110665048123261,0.47436302930777779
1324,return,8000613,59319,22232,44139,1.076812800160365e-05,0.0001626636282332749,0.013089969389957471,0,0,1.5697586776435382,0,0,1.5697491024666665,-0.028311217840653623,0,0,-0.028274333400000001,-0.77082919841452846,0,0,-0.77078974441000003,0.50528320471655586,0,0,0.50527280983333334,0.13460442399833941,0,0,0.13459978961777777,0.47434789393403937,-0.00102842234619634,0.006890050305656148,0.4743455760155556
1325,return,8000847,60166,21223,40528,1.9771210706065467e-05,0.00015426335192945099,0.013089969389957471,0,0,1.5697586776435382,0,0,1.5697491024666665,-0.028311217840653623,0,0,-0.028274333400000001,-0.77082919841452846,0,0,-0.77078974441000003,0.50528320471655586,0,0,0.50527280983333334,0.13460442399833941,0,0,0.13459978961777777,0.47433988469613597,-0.00097417918587314883,0.0066710096423895516,0.4743281227233333
1326,return,8005780,65946,20871,42103,1.1761972802670773e-05,0.00014612687788097232,0.013089969389957471,0,0,1.5697586776435382,0,0,1.5697491024666665,-0.028311217840653623,0,0,-0.028274333400000001,-0.77082919841452846,0,0,-0.77078974441000003,0.50528320471655586,0,0,0.50527280983333334,0.13460442399833941,0,0,0.13459978961777777,0.47433230241172819,-0.00092168175285611083,0.0064536336595900634,0.4743281227233333
1327,return,7993124,59070,21158,41612,2.1632980617136699e-05,0.00013825226292841662,0.013089969389957471,0,0,1.5697586776435382,0,0,1.5697491024666665,-0.028311217840653623,0,0,-0.028274333400000001,-0.77082919841452846,0,0,-0.77078974441000003,0.50528320471655586,0,0,0.50527280983333334,0.13460442399833941,0,0,0.13459978961777777,0.47432513316924019,-0.00087091636407227895,0.0062380139270200594,0.47431066943111105
1328,return,8000466,59536,21222,40444,3.1917030351269471e-05,0.00013063745461084183,0.013089969389957471,0,0,1.5697586776435382,0,0,1.5697491024666665,-0.028311217840653623,0,0,-0.028274333400000001,-0.77082919841452846,0,0,-0.77078974441000003,0.50528320471655586,0,0,0.50527280983333334,0.13460442399833941,0,0,0.13459978961777777,0.47431836316950426,-0.00082186859999880662,0.0060242429866264628,0.47429321613888892
1329,return,7999225,58761,21241,39602,2.5147030615346733e-05,0.00012328028999982098,0.013089969389957471,0,0,1.5697586776435382,0,0,1.5697491024666665,-0.028311217840653623,0,0,-0.028274333400000001,-0.77082919841452846,0,0,-0.77078974441000003,0.50528320471655586,0,0,0.50527280983333334,0.13460442399833941,0,0,0.13459978961777777,0.47431197873167807,-0.00077452329687891495,0.0058124143562291166,0.47429321613888892
1330,return,7999744,58505,21472,41657,1.8762592789156596e-05,0.00011617849453183723,0.013089969389957471,0,0,1.5697586776435382,0,0,1.5697491024666665,-0.028311217840653623,0,0,-0.028274333400000001,-0.77082919841452846,0,0,-0.77078974441000003,0.50528320471655586,0,0,0.50527280983333334,0.13460442399833941,0,0,0.13459978961777777,0.47430596629923283,-0.00072886453889968992,0.005602622533209433,0.47429321613888892
1331,return,8000669,59174,21259,46009,1.2750160343910633e-05,0.00010932968083495349,0.013089969389957471,0,0,1.5697586776435382,0,0,1.5697491024666665,-0.028311217840653623,0,0,-0.028274333400000001,-0.77082919841452846,0,0,-0.77078974441000003,0.50528320471655586,0,0,0.50527280983333334,0.13460442399833941,0,0,0.13459978961777777,0.47430031244600229,-0.00068487565033463515,0.0053949629982054425,0.47429321613888892
1332,return,8000300,59474,21361,42380,2.7810277331008493e-05,0.00010273134755019526,0.013089969389957471,0,0,1.5697586776435382,0,0,1.5697491024666665,-0.028311217840653623,0,0,-0.028274333400000001,-0.77082919841452846,0,0,-0.77078974441000003,0.50528320471655586,0,0,0.50527280983333334,0.13460442399833941,0,0,0.13459978961777777,0.47429500388228985,-0.00064253918766778552,0.0051895322187921833,0.4743281227233333
1333,return,8000271,59745,20991,42000,8.5478717710141261e-05,9.6380878150167826e-05,0.013089969389957471,0,0,1.5697586776435382,0,0,1.5697491024666665,-0.028311217840653623,0,0,-0.028274333400000001,-0.77082919841452846,0,0,-0.77078974441000003,0.50528320471655586,0,0,0.50527280983333334,0.13460442399833941,0,0,0.13459978961777777,0.47429002746104487,-0.00060183693168539215,0.0049864276531765075,0.47438048259999999
1334,return,8007828,67573,21185,41926,0.00010790843117736149,9.0275539752808826e-05,0.013089969389957471,0,0,1.5697586776435382,0,0,1.5697491024666665,-0.028311217840653623,0,0,-0.028274333400000001,-0.77082919841452846,0,0,-0.77078974441000003,0.50528320471655586,0,0,0.50527280983333334,0.13460442399833941,0,0,0.13459978961777777,0.474285370184102,-0.0005627498795292864,0.0047857477538907449,0.47439793589222223
1335,return,7992030,59603,20694,41566,0.00011256570812023803,8.4412481929392963e-05,0.013089969389957471,0,0,1.5697586776435382,0,0,1.5697491024666665,-0.028311217840653623,0,0,-0.028274333400000001,-0.77082919841452846,0,0,-0.77078974441000003,0.50528320471655586,0,0,0.50527280983333334,0.13460442399833941,0,0,0.13459978961777777,0.47428101920847676,-0.00052525823673414598,0.0045875919714745417,0.47439793589222223
1336,return,7998939,58542,20842,42352,0.00013436997596760758,7.8788735510121888e-05,0.013089969389957471,0,0,1.5697586776435382,0,0,1.5697491024666665,-0.028311217840653623,0,0,-0.028274333400000001,-0.77082919841452846,0,0,-0.77078974441000003,0.50528320471655586,0,0,0.50527280983333334,0.13460442399833941,0,0,0.13459978961777777,0.47427696185273499,-0.00048934140922423221,0.0043920607581658137,0.47441538918444437
1337,return,8000735,59277,20648,41361,0.00013842733170937871,7.3401211383634823e-05,0.013089969389957471,0,0,1.5697586776435382,0,0,1.5697491024666665,-0.028311217840653623,0,0,-0.028274333400000001,-0.77082919841452846,0,0,-0.77078974441000003,0.50528320471655586,0,0,0.50527280983333334,0.13460442399833941,0,0,0.13459978961777777,0.47427318560341997,-0.00045497799528820707,0.0041992555715938311,0.47441538918444437
1338,return,8000577,59854,21288,41223,0.00014220358102440267,6.8246699293231052e-05,0.013089969389957471,0,0,1.5697586776435382,0,0,1.5697491024666665,-0.028311217840653623,0,0,-0.028274333400000001,-0.77082919841452846,0,0,-0.77078974441000003,0.50528320471655586,0,0,0.50527280983333334,0.13460442399833941,0,0,0.13459978961777777,0.47426967812154797,-0.00042214577751943682,0.0040092788784686128,0.47441538918444437
1339,return,7999661,59515,21204,44658,0.00014571106289640312,6.332186662791552e-05,0.013089969389957471,0,0,1.5697586776435382,0,0,1.5697491024666665,-0.028311217840653623,0,0,-0.028274333400000001,-0.77082919841452846,0,0,-0.77078974441000003,0.50528320471655586,0,0,0.50527280983333334,0.13460442399833941,0,0,0.13459978961777777,0.47426642724915918,-0.00039082171472822953,0.0038222341582654952,0.47441538918444437
1340,return,7999113,58628,21342,42000,0.00014896193528518564,5.8623257209234425e-05,0.013089969389957471,0,0,1.5697586776435382,0,0,1.5697491024666665,-0.028311217840653623,0,0,-0.028274333400000001,-0.77082919841452846,0,0,-0.77078974441000003,0.50528320471655586,0,0,0.50527280983333334,0.13460442399833941,0,0,0.13459978961777777,0.47426342101595192,-0.00036098193382748714,0.0036382259069193891,0.47441538918444437
1341,return,7999837,58465,21759,42546,0.00015196816849244454,5.4147290074123069e-05,0.013089969389957471,0,0,1.5697586776435382,0,0,1.5697491024666665,-0.028311217840653623,0,0,-0.028274333400000001,-0.77082919841452846,0,0,-0.77078974441000003,0.50528320471655586,0,0,0.50527280983333334,0.13460442399833941,0,0,0.13459978961777777,0.47426064764595915,-0.00033260172168211486,0.0034573596405110011,0.47441538918444437
1342,return,10263534,2321999,78222,141538,0.00015474153848521466,4.9890258252317228e-05,0.013089969389957471,0,0,1.5697586776435382,0,0,1.5697491024666665,-0.028311217840653623,0,0,-0.028274333400000001,-0.77082919841452846,0,0,-0.77078974441000003,0.50528320471655586,0,0,0.50527280983333334,0.13460442399833941,0,0,0.13459978961777777,0.47425809556430915,-0.00030565551693804581,0.0032797418989604253,0.47441538918444437
1343,return,5743120,65119,44916,92435,0.00015729362013522374,4.584832754070687e-05,0.013089969389957471,0,0,1.5697586776435382,0,0,1.5697491024666665,-0.028311217840653623,0,0,-0.028274333400000001,-0.77082919841452846,0,0,-0.77078974441000003,0.50528320471655586,0,0,0.50527280983333334,0.13460442399833941,0,0,0.13459978961777777,0.4742557534040388,-0.00028011690181176791,0.0031054802497133948,0.47441538918444437
1344,return,7998577,63696,56093,136083,0.00015963578040556481,4.2017535271765186e-05,0.013089969389957471,0,0,1.5697586776435382,0,0,1.5697491024666665,-0.028311217840653623,0,0,-0.028274333400000001,-0.77082919841452846,0,0,-0.77078974441000003,0.50528320471655586,0,0,0.50527280983333334,0.13460442399833941,0,0,0.13459978961777777,0.47425361001298327,-0.00025595859385834155,0.0029346832914296859,0.47441538918444437
1345,return,7995281,58977,28611,58527,0.00016177917146109611,3.839378907875123e-05,0.013089969389957471,0,0,1.5697586776435382,0,0,1.5697491024666665,-0.028311217840653623,0,0,-0.028274333400000001,-0.77082919841452846,0,0,-0.77078974441000003,0.50528320471655586,0,0,0.50527280983333334,0.13460442399833941,0,0,0.13459978961777777,0.47425165446072082,-0.00023315243770916636,0.0027674606576760241,0.47441538918444437
1346,return,7999773,58750,24806,48880,0.00016373472372355202,3.4972865656374955e-05,0.013089969389957471,0,0,1.5697586776435382,0,0,1.5697491024666665,-0.028311217840653623,0,0,-0.028274333400000001,-0.77082919841452846,0,0,-0.77078974441000003,0.50528320471655586,0,0,0.50527280983333334,0.13460442399833941,0,0,0.13459978961777777,0.47424987604559343,-0.00021166939677031145,0.0026039230206162177,0.47441538918444437
1347,return,7998484,57234,22435,46379,0.00016551313885093677,3.1750409515546717e-05,0.013089969389957471,0,0,1.5697586776435382,0,0,1.5697491024666665,-0.028311217840653623,0,0,-0.028274333400000001,-0.77082919841452846,0,0,-0.77078974441000003,0.50528320471655586,0,0,0.50527280983333334,0.13460442399833941,0,0,0.13459978961777777,0.47424826430178907,-0.0001914795449093207,0.0024441820946940213,0.47441538918444437
1348,return,8001874,59108,22019,47093,0.00016712488265530068,2.8721931736398103e-05,0.013089969389957471,0,0,1.5697586776435382,0,0,1.5697491024666665,-0.028311217840653623,0,0,-0.028274333400000001,-0.77082919841452846,0,0,-0.77078974441000003,0.50528320471655586,0,0,0.50527280983333334,0.13460442399833941,0,0,0.13459978961777777,0.47424680900648752,-0.00017255205809144322,0.0022883506403309798,0.47441538918444437
1349,return,8001771,60879,21611,46991,0.00016858017795684521,2.5882808713716481e-05,0.013089969389957471,0,0,1.5697586776435382,0,0,1.5697491024666665,-0.028311217840653623,0,0,-0.028274333400000001,-0.77082919841452846,0,0,-0.77078974441000003,0.50528320471655586,0,0,0.50527280983333334,0.13460442399833941,0,0,0.13459978961777777,0.47424550018708611,-0.00015485520600609068,0.002136542467610129,0.47441538918444437
1350,return,7999967,60846,22343,46046,0.00016988899735825846,2.3228280900913602e-05,0.013089969389957471,0,0,1.5697586776435382,0,0,1.5697491024666665,-0.028311217840653623,0,0,-0.028274333400000001,-0.77082919841452846,0,0,-0.77078974441000003,0.50528320471655586,0,0,0.50527280983333334,0.13460442399833941,0,0,0.13459978961777777,0.474244328128471,-0.00013835634365002149,0.0019888724399673694,0.47441538918444437
1351,return,7998504,59350,21481,42296,0.00017106105597336496,2.0753451547503222e-05,0.013089969389957471,0,0,1.5697586776435382,0,0,1.5697491024666665,-0.028311217840653623,0,0,-0.028274333400000001,-0.77082919841452846,0,0,-0.77078974441000003,0.50528320471655586,0,0,0.50527280983333334,0.13460442399833941,0,0,0.13459978961777777,0.47424328338038035,-0.00012302190288589291,0.001845456477881756,0.47441538918444437
1352,return,7999901,59251,20981,42093,0.00017210580406401554,1.8453285432883937e-05,0.013089969389957471,0,0,1.5697586776435382,0,0,1.5697491024666665,-0.028311217840653623,0,0,-0.028274333400000001,-0.77082919841452846,0,0,-0.77078974441000003,0.50528320471655586,0,0,0.50527280983333334,0.13460442399833941,0,0,0.13459978961777777,0.4742423567648158,-0.00010881738397376297,0.001706411562565308,0.47441538918444437
1353,return,7999689,58940,21130,43194,0.00017303241962857152,1.6322607596064445e-05,0.013089969389957471,0,0,1.5697586776435382,0,0,1.5697491024666665,-0.028311217840653623,0,0,-0.028274333400000001,-0.77082919841452846,0,0,-0.77078974441000003,0.50528320471655586,0,0,0.50527280983333334,0.13460442399833941,0,0,0.13459978961777777,0.47424153938353297,-9.5707347067395599e-05,0.0015718557396496651,0.47441538918444437
1354,return,8010531,69471,21148,44241,0.00017384980091139646,1.4356102060109339e-05,0.013089969389957471,0,0,1.5697586776435382,0,0,1.5697491024666665,-0.028311217840653623,0,0,-0.028274333400000001,-0.77082919841452846,0,0,-0.77078974441000003,0.50528320471655586,0,0,0.50527280983333334,0.13460442399833941,0,0,0.13459978961777777,0.4742408226255953,-8.3655403684531086e-05,0.0014419081228790537,0.47441538918444437
1355,return,7989883,59354,21593,46027,0.00017456655884906525,1.2548310552679663e-05,0.013089969389957471,0,0,1.5697586776435382,0,0,1.5697491024666665,-0.028311217840653623,0,0,-0.028274333400000001,-0.77082919841452846,0,0,-0.77078974441000003,0.50528320471655586,0,0,0.50527280983333334,0.13460442399833941,0,0,0.13459978961777777,0.47424019817499324,-7.2624208151330673e-05,0.0013166888977955652,0.47441538918444437
1356,return,8000151,59505,21306,44981,0.00017519100945112553,1.08936312226996e-05,0.013089969389957471,0,0,1.5697586776435382,0,0,1.5697491024666665,-0.028311217840653623,0,0,-0.028274333400000001,-0.77082919841452846,0,0,-0.77078974441000003,0.50528320471655586,0,0,0.50527280983333334,0.13460442399833941,0,0,0.13459978961777777,0.47423965801834861,-6.2575449008888558e-05,0.0011963193254347197,0.47441538918444437
1357,return,7999569,59074,20759,45167,0.00017573116609576056,9.3863173513332831e-06,0.013089969389957471,0,0,1.5697586776435382,0,0,1.5697491024666665,-0.028311217840653623,0,0,-0.028274333400000001,-0.77082919841452846,0,0,-0.77078974441000003,0.50528320471655586,0,0,0.50527280983333334,0.13460442399833941,0,0,0.13459978961777777,0.47423919445265467,-5.3469840393437768e-05,0.0010809217460090277,0.47441538918444437
1358,return,8001818,60892,21454,44381,0.0001761947317897028,8.0204760590156652e-06,0.013089969389957471,0,0,1.5697586776435382,0,0,1.5697491024666665,-0.028311217840653623,0,0,-0.028274333400000001,-0.77082919841452846,0,0,-0.77078974441000003,0.50528320471655586,0,0,0.50527280983333334,0.13460442399833941,0,0,0.13459978961777777,0.47423880009312858,-4.5267113393450796e-05,0.00097061958260084987,0.47441538918444437
1359,return,7998254,59146,20972,43667,0.00017658909131579303,6.7900670090176196e-06,0.013089969389957471,0,0,1.5697586776435382,0,0,1.5697491024666665,-0.028311217840653623,0,0,-0.028274333400000001,-0.77082919841452846,0,0,-0.77078974441000003,0.50528320471655586,0,0,0.50527280983333334,0.13460442399833941,0,0,0.13459978961777777,0.47423846788109547,-3.7926007366056084e-05,0.00086553734485024872,0.47441538918444437
1360,return,7999855,59001,21129,43611,0.00017692130334889811,5.6889011049084128e-06,0.013089969389957471,0,0,1.5697586776435382,0,0,1.5697491024666665,-0.028311217840653623,0,0,-0.028274333400000001,-0.77082919841452846,0,0,-0.77078974441000003,0.50528320471655586,0,0,0.50527280983333334,0.13460442399833941,0,0,0.13459978961777777,0.47423819109196169,-3.1404261238534331e-05,0.00076580063264729704,0.47441538918444437
1361,return,7999911,58912,21491,42314,0.0001771980924826777,4.7106391857801491e-06,0.013089969389957471,0,0,1.5697586776435382,0,0,1.5697491024666665,-0.028311217840653623,0,0,-0.028274333400000001,-0.77082919841452846,0,0,-0.77078974441000003,0.50528320471655586,0,0,0.50527280983333334,0.13460442399833941,0,0,0.13459978961777777,0.47423796334325263,-2.5658604756659597e-05,0.00067153613981865636,0.47441538918444437
1362,return,8003142,62054,20843,41806,0.00017742584119173621,3.8487907134989397e-06,0.013089969389957471,0,0,1.5697586776435382,0,0,1.5697491024666665,-0.028311217840653623,0,0,-0.028274333400000001,-0.77082919841452846,0,0,-0.77078974441000003,0.50528320471655586,0,0,0.50527280983333334,0.13460442399833941,0,0,0.13459978961777777,0.47423777860272331,-2.0644749736605804e-05,0.00058287165781521809,0.47441538918444437
1363,return,7996605,58659,20870,43231,0.00017761058172105493,3.0967124604908707e-06,0.013089969389957471,0,0,1.5697586776435382,0,0,1.5697491024666665,-0.028311217840653623,0,0,-0.028274333400000001,-0.77082919841452846,0,0,-0.77078974441000003,0.50528320471655586,0,0,0.50527280983333334,0.13460442399833941,0,0,0.13459978961777777,0.47423763119653428,-1.6317381254040616e-05,0.00049993607940972801,0.47441538918444437
1364,return,8000958,59617,20722,41065,0.00017775798791008768,2.4476071881060925e-06,0.013089969389957471,0,0,1.5697586776435382,0,0,1.5697491024666665,-0.028311217840653623,0,0,-0.028274333400000001,-0.77082919841452846,0,0,-0.77078974441000003,0.50528320471655586,0,0,0.50527280983333334,0.13460442399833941,0,0,0.13459978961777777,0.4742375158175009,-1.26301488267241e-05,0.00042285940237499876,0.47441538918444437
1365,return,7998985,58602,21027,44963,0.00017787336694347067,1.8945223240086149e-06,0.013089969389957471,0,0,1.5697586776435382,0,0,1.5697491024666665,-0.028311217840653623,0,0,-0.028274333400000001,-0.77082919841452846,0,0,-0.77078974441000003,0.50528320471655586,0,0,0.50527280983333334,0.13460442399833941,0,0,0.13459978961777777,0.47423742753341663,-9.535657561624169e-06,0.00035177273318408634,0.47441538918444437
1366,return,8000882,59484,20926,43759,0.00017796165102773598,1.4303486342436252e-06,0.013089969389957471,0,0,1.5697586776435382,0,0,1.5697491024666665,-0.028311217840653623,0,0,-0.028274333400000001,-0.77082919841452846,0,0,-0.77078974441000003,0.50528320471655586,0,0,0.50527280983333334,0.13460442399833941,0,0,0.13459978961777777,0.47423736179543857,-6.9854592582398735e-06,0.00028680829069326492,0.47441538918444437
1367,return,8001651,61135,20528,44482,0.00017802738900579707,1.0478188887359811e-06,0.013089969389957471,0,0,1.5697586776435382,0,0,1.5697491024666665,-0.028311217840653623,0,0,-0.028274333400000001,-0.77082919841452846,0,0,-0.77078974441000003,0.50528320471655586,0,0,0.50527280983333334,0.13460442399833941,0,0,0.13459978961777777,0.47423731444655326,-4.9300435118627177e-06,0.00022809940983182608,0.47441538918444437
1368,return,7998338,59473,21223,45982,0.00017807473789110961,7.3950652677940767e-07,0.013089969389957471,0,0,1.5697586776435382,0,0,1.5697491024666665,-0.028311217840653623,0,0,-0.028274333400000001,-0.77082919841452846,0,0,-0.77078974441000003,0.50528320471655586,0,0,0.50527280983333334,0.13460442399833941,0,0,0.13459978961777777,0.47423728173010915,-3.3188287563738041e-06,0.00017578054529559183,0.47441538918444437
1369,return,8000087,59560,21232,44648,0.00017810745433521902,4.9782431345607062e-07,0.013089969389957471,0,0,1.5697586776435382,0,0,1.5697491024666665,-0.028311217840653623,0,0,-0.028274333400000001,-0.77082919841452846,0,0,-0.77078974441000003,0.50528320471655586,0,0,0.50527280983333334,0.13460442399833941,0,0,0.13459978961777777,0.47423726029842411,-2.1001533020184675e-06,0.0001299872752333593,0.47441538918444437
1370,return,8000021,59581,21111,42676,0.00017812888602025678,3.1502299530277011e-07,0.013089969389957471,0,0,1.5697586776435382,0,0,1.5697491024666665,-0.028311217840653623,0,0,-0.028274333400000001,-0.77082919841452846,0,0,-0.77078974441000003,0.50528320471655586,0,0,0.50527280983333334,0.13460442399833941,0,0,0.13459978961777777,0.47423724722145699,-1.2212663210566464e-06,9.0856304936677904e-05,0.47441538918444437
1371,return,7999606,59187,21213,43528,0.00017814196298737706,1.8318994815849695e-07,0.013089969389957471,0,0,1.5697586776435382,0,0,1.5697491024666665,-0.028311217840653623,0,0,-0.028274333400000001,-0.77082919841452846,0,0,-0.77078974441000003,0.50528320471655586,0,0,0.50527280983333334,0.13460442399833941,0,0,0.13459978961777777,0.47423723999555911,-6.2831882786366824e-07,5.852547052596836e-05,0.47441538918444437
1372,return,7999781,58968,20945,43092,0.0001781491888852571,9.4247824179550227e-08,0.013089969389957471,0,0,1.5697586776435382,0,0,1.5697491024666665,-0.028311217840653623,0,0,-0.028274333400000001,-0.77082919841452846,0,0,-0.77078974441000003,0.50528320471655586,0,0,0.50527280983333334,0.13460442399833941,0,0,0.13459978961777777,0.47423723655230166,-2.6635461008461446e-07,3.3133742651321715e-05,0.47441538918444437
1373,return,7999596,58564,25232,43139,0.00017815263214271404,3.9953191512692167e-08,0.013089969389957471,0,0,1.5697586776435382,0,0,1.5697491024666665,-0.028311217840653623,0,0,-0.028274333400000001,-0.77082919841452846,0,0,-0.77078974441000003,0.50528320471655586,0,0,0.50527280983333334,0.13460442399833941,0,0,0.13459978961777777,0.4742372352673575,-7.9301139318770835e-08,1.4821230168052296e-05,0.47441538918444437
1374,return,8002346,60910,22250,44083,0.00017815391708686512,1.1895170897815624e-08,0.013089969389957471,0,0,1.5697586776435382,0,0,1.5697491024666665,-0.028311217840653623,0,0,-0.028274333400000001,-0.77082919841452846,0,0,-0.77078974441000003,0.50528320471655586,0,0,0.50527280983333334,0.13460442399833941,0,0,0.13459978961777777,0.47423723496948061,-9.9604525989942607e-09,3.7291838337763602e-06,0.47441538918444437
1375,return,7999976,60886,21685,40935,0.00017815421496375494,1.4940678898491391e-09,0.013089969389957471,0,0,1.5697586776435382,0,0,1.5697491024666665,-0.028311217840653623,0,0,-0.028274333400000001,-0.77082919841452846,0,0,-0.77078974441000003,0.50528320471655586,0,0,0.50527280983333334,0.13460442399833941,0,0,0.13459978961777777,0.47423723494954095,-0,-0,0.47441538918444437
1376,settle,7997892,58778,21472,43009,0.00017815423490341598,0,0.013089969389957471,0,0,1.5697586776435382,0,0,1.5697491024666665,-0.028311217840653623,0,0,-0.028274333400000001,-0.77082919841452846,0,0,-0.77078974441000003,0.50528320471655586,0,0,0.50527280983333334,0.13460442399833941,0,0,0.13459978961777777,0.47423723494954101,0,0,0.47441538918444437
1377,settle,8000605,59383,23370,45945,0.00017815423490336046,0,0.013089969389957471,0,0,1.5697586776435382,0,0,1.5697491024666665,-0.028311217840653623,0,0,-0.028274333400000001,-0.77082919841452846,0,0,-0.77078974441000003,0.50528320471655586,0,0,0.50527280983333334,0.13460442399833941,0,0,0.13459978961777777,0.47423723494954101,0,0,0.47441538918444437
1378,settle,8021856,81239,13472,30574,0.00017815423490336046,0,0.013089969389957471,0,0,1.5697586776435382,0,0,1.5697491024666665,-0.028311217840653623,0,0,-0.028274333400000001,-0.77082919841452846,0,0,-0.77078974441000003,0.50528320471655586,0,0,0.50527280983333334,0.13460442399833941,0,0,0.13459978961777777,0.47423723494954101,0,0,0.47441538918444437
1379,settle,7980078,61317,58241,98722,0.00017815423490336046,0,0.013089969389957471,0,0,1.5697586776435382,0,0,1.5697491024666665,-0.028311217840653623,0,0,-0.028274333400000001,-0.77082919841452846,0,0,-0.77078974441000003,0.50528320471655586,0,0,0.50527280983333334,0.13460442399833941,0,0,0.13459978961777777,0.47423723494954101,0,0,0.47441538918444437
1380,settle,7996243,57560,19176,38722,0.00017815423490336046,0,0.013089969389957471,0,0,1.5697586776435382,0,0,1.5697665557588889,-0.028311217840653623,0,0,-0.028274333400000001,-0.77082919841452846,0,0,-0.77078974441000003,0.50528320471655586,0,0,0.50527280983333334,0.13460442399833941,0,0,0.13459978961777777,0.47423723494954101,0,0,0.47441538918444437
1381,settle,7998244,55804,14547,34232,0.00017815423490336046,0,0.013089969389957471,0,0,1.5697586776435382,0,0,1.5697491024666665,-0.028311217840653623,0,0,-0.028274333400000001,-0.77082919841452846,0,0,-0.77078974441000003,0.50528320471655586,0,0,0.50527280983333334,0.13460442399833941,0,0,0.13459978961777777,0.47423723494954101,0,0,0.47441538918444437
1382,settle,8001096,56900,26907,57417,0.00017815423490336046,0,0.013089969389957471,0,0,1.5697586776435382,0,0,1.5697491024666665,-0.028311217840653623,0,0,-0.028274333400000001,-0.77082919841452846,0,0,-0.77078974441000003,0.50528320471655586,0,0,0.50527280983333334,0.13460442399833941,0,0,0.13459978961777777,0.47423723494954101,0,0,0.47441538918444437
1383,settle,8002060,58960,22805,52018,0.00017815423490336046,0,0.013089969389957471,0,0,1.5697586776435382,0,0,1.5697491024666665,-0.028311217840653623,0,0,-0.028274333400000001,-0.77082919841452846,0,0,-0.77078974441000003,0.50528320471655586,0,0,0.50527280983333334,0.13460442399833941,0,0,0.13459978961777777,0.47423723494954101,0,0,0.47441538918444437
1384,settle,7998345,57305,21574,46463,0.00016070094268122448,0,0.013089969389957471,0,0,1.5697586776435382,0,0,1.5697491024666665,-0.028311217840653623,0,0,-0.028274333400000001,-0.77082919841452846,0,0,-0.77078974441000003,0.50528320471655586,0,0,0.50527280983333334,0.13460442399833941,0,0,0.13459978961777777,0.47423723494954101,0,0,0.47439793589222223
1385,settle,8001115,58420,21472,45324,0.00016070094268122448,0,0.013089969389957471,0,0,1.5697586776435382,0,0,1.5697491024666665,-0.028311217840653623,0,0,-0.028274333400000001,-0.77082919841452846,0,0,-0.77078974441000003,0.50528320471655586,0,0,0.50527280983333334,0.13460442399833941,0,0,0.13459978961777777,0.47423723494954101,0,0,0.47439793589222223
1386,settle,7999512,57932,21583,44917,0.00016070094268122448,0,0.013089969389957471,0,0,1.5697586776435382,0,0,1.5697491024666665,-0.028311217840653623,0,0,-0.028274333400000001,-0.77082919841452846,0,0,-0.77078974441000003,0.50528320471655586,0,0,0.50527280983333334,0.13460442399833941,0,0,0.13459978961777777,0.47423723494954101,0,0,0.47439793589222223
1387,settle,7999995,57927,21203,42018,0.00016070094268122448,0,0.013089969389957471,0,0,1.5697586776435382,0,0,1.5697491024666665,-0.028311217840653623,0,0,-0.028274333400000001,-0.77082919841452846,0,0,-0.77078974441000003,0.50528320471655586,0,0,0.50527280983333334,0.13460442399833941,0,0,0.13459978961777777,0.47423723494954101,0,0,0.47439793589222223
1388,settle,7999013,56940,21805,44547,0.00016070094268122448,0,0.013089969389957471,0,0,1.5697586776435382,0,0,1.5697491024666665,-0.028311217840653623,0,0,-0.028274333400000001,-0.77082919841452846,0,0,-0.77078974441000003,0.50528320471655586,0,0,0.50527280983333334,0.13460442399833941,0,0,0.13459978961777777,0.47423723494954101,0,0,0.47439793589222223
1389,settle,8002836,59776,22092,46213,0.00016070094268122448,0,0.013089969389957471,0,0,1.5697586776435382,0,0,1.5697491024666665,-0.028311217840653623,0,0,-0.028274333400000001,-0.77082919841452846,0,0,-0.77078974441000003,0.50528320471655586,0,0,0.50527280983333334,0.13460442399833941,0,0,0.13459978961777777,0.47423723494954101,0,0,0.47439793589222223
1390,settle,8008087,67863,21047,44074,0.00016070094268122448,0,0.013089969389957471,0,0,1.5697586776435382,0,0,1.5697491024666665,-0.028311217840653623,0,0,-0.028274333400000001,-0.77082919841452846,0,0,-0.77078974441000003,0.50528320471655586,0,0,0.50527280983333334,0.13460442399833941,0,0,0.13459978961777777,0.47423723494954101,0,0,0.47439793589222223
1391,settle,7990679,58542,21361,46102,0.00016070094268122448,0,0.013089969389957471,0,0,1.5697586776435382,0,0,1.5697491024666665,-0.028311217840653623,0,0,-0.028274333400000001,-0.77082919841452846,0,0,-0.77078974441000003,0.50528320471655586,0,0,0.50527280983333334,0.13460442399833941,0,0,0.13459978961777777,0.47423723494954101,0,0,0.47439793589222223
1392,settle,8000698,59240,21750,41926,0.00016070094268122448,0,0.013089969389957471,0,0,1.5697586776435382,0,0,1.5697491024666665,-0.028311217840653623,0,0,-0.028274333400000001,-0.77082919841452846,0,0,-0.77078974441000003,0.50528320471655586,0,0,0.50527280983333334,0.13460442399833941,0,0,0.13459978961777777,0.47423723494954101,0,0,0.47439793589222223
1393,settle,7999614,58854,21121,42194,0.00016070094268122448,0,0.013089969389957471,0,0,1.5697586776435382,0,0,1.5697491024666665,-0.028311217840653623,0,0,-0.028274333400000001,-0.77082919841452846,0,0,-0.77078974441000003,0.50528320471655586,0,0,0.50527280983333334,0.13460442399833941,0,0,0.13459978961777777,0.47423723494954101,0,0,0.47439793589222223
1394,settle,8001031,59885,21157,44694,0.00016070094268122448,0,0.013089969389957471,0,0,1.5697586776435382,0,0,1.5697491024666665,-0.028311217840653623,0,0,-0.028274333400000001,-0.77082919841452846,0,0,-0.77078974441000003,0.50528320471655586,0,0,0.50527280983333334,0.13460442399833941,0,0,0.13459978961777777,0.47423723494954101,0,0,0.47439793589222223
1395,settle,8000512,60397,20805,43741,0.00016070094268122448,0,0.013089969389957471,0,0,1.5697586776435382,0,0,1.5697491024666665,-0.028311217840653623,0,0,-0.028274333400000001,-0.77082919841452846,0,0,-0.77078974441000003,0.50528320471655586,0,0,0.50527280983333334,0.13460442399833941,0,0,0.13459978961777777,0.47423723494954101,0,0,0.47439793589222223
1396,settle,7997356,57753,20833,43556,0.00016070094268122448,0,0.013089969389957471,0,0,1.5697586776435382,0,0,1.5697491024666665,-0.028311217840653623,0,0,-0.028274333400000001,-0.77082919841452846,0,0,-0.77078974441000003,0.50528320471655586,0,0,0.50527280983333334,0.13460442399833941,0,0,0.13459978961777777,0.47423723494954101,0,0,0.47439793589222223
1397,settle,8000586,58339,20935,41519,0.00016070094268122448,0,0.013089969389957471,0,0,1.5697586776435382,0,0,1.5697491024666665,-0.028311217840653623,0,0,-0.028274333400000001,-0.77082919841452846,0,0,-0.77078974441000003,0.50528320471655586,0,0,0.50527280983333334,0.13460442399833941,0,0,0.13459978961777777,0.47423723494954101,0,0,0.47439793589222223
1398,settle,8001707,60046,20925,42223,0.00016070094268122448,0,0.013089969389957471,0,0,1.5697586776435382,0,0,1.5697491024666665,-0.028311217840653623,0,0,-0.028274333400000001,-0.77082919841452846,0,0,-0.77078974441000003,0.50528320471655586,0,0,0.50527280983333334,0.13460442399833941,0,0,0.13459978961777777,0.47423723494954101,0,0,0.47439793589222223
1399,settle,8004253,64299,20518,52602,0.00016070094268122448,0,0.013089969389957471,0,0,1.5697586776435382,0,0,1.5697491024666665,-0.028311217840653623,0,0,-0.028274333400000001,-0.77082919841452846,0,0,-0.77078974441000003,0.50528320471655586,0,0,0.50527280983333334,0.13460442399833941,0,0,0.13459978961777777,0.47423723494954101,0,0,0.47439793589222223
1400,settle,7994558,58857,20768,42037,0.00016070094268122448,0,0.013089969389957471,0,0,1.5697586776435382,0,0,1.5697491024666665,-0.028311217840653623,0,0,-0.028274333400000001,-0.77082919841452846,0,0,-0.77078974441000003,0.50528320471655586,0,0,0.50527280983333334,0.13460442399833941,0,0,0.13459978961777777,0.47423723494954101,0,0,0.47439793589222223
1401,settle,8001559,60416,21102,42166,0.00016070094268122448,0,0.013089969389957471,0,0,1.5697586776435382,0,0,1.5697491024666665,-0.028311217840653623,0,0,-0.028274333400000001,-0.77082919841452846,0,0,-0.77078974441000003,0.50528320471655586,0,0,0.50527280983333334,0.13460442399833941,0,0,0.13459978961777777,0.47423723494954101,0,0,0.47439793589222223
1402,settle,8001124,61540,20796,42972,0.00016070094268122448,0,0.013089969389957471,0,0,1.5697586776435382,0,0,1.5697491024666665,-0.028311217840653623,0,0,-0.028274333400000001,-0.77082919841452846,0,0,-0.77078974441000003,0.50528320471655586,0,0,0.50527280983333334,0.13460442399833941,0,0,0.13459978961777777,0.47423723494954101,0,0,0.47439793589222223
1403,settle,8008318,69858,20602,45796,0.00016070094268122448,0,0.013089969389957471,0,0,1.5697586776435382,0,0,1.5697491024666665,-0.028311217840653623,0,0,-0.028274333400000001,-0.77082919841452846,0,0,-0.77078974441000003,0.50528320471655586,0,0,0.50527280983333334,0.13460442399833941,0,0,0.13459978961777777,0.47423723494954101,0,0,0.47439793589222223
1404,settle,7988734,58592,20584,44047,0.00016070094268122448,0,0.013089969389957471,0,0,1.5697586776435382,0,0,1.5697491024666665,-0.028311217840653623,0,0,-0.028274333400000001,-0.77082919841452846,0,0,-0.77078974441000003,0.50528320471655586,0,0,0.50527280983333334,0.13460442399833941,0,0,0.13459978961777777,0.47423723494954101,0,0,0.47439793589222223
1405,settle,8000124,58716,24769,46297,0.00016070094268122448,0,0.013089969389957471,0,0,1.5697586776435382,0,0,1.5697491024666665,-0.028311217840653623,0,0,-0.028274333400000001,-0.77082919841452846,0,0,-0.77078974441000003,0.50528320471655586,0,0,0.50527280983333334,0.13460442399833941,0,0,0.13459978961777777,0.47423723494954101,0,0,0.47439793589222223
1406,settle,8001910,60626,20713,42222,0.00016070094268122448,0,0.013089969389957471,0,0,1.5697586776435382,0,0,1.5697491024666665,-0.028311217840653623,0,0,-0.028274333400000001,-0.77082919841452846,0,0,-0.77078974441000003,0.50528320471655586,0,0,0.50527280983333334,0.13460442399833941,0,0,0.13459978961777777,0.47423723494954101,0,0,0.47439793589222223
1407,settle,7998040,58666,21010,44851,0.00014324765045897747,0,0.013089969389957471,0,0,1.5697586776435382,0,0,1.5697491024666665,-0.028311217840653623,0,0,-0.028274333400000001,-0.77082919841452846,0,0,-0.77078974441000003,0.50528320471655586,0,0,0.50527280983333334,0.13460442399833941,0,0,0.13459978961777777,0.47423723494954101,0,0,0.47438048259999999
1408,settle,8000328,58994,20676,43259,0.00014324765045897747,0,0.013089969389957471,0,0,1.5697586776435382,0,0,1.5697491024666665,-0.028311217840653623,0,0,-0.028274333400000001,-0.77082919841452846,0,0,-0.77078974441000003,0.50528320471655586,0,0,0.50527280983333334,0.13460442399833941,0,0,0.13459978961777777,0.47423723494954101,0,0,0.47438048259999999
1409,settle,7999169,58163,20750,46056,0.00014324765045897747,0,0.013089969389957471,0,0,1.5697586776435382,0,0,1.5697491024666665,-0.028311217840653623,0,0,-0.028274333400000001,-0.77082919841452846,0,0,-0.77078974441000003,0.50528320471655586,0,0,0.50527280983333334,0.13460442399833941,0,0,0.13459978961777777,0.47423723494954101,0,0,0.47438048259999999
1410,settle,8003699,61862,21130,40556,0.00014324765045897747,0,0.013089969389957471,0,0,1.5697586776435382,0,0,1.5697491024666665,-0.028311217840653623,0,0,-0.028274333400000001,-0.77082919841452846,0,0,-0.77078974441000003,0.50528320471655586,0,0,0.50527280983333334,0.13460442399833941,0,0,0.13459978961777777,0.47423723494954101,0,0,0.47438048259999999
1411,settle,7996420,58282,20417,43944,0.00014324765045897747,0,0.013089969389957471,0,0,1.5697586776435382,0,0,1.5697491024666665,-0.028311217840653623,0,0,-0.028274333400000001,-0.77082919841452846,0,0,-0.77078974441000003,0.50528320471655586,0,0,0.50527280983333334,0.13460442399833941,0,0,0.13459978961777777,0.47423723494954101,0,0,0.47438048259999999
1412,settle,8003753,62035,20537,42935,0.00014324765045897747,0,0.013089969389957471,0,0,1.5697586776435382,0,0,1.5697491024666665,-0.028311217840653623,0,0,-0.028274333400000001,-0.77082919841452846,0,0,-0.77078974441000003,0.50528320471655586,0,0,0.50527280983333334,0.13460442399833941,0,0,0.13459978961777777,0.47423723494954101,0,0,0.47438048259999999
1413,settle,7996661,58696,20954,40472,0.00014324765045897747,0,0.013089969389957471,0,0,1.5697586776435382,0,0,1.5697491024666665,-0.028311217840653623,0,0,-0.028274333400000001,-0.77082919841452846,0,0,-0.77078974441000003,0.50528320471655586,0,0,0.50527280983333334,0.13460442399833941,0,0,0.13459978961777777,0.47423723494954101,0,0,0.47438048259999999
1414,settle,8001512,60208,20833,41750,0.00014324765045897747,0,0.013089969389957471,0,0,1.5697586776435382,0,0,1.5697491024666665,-0.028311217840653623,0,0,-0.028274333400000001,-0.77082919841452846,0,0,-0.77078974441000003,0.50528320471655586,0,0,0.50527280983333334,0.13460442399833941,0,0,0.13459978961777777,0.47423723494954101,0,0,0.47438048259999999
1415,settle,7998236,58444,20574,44759,0.00014324765045897747,0,0.013089969389957471,0,0,1.5697586776435382,0,0,1.5697491024666665,-0.028311217840653623,0,0,-0.028274333400000001,-0.77082919841452846,0,0,-0.77078974441000003,0.50528320471655586,0,0,0.50527280983333334,0.13460442399833941,0,0,0.13459978961777777,0.47423723494954101,0,0,0.47438048259999999
1416,settle,8000317,58761,20741,43528,0.00014324765045897747,0,0.013089969389957471,0,0,1.5697586776435382,0,0,1.5697491024666665,-0.028311217840653623,0,0,-0.028274333400000001,-0.77082919841452846,0,0,-0.77078974441000003,0.50528320471655586,0,0,0.50527280983333334,0.13460442399833941,0,0,0.13459978961777777,0.47423723494954101,0,0,0.47438048259999999
1417,settle,7999745,58506,20907,43139,0.00014324765045897747,0,0.013089969389957471,0,0,1.5697586776435382,0,0,1.5697491024666665,-0.028311217840653623,0,0,-0.028274333400000001,-0.77082919841452846,0,0,-0.77078974441000003,0.50528320471655586,0,0,0.50527280983333334,0.13460442399833941,0,0,0.13459978961777777,0.47423723494954101,0,0,0.47438048259999999
1418,settle,8001670,60176,20667,40120,0.00014324765045897747,0,0.013089969389957471,0,0,1.5697586776435382,0,0,1.5697491024666665,-0.028311217840653623,0,0,-0.028274333400000001,-0.77082919841452846,0,0,-0.77078974441000003,0.50528320471655586,0,0,0.50527280983333334,0.13460442399833941,0,0,0.13459978961777777,0.47423723494954101,0,0,0.47438048259999999
1419,settle,7999355,59531,24704,49676,0.00014324765045897747,0,0.013089969389957471,0,0,1.5697586776435382,0,0,1.5697491024666665,-0.028311217840653623,0,0,-0.028274333400000001,-0.77082919841452846,0,0,-0.77078974441000003,0.50528320471655586,0,0,0.50527280983333334,0.13460442399833941,0,0,0.13459978961777777,0.47423723494954101,0,0,0.47438048259999999
1420,settle,7999134,58665,21982,76046,0.00014324765045897747,0,0.013089969389957471,0,0,1.5697586776435382,0,0,1.5697491024666665,-0.028311217840653623,0,0,-0.028274333400000001,-0.77082919841452846,0,0,-0.77078974441000003,0.50528320471655586,0,0,0.50527280983333334,0.13460442399833941,0,0,0.13459978961777777,0.47423723494954101,0,0,0.47438048259999999
1421,settle,8000734,59399,22278,45824,0.00014324765045897747,0,0.013089969389957471,0,0,1.5697586776435382,0,0,1.5697491024666665,-0.028311217840653623,0,0,-0.028274333400000001,-0.77082919841452846,0,0,-0.77078974441000003,0.50528320471655586,0,0,0.50527280983333334,0.13460442399833941,0,0,0.13459978961777777,0.47423723494954101,0,0,0.47438048259999999
1422,settle,7999143,58542,21472,42268,0.00014324765045897747,0,0.013089969389957471,0,0,1.5697586776435382,0,0,1.5697491024666665,-0.028311217840653623,0,0,-0.028274333400000001,-0.77082919841452846,0,0,-0.77078974441000003,0.50528320471655586,0,0,0.50527280983333334,0.13460442399833941,0,0,0.13459978961777777,0.47423723494954101,0,0,0.47438048259999999
1423,settle,8001614,60156,21102,40352,0.00014324765045897747,0,0.013089969389957471,0,0,1.5697586776435382,0,0,1.5697491024666665,-0.028311217840653623,0,0,-0.028274333400000001,-0.77082919841452846,0,0,-0.77078974441000003,0.50528320471655586,0,0,0.50527280983333334,0.13460442399833941,0,0,0.13459978961777777,0.47423723494954101,0,0,0.47438048259999999
1424,settle,7999578,59734,23879,45046,0.00014324765045897747,0,0.013089969389957471,0,0,1.5697586776435382,0,0,1.5697491024666665,-0.028311217840653623,0,0,-0.028274333400000001,-0.77082919841452846,0,0,-0.77078974441000003,0.50528320471655586,0,0,0.50527280983333334,0.13460442399833941,0,0,0.13459978961777777,0.47423723494954101,0,0,0.47438048259999999
1425,settle,8000818,60552,21648,43824,0.00014324765045897747,0,0.013089969389957471,0,0,1.5697586776435382,0,0,1.5697491024666665,-0.028311217840653623,0,0,-0.028274333400000001,-0.77082919841452846,0,0,-0.77078974441000003,0.50528320471655586,0,0,0.50527280983333334,0.13460442399833941,0,0,0.13459978961777777,0.47423723494954101,0,0,0.47438048259999999
1426,settle,8003226,63778,21176,41297,0.00014324765045897747,0,0.013089969389957471,0,0,1.5697586776435382,0,0,1.5697491024666665,-0.028311217840653623,0,0,-0.028274333400000001,-0.77082919841452846,0,0,-0.77078974441000003,0.50528320471655586,0,0,0.50527280983333334,0.13460442399833941,0,0,0.13459978961777777,0.47423723494954101,0,0,0.47438048259999999
1427,settle,7997780,61558,21305,44732,0.00014324765045897747,0,0.013089969389957471,0,0,1.5697586776435382,0,0,1.5697491024666665,-0.028311217840653623,0,0,-0.028274333400000001,-0.77082919841452846,0,0,-0.77078974441000003,0.50528320471655586,0,0,0.50527280983333334,0.13460442399833941,0,0,0.13459978961777777,0.47423723494954101,0,0,0.47438048259999999
1428,settle,7999180,60738,21000,44037,0.00014324765045897747,0,0.013089969389957471,0,0,1.5697586776435382,0,0,1.5697491024666665,-0.028311217840653623,0,0,-0.028274333400000001,-0.77082919841452846,0,0,-0.77078974441000003,0.50528320471655586,0,0,0.50527280983333334,0.13460442399833941,0,0,0.13459978961777777,0.47423723494954101,0,0,0.47438048259999999
1429,settle,7997587,58325,21278,44518,0.00014324765045897747,0,0.013089969389957471,0,0,1.5697586776435382,0,0,1.5697491024666665,-0.028311217840653623,0,0,-0.028274333400000001,-0.77082919841452846,0,0,-0.77078974441000003,0.50528320471655586,0,0,0.50527280983333334,0.13460442399833941,0,0,0.13459978961777777,0.47423723494954101,0,0,0.47438048259999999
1430,settle,8000559,58884,21445,43343,0.00014324765045897747,0,0.013089969389957471,0,0,1.5697586776435382,0,0,1.5697491024666665,-0.028311217840653623,0,0,-0.028274333400000001,-0.77082919841452846,0,0,-0.77078974441000003,0.50528320471655586,0,0,0.50527280983333334,0.13460442399833941,0,0,0.13459978961777777,0.47423723494954101,0,0,0.47438048259999999
1431,settle,8000902,59786,21315,43028,0.00014324765045897747,0,0.013089969389957471,0,0,1.5697586776435382,0,0,1.5697491024666665,-0.028311217840653623,0,0,-0.028274333400000001,-0.77082919841452846,0,0,-0.77078974441000003,0.50528320471655586,0,0,0.50527280983333334,0.13460442399833941,0,0,0.13459978961777777,0.47423723494954101,0,0,0.47438048259999999
1432,settle,7998632,58418,20796,44453,0.00014324765045897747,0,0.013089969389957471,0,0,1.5697586776435382,0,0,1.5697491024666665,-0.028311217840653623,0,0,-0.028274333400000001,-0.77082919841452846,0,0,-0.77078974441000003,0.50528320471655586,0,0,0.50527280983333334,0.13460442399833941,0,0,0.13459978961777777,0.47423723494954101,0,0,0.47438048259999999
1433,settle,7999161,57579,21102,41694,0.00014324765045897747,0,0.013089969389957471,0,0,1.5697586776435382,0,0,1.5697491024666665,-0.028311217840653623,0,0,-0.028274333400000001,-0.77082919841452846,0,0,-0.77078974441000003,0.50528320471655586,0,0,0.50527280983333334,0.13460442399833941,0,0,0.13459978961777777,0.47423723494954101,0,0,0.47438048259999999
1434,settle,8000652,58231,21324,45102,0.00014324765045897747,0,0.013089969389957471,0,0,1.5697586776435382,0,0,1.5697491024666665,-0.028311217840653623,0,0,-0.028274333400000001,-0.77082919841452846,0,0,-0.77078974441000003,0.50528320471655586,0,0,0.50527280983333334,0.13460442399833941,0,0,0.13459978961777777,0.47423723494954101,0,0,0.47438048259999999
1435,settle,8001948,60179,20769,41185,0.00014324765045897747,0,0.013089969389957471,0,0,1.5697586776435382,0,0,1.5697491024666665,-0.028311217840653623,0,0,-0.028274333400000001,-0.77082919841452846,0,0,-0.77078974441000003,0.50528320471655586,0,0,0.50527280983333334,0.13460442399833941,0,0,0.13459978961777777,0.47423723494954101,0,0,0.47438048259999999
1436,settle,7998308,58487,21657,44288,0.00014324765045897747,0,0.013089969389957471,0,0,1.5697586776435382,0,0,1.5697491024666665,-0.028311217840653623,0,0,-0.028274333400000001,-0.77082919841452846,0,0,-0.77078974441000003,0.50528320471655586,0,0,0.50527280983333334,0.13460442399833941,0,0,0.13459978961777777,0.47423723494954101,0,0,0.47438048259999999
1437,settle,7999458,57945,23064,44889,0.00014324765045897747,0,0.013089969389957471,0,0,1.5697586776435382,0,0,1.5697491024666665,-0.028311217840653623,0,0,-0.028274333400000001,-0.77082919841452846,0,0,-0.77078974441000003,0.50528320471655586,0,0,0.50527280983333334,0.13460442399833941,0,0,0.13459978961777777,0.47423723494954101,0,0,0.47438048259999999
1438,settle,8000541,58486,20963,43213,0.00014324765045897747,0,0.013089969389957471,0,0,1.5697586776435382,0,0,1.5697491024666665,-0.028311217840653623,0,0,-0.028274333400000001,-0.77082919841452846,0,0,-0.77078974441000003,0.50528320471655586,0,0,0.50527280983333334,0.13460442399833941,0,0,0.13459978961777777,0.47423723494954101,0,0,0.47438048259999999
