index,phase,period_ns,wake_ns,read_ns,command_ns,tracking_error,cmd_q1,cmd_v1,cmd_a1,obs_q1,cmd_q2,cmd_v2,cmd_a2,obs_q2,cmd_q3,cmd_v3,cmd_a3,obs_q3,cmd_q4,cmd_v4,cmd_a4,obs_q4,cmd_q5,cmd_v5,cmd_a5,obs_q5,cmd_q6,cmd_v6,cmd_a6,obs_q6
0,outward,0,611,31778,490502,1.3832e-05,1.56976,0,0,1.56975,-0.0283352,0,0,-0.0283267,-0.770853,0,0,-0.770842,0.505283,0,0,0.505273,0.134604,0,0,0.1346,0.474237,0,0,0.474223
1,outward,8065038,65649,25769,51583,1.3832e-05,1.56976,0,0,1.56975,-0.0283352,0,0,-0.0283267,-0.770853,0,0,-0.770842,0.505283,0,0,0.505273,0.134604,0,0,0.1346,0.474237,1.93141e-08,7.21368e-06,0.474223
2,outward,8006187,71836,19851,45083,1.3832e-05,1.56976,0,0,1.56975,-0.0283352,0,0,-0.0283267,-0.770853,0,0,-0.770842,0.505283,0,0,0.505273,0.134604,0,0,0.1346,0.474237,1.52658e-07,2.83926e-05,0.474223
3,outward,7992694,64530,19750,43055,1.38326e-05,1.56976,0,0,1.56975,-0.0283352,0,0,-0.0283267,-0.770853,0,0,-0.770842,0.505283,0,0,0.505273,0.134604,0,0,0.1346,0.474237,5.09014e-07,6.2854e-05,0.474223
4,outward,8002501,67031,24712,44287,6.08529e-05,1.56976,0,0,1.56975,-0.0283352,0,0,-0.0282743,-0.770853,0,0,-0.770807,0.505283,0,0,0.505273,0.134604,0,0,0.1346,0.474237,1.19196e-06,0.000109929,0.474223
5,outward,8001427,68458,28213,48342,9.57595e-05,1.56976,0,0,1.56975,-0.0283352,0,0,-0.0282394,-0.770853,0,0,-0.77079,0.505283,0,0,0.505273,0.134604,0,0,0.1346,0.474237,2.29977e-06,0.000168962,0.474223
6,outward,7997593,66051,25510,51593,7.83062e-05,1.56976,0,0,1.56975,-0.0283352,0,0,-0.0282569,-0.770853,0,0,-0.770807,0.505283,0,0,0.505273,0.134604,0,0,0.1346,0.474237,3.92553e-06,0.000239313,0.474223
7,outward,7992723,58774,24481,46944,7.83062e-05,1.56976,0,0,1.56975,-0.0283352,0,0,-0.0282569,-0.770853,0,0,-0.770807,0.505283,0,0,0.505273,0.134604,0,0,0.1346,0.474237,6.15727e-06,0.000320352,0.474223
8,outward,8004371,63145,21695,48852,7.83062e-05,1.56976,0,0,1.56975,-0.0283352,0,0,-0.0282569,-0.770853,0,0,-0.770807,0.505283,0,0,0.505273,0.134604,0,0,0.1346,0.474237,9.07803e-06,0.000411465,0.474223
9,outward,7995668,58813,23750,47991,7.83062e-05,1.56976,0,0,1.56975,-0.0283352,0,0,-0.0282569,-0.770853,0,0,-0.770807,0.505283,0,0,0.505273,0.134604,0,0,0.1346,0.474237,1.2766e-05,0.000512052,0.474223
10,outward,7999935,58748,22343,49001,7.83062e-05,1.56976,0,0,1.56975,-0.0283352,0,0,-0.0282569,-0.770853,0,0,-0.770807,0.505283,0,0,0.505273,0.134604,0,0,0.1346,0.474238,1.72945e-05,0.000621523,0.474223
11,outward,8005010,63758,23343,50259,7.83062e-05,1.56976,0,0,1.56975,-0.0283352,0,0,-0.0282569,-0.770853,0,0,-0.770807,0.505283,0,0,0.505273,0.134604,0,0,0.1346,0.474238,2.27325e-05,0.000739303,0.474223
12,outward,7996353,60111,22917,48175,7.83062e-05,1.56976,0,0,1.56975,-0.0283352,0,0,-0.0282569,-0.770853,0,0,-0.770807,0.505283,0,0,0.505273,0.134604,0,0,0.1346,0.474238,2.91441e-05,0.000864831,0.474223
13,outward,7998761,58872,22750,47046,7.83062e-05,1.56976,0,0,1.56975,-0.0283352,0,0,-0.0282569,-0.770853,0,0,-0.770807,0.505283,0,0,0.505273,0.134604,0,0,0.1346,0.474238,3.6589e-05,0.000997558,0.474223
14,outward,7999703,58575,21685,48583,7.83062e-05,1.56976,0,0,1.56975,-0.0283352,0,0,-0.0282569,-0.770853,0,0,-0.770807,0.505283,0,0,0.505273,0.134604,0,0,0.1346,0.474239,4.51227e-05,0.00113695,0.474223
15,outward,8003955,62530,24963,52093,7.83062e-05,1.56976,0,0,1.56975,-0.0283352,0,0,-0.0282569,-0.770853,0,0,-0.770807,0.505283,0,0,0.505273,0.134604,0,0,0.1346,0.474239,5.47965e-05,0.00128247,0.474223
16,outward,7997519,60049,22242,50398,7.83062e-05,1.56976,0,0,1.56975,-0.0283352,0,0,-0.0282569,-0.770853,0,0,-0.770807,0.505283,0,0,0.505273,0.134604,0,0,0.1346,0.474239,6.56573e-05,0.00143362,0.474223
17,outward,7998687,58736,20991,46963,7.83062e-05,1.56976,0,0,1.56975,-0.0283352,0,0,-0.0282569,-0.770853,0,0,-0.770807,0.505283,0,0,0.505273,0.134604,0,0,0.1346,0.47424,7.77481e-05,0.0015899,0.474223
18,outward,8000213,58949,21629,48463,7.83062e-05,1.56976,0,0,1.56975,-0.0283352,0,0,-0.0282569,-0.770853,0,0,-0.770807,0.505283,0,0,0.505273,0.134604,0,0,0.1346,0.474241,9.11081e-05,0.00175082,0.474223
19,outward,8001241,60190,10648,26852,7.83062e-05,1.56976,0,0,1.56975,-0.0283352,0,0,-0.0282569,-0.770853,0,0,-0.770807,0.505283,0,0,0.505273,0.134604,0,0,0.1346,0.474241,0.000105772,0.0019159,0.474223
20,outward,7996352,56542,11009,25648,7.83062e-05,1.56976,0,0,1.56975,-0.0283352,0,0,-0.0282569,-0.770853,0,0,-0.770807,0.505283,0,0,0.505273,0.134604,0,0,0.1346,0.474242,0.000121772,0.00208469,0.474223
21,outward,7999242,55784,10658,25121,7.83062e-05,1.56976,0,0,1.56975,-0.0283352,0,0,-0.0282569,-0.770853,0,0,-0.770807,0.505283,0,0,0.505273,0.134604,0,0,0.1346,0.474243,0.000139136,0.00225673,0.474223
22,outward,8000094,55878,10750,29584,7.83062e-05,1.56976,0,0,1.56975,-0.0283352,0,0,-0.0282569,-0.770853,0,0,-0.770807,0.505283,0,0,0.505273,0.134604,0,0,0.1346,0.474245,0.000157888,0.00243158,0.474223
23,outward,7999788,55666,9648,25361,7.83062e-05,1.56976,0,0,1.56975,-0.0283352,0,0,-0.0282569,-0.770853,0,0,-0.770807,0.505283,0,0,0.505273,0.134604,0,0,0.1346,0.474246,0.000178048,0.00260882,0.474223
24,outward,8000833,56499,9760,26593,7.83062e-05,1.56976,0,0,1.56975,-0.0283352,0,0,-0.0282569,-0.770853,0,0,-0.770807,0.505283,0,0,0.505273,0.134604,0,0,0.1346,0.474247,0.000199634,0.00278803,0.474223
25,outward,7999668,56167,14630,29129,7.83062e-05,1.56976,0,0,1.56975,-0.0283352,0,0,-0.0282569,-0.770853,0,0,-0.770807,0.505283,0,0,0.505273,0.134604,0,0,0.1346,0.474249,0.00022266,0.00296881,0.474223
26,outward,8001927,58094,16175,30241,7.83062e-05,1.56976,0,0,1.56975,-0.0283352,0,0,-0.0282569,-0.770853,0,0,-0.770807,0.505283,0,0,0.505273,0.134604,0,0,0.1346,0.474251,0.000247138,0.00315075,0.474223
27,outward,7997908,56002,9325,25519,7.83062e-05,1.56976,0,0,1.56975,-0.0283352,0,0,-0.0282569,-0.770853,0,0,-0.770807,0.505283,0,0,0.505273,0.134604,0,0,0.1346,0.474253,0.000273075,0.0033335,0.474223
28,outward,8000574,56576,10473,24907,7.83062e-05,1.56976,0,0,1.56975,-0.0283352,0,0,-0.0282569,-0.770853,0,0,-0.770807,0.505283,0,0,0.505273,0.134604,0,0,0.1346,0.474255,0.000300475,0.00351666,0.474223
29,outward,7999140,55716,27547,25065,7.83062e-05,1.56976,0,0,1.56975,-0.0283352,0,0,-0.0282569,-0.770853,0,0,-0.770807,0.505283,0,0,0.505273,0.134604,0,0,0.1346,0.474258,0.000329341,0.00369989,0.474223
30,outward,8003334,59050,12583,24379,7.83062e-05,1.56976,0,0,1.56975,-0.0283352,0,0,-0.0282569,-0.770853,0,0,-0.770807,0.505283,0,0,0.505273,0.134604,0,0,0.1346,0.474261,0.000359672,0.00388283,0.474223
31,outward,7996825,55875,10630,25537,7.83062e-05,1.56976,0,0,1.56975,-0.0283352,0,0,-0.0282569,-0.770853,0,0,-0.770807,0.505283,0,0,0.505273,0.134604,0,0,0.1346,0.474264,0.000391465,0.00406515,0.474223
32,outward,8004279,60154,10722,25639,7.83062e-05,1.56976,0,0,1.56975,-0.0283352,0,0,-0.0282569,-0.770853,0,0,-0.770807,0.505283,0,0,0.505273,0.134604,0,0,0.1346,0.474267,0.000424712,0.00424651,0.474223
33,outward,7995640,55794,10574,25574,7.83062e-05,1.56976,0,0,1.56975,-0.0283352,0,0,-0.0282569,-0.770853,0,0,-0.770807,0.505283,0,0,0.505273,0.134604,0,0,0.1346,0.47427,0.000459406,0.00442662,0.474241
34,outward,8000075,55869,9982,24500,7.83062e-05,1.56976,0,0,1.56975,-0.0283352,0,0,-0.0282569,-0.770853,0,0,-0.770807,0.505283,0,0,0.505273,0.134604,0,0,0.1346,0.474274,0.000495534,0.00460515,0.474241
35,outward,7999862,55731,12139,27501,7.83062e-05,1.56976,0,0,1.56975,-0.0283352,0,0,-0.0282569,-0.770853,0,0,-0.770807,0.505283,0,0,0.505273,0.134604,0,0,0.1346,0.474278,0.000533083,0.00478181,0.474223
36,outward,8001427,57158,11917,26268,7.83062e-05,1.56976,0,0,1.56975,-0.0283352,0,0,-0.0282569,-0.770853,0,0,-0.770807,0.505283,0,0,0.505273,0.134604,0,0,0.1346,0.474283,0.000572037,0.00495632,0.474223
37,outward,8000723,57881,17379,29407,7.83062e-05,1.56976,0,0,1.56975,-0.0283352,0,0,-0.0282569,-0.770853,0,0,-0.770807,0.505283,0,0,0.505273,0.134604,0,0,0.1346,0.474288,0.000612378,0.0051284,0.474241
38,outward,7998761,56642,17593,29648,7.83062e-05,1.56976,0,0,1.56975,-0.0283352,0,0,-0.0282569,-0.770853,0,0,-0.770807,0.505283,0,0,0.505273,0.134604,0,0,0.1346,0.474293,0.000654084,0.00529779,0.474223
39,outward,7999500,56142,18009,27120,7.83062e-05,1.56976,0,0,1.56975,-0.0283352,0,0,-0.0282569,-0.770853,0,0,-0.770807,0.505283,0,0,0.505273,0.134604,0,0,0.1346,0.474298,0.000697134,0.00546423,0.474241
40,outward,8001742,57884,15509,27944,7.83062e-05,1.56976,0,0,1.56975,-0.0283352,0,0,-0.0282569,-0.770853,0,0,-0.770807,0.505283,0,0,0.505273,0.134604,0,0,0.1346,0.474304,0.000741504,0.00562748,0.474241
41,outward,7997946,55830,11426,25805,7.83062e-05,1.56976,0,0,1.56975,-0.0283352,0,0,-0.0282569,-0.770853,0,0,-0.770807,0.505283,0,0,0.505273,0.134604,0,0,0.1346,0.47431,0.000787165,0.0057873,0.474241
42,outward,8000260,56090,17046,27408,7.83062e-05,1.56976,0,0,1.56975,-0.0283352,0,0,-0.0282569,-0.770853,0,0,-0.770807,0.505283,0,0,0.505273,0.134604,0,0,0.1346,0.474316,0.000834091,0.00594347,0.474241
43,outward,7999835,55925,13723,27102,7.83062e-05,1.56976,0,0,1.56975,-0.0283352,0,0,-0.0282569,-0.770853,0,0,-0.770807,0.505283,0,0,0.505273,0.134604,0,0,0.1346,0.474323,0.00088225,0.00609576,0.474241
44,outward,8000825,56750,14732,33028,8.23831e-05,1.56976,0,0,1.56975,-0.0283352,0,0,-0.0282569,-0.770853,0,0,-0.770807,0.505283,0,0,0.505273,0.134604,0,0,0.1346,0.47433,0.000931612,0.00624398,0.474241
45,outward,7999223,55973,9825,47703,8.96378e-05,1.56976,0,0,1.56975,-0.0283352,0,0,-0.0282569,-0.770853,0,0,-0.770807,0.505283,0,0,0.505273,0.134604,0,0,0.1346,0.474338,0.000982142,0.00638792,0.474241
46,outward,8002603,58576,13704,26704,9.72921e-05,1.56976,0,0,1.56975,-0.0283352,0,0,-0.0282569,-0.770853,0,0,-0.770807,0.505283,0,0,0.505273,0.134604,0,0,0.1346,0.474346,0.00103381,0.00652739,0.474241
47,outward,8001825,60401,14546,29991,0.000105355,1.56976,0,0,1.56975,-0.0283352,0,0,-0.0282569,-0.770853,0,0,-0.770807,0.505283,0,0,0.505273,0.134604,0,0,0.1346,0.474355,0.00108657,0.00666222,0.474241
48,outward,8003955,64356,16620,32463,0.000113836,1.56976,0,0,1.56975,-0.0283352,0,0,-0.0282569,-0.770853,0,0,-0.770807,0.505283,0,0,0.505273,0.134604,0,0,0.1346,0.474364,0.00114039,0.00679223,0.474241
49,outward,7995778,60134,17973,46483,0.000122743,1.56976,0,0,1.56975,-0.0283352,0,0,-0.0282569,-0.770853,0,0,-0.770807,0.505283,0,0,0.505273,0.134604,0,0,0.1346,0.474373,0.00119523,0.00691727,0.474241
50,outward,7999650,59784,19481,38926,0.000132085,1.56976,0,0,1.56975,-0.0283352,0,0,-0.0282569,-0.770853,0,0,-0.770807,0.505283,0,0,0.505273,0.134604,0,0,0.1346,0.474383,0.00125105,0.00703717,0.474241
51,outward,7998918,58702,15658,41555,0.000141869,1.56976,0,0,1.56975,-0.0283352,0,0,-0.0282569,-0.770853,0,0,-0.770807,0.505283,0,0,0.505273,0.134604,0,0,0.1346,0.474393,0.00130781,0.00715179,0.474241
52,outward,8017547,76249,21685,49009,0.000117198,1.56976,0,0,1.56975,-0.0283352,0,0,-0.0282569,-0.770853,0,0,-0.770807,0.505283,0,0,0.505273,0.134604,0,0,0.1346,0.474404,0.00136547,0.007261,0.474276
53,outward,7982603,58852,22370,47575,7.83062e-05,1.56976,0,0,1.56975,-0.0283352,0,0,-0.0282569,-0.770853,0,0,-0.770807,0.505283,0,0,0.505273,0.134604,0,0,0.1346,0.474415,0.00142397,0.00736467,0.47445
54,outward,8002640,61492,22185,48398,0.000140205,1.56976,0,0,1.56975,-0.0283352,0,0,-0.0282569,-0.770853,0,0,-0.770807,0.505283,0,0,0.505273,0.134604,0,0,0.1346,0.474426,0.00148329,0.00746268,0.474555
55,outward,7999973,61465,21565,48213,0.000180937,1.56976,0,0,1.56975,-0.0283352,0,0,-0.0282569,-0.770853,0,0,-0.770807,0.505283,0,0,0.505273,0.134604,0,0,0.1346,0.474439,0.00154336,0.00755491,0.474607
56,outward,7997325,58790,22333,49000,0.000203737,1.56976,0,0,1.56975,-0.0283352,0,0,-0.0282569,-0.770853,0,0,-0.770807,0.505283,0,0,0.505273,0.134604,0,0,0.1346,0.474451,0.00160415,0.00764126,0.474642
57,outward,8000538,59328,23009,52111,0.000243508,1.56976,0,0,1.56975,-0.0283352,0,0,-0.0282569,-0.770853,0,0,-0.770807,0.505283,0,0,0.505273,0.134604,0,0,0.1346,0.474464,0.0016656,0.00772165,0.474695
58,outward,7999863,59191,21880,49148,0.000265336,1.56976,0,0,1.56975,-0.0283352,0,0,-0.0282569,-0.770853,0,0,-0.770807,0.505283,0,0,0.505273,0.134604,0,0,0.1346,0.474478,0.00172768,0.00779596,0.47473
59,outward,7999630,58821,22093,46676,0.000286669,1.56976,0,0,1.56975,-0.0283352,0,0,-0.0282569,-0.770853,0,0,-0.770807,0.505283,0,0,0.505273,0.134604,0,0,0.1346,0.474492,0.00179032,0.00786414,0.474764
60,outward,7999992,58813,22046,45297,0.000290051,1.56976,0,0,1.56975,-0.0283352,0,0,-0.0282569,-0.770853,0,0,-0.770807,0.505283,0,0,0.505273,0.134604,0,0,0.1346,0.474506,0.00185349,0.0079261,0.474782
61,outward,8000057,58870,23824,47083,0.000292929,1.56976,0,0,1.56975,-0.0283352,0,0,-0.0282569,-0.770853,0,0,-0.770807,0.505283,0,0,0.505273,0.134604,0,0,0.1346,0.474522,0.00191712,0.00798178,0.474799
62,outward,8000444,59314,21398,45816,0.000295301,1.56976,0,0,1.56975,-0.0283352,0,0,-0.0282569,-0.770853,0,0,-0.770807,0.505283,0,0,0.505273,0.134604,0,0,0.1346,0.474537,0.00198118,0.00803112,0.474817
63,outward,7999622,58936,22352,44232,0.000297161,1.56976,0,0,1.56975,-0.0283352,0,0,-0.0282569,-0.770853,0,0,-0.770807,0.505283,0,0,0.505273,0.134604,0,0,0.1346,0.474553,0.00204561,0.00807407,0.474834
64,outward,8003316,62252,21194,49944,0.000281054,1.56976,0,0,1.56975,-0.0283352,0,0,-0.0282569,-0.770853,0,0,-0.770807,0.505283,0,0,0.505273,0.134604,0,0,0.1346,0.47457,0.00211035,0.00811059,0.474834
65,outward,7996937,59189,22685,47926,0.000281884,1.56976,0,0,1.56975,-0.0283352,0,0,-0.0282569,-0.770853,0,0,-0.770807,0.505283,0,0,0.505273,0.134604,0,0,0.1346,0.474587,0.00217536,0.00814063,0.474852
66,outward,8001074,60263,22509,44750,0.000282194,1.56976,0,0,1.56975,-0.0283352,0,0,-0.0282569,-0.770853,0,0,-0.770807,0.505283,0,0,0.505273,0.134604,0,0,0.1346,0.474605,0.00224058,0.00816417,0.474869
67,outward,7998955,59218,21722,44297,0.000264531,1.56976,0,0,1.56975,-0.0283352,0,0,-0.0282569,-0.770853,0,0,-0.770807,0.505283,0,0,0.505273,0.134604,0,0,0.1346,0.474623,0.00230597,0.00818119,0.474869
68,outward,8002306,61524,22149,44639,0.000263798,1.56976,0,0,1.56975,-0.0283352,0,0,-0.0282569,-0.770853,0,0,-0.770807,0.505283,0,0,0.505273,0.134604,0,0,0.1346,0.474642,0.00237146,0.00819166,0.474887
69,outward,7994622,56146,9843,25268,0.000262541,1.56976,0,0,1.56975,-0.0283352,0,0,-0.0282569,-0.770853,0,0,-0.770807,0.505283,0,0,0.505273,0.134604,0,0,0.1346,0.474661,0.00243702,0.00819559,0.474904
70,outward,8000057,56203,9630,24138,0.000243308,1.56976,0,0,1.56975,-0.0283352,0,0,-0.0282569,-0.770853,0,0,-0.770807,0.505283,0,0,0.505273,0.134604,0,0,0.1346,0.474681,0.00250257,0.00819295,0.474904
71,outward,8000074,56277,9732,23268,0.000223549,1.56976,0,0,1.56975,-0.0283352,0,0,-0.0282569,-0.770853,0,0,-0.770807,0.505283,0,0,0.505273,0.134604,0,0,0.1346,0.474701,0.00256809,0.00818376,0.474904
72,outward,8009020,65297,9953,24630,0.000203266,1.56976,0,0,1.56975,-0.0283352,0,0,-0.0282569,-0.770853,0,0,-0.770807,0.505283,0,0,0.505273,0.134604,0,0,0.1346,0.474722,0.0026335,0.00816803,0.474904
73,outward,7990511,55808,10620,24704,0.00018246,1.56976,0,0,1.56975,-0.0283352,0,0,-0.0282569,-0.770853,0,0,-0.770807,0.505283,0,0,0.505273,0.134604,0,0,0.1346,0.474743,0.00269876,0.00814577,0.474904
74,outward,8000492,56300,9601,24194,0.000161131,1.56976,0,0,1.56975,-0.0283352,0,0,-0.0282569,-0.770853,0,0,-0.770807,0.505283,0,0,0.505273,0.134604,0,0,0.1346,0.474765,0.00276381,0.008117,0.474904
75,outward,7999648,55948,9722,25120,0.000156734,1.56976,0,0,1.56975,-0.0283352,0,0,-0.0282569,-0.770853,0,0,-0.770807,0.505283,0,0,0.505273,0.134604,0,0,0.1346,0.474787,0.00282861,0.00808175,0.474922
76,outward,8003502,59450,10389,24399,0.000134364,1.56976,0,0,1.56975,-0.0283352,0,0,-0.0282569,-0.770853,0,0,-0.770807,0.505283,0,0,0.505273,0.134604,0,0,0.1346,0.47481,0.0028931,0.00804004,0.474922
77,outward,7996815,56265,9695,24046,0.00012893,1.56976,0,0,1.56975,-0.0283352,0,0,-0.0282569,-0.770853,0,0,-0.770807,0.505283,0,0,0.505273,0.134604,0,0,0.1346,0.474833,0.00295724,0.00799193,0.474939
78,outward,7999658,55923,8879,24555,0.000105529,1.56976,0,0,1.56975,-0.0283352,0,0,-0.0282569,-0.770853,0,0,-0.770807,0.505283,0,0,0.505273,0.134604,0,0,0.1346,0.474857,0.00302096,0.00793744,0.474939
79,outward,7999983,55906,9565,23611,8.16155e-05,1.56976,0,0,1.56975,-0.0283352,0,0,-0.0282569,-0.770853,0,0,-0.770807,0.505283,0,0,0.505273,0.134604,0,0,0.1346,0.474882,0.00308422,0.00787664,0.474939
80,outward,8001178,57084,9648,24056,7.83062e-05,1.56976,0,0,1.56975,-0.0283352,0,0,-0.0282569,-0.770853,0,0,-0.770807,0.505283,0,0,0.505273,0.134604,0,0,0.1346,0.474907,0.00314697,0.00780957,0.474939
81,outward,7998778,55862,9732,24342,7.83062e-05,1.56976,0,0,1.56975,-0.0283352,0,0,-0.0282569,-0.770853,0,0,-0.770807,0.505283,0,0,0.505273,0.134604,0,0,0.1346,0.474932,0.00320915,0.00773629,0.474939
82,outward,8000288,56150,8407,24935,7.83062e-05,1.56976,0,0,1.56975,-0.0283352,0,0,-0.0282569,-0.770853,0,0,-0.770807,0.505283,0,0,0.505273,0.134604,0,0,0.1346,0.474958,0.00327073,0.00765687,0.474956
83,outward,7999863,56013,10250,25722,7.83062e-05,1.56976,0,0,1.56975,-0.0283352,0,0,-0.0282569,-0.770853,0,0,-0.770807,0.505283,0,0,0.505273,0.134604,0,0,0.1346,0.474984,0.00333165,0.00757138,0.474991
84,outward,7999926,55939,9630,24148,7.83062e-05,1.56976,0,0,1.56975,-0.0283352,0,0,-0.0282569,-0.770853,0,0,-0.770807,0.505283,0,0,0.505273,0.134604,0,0,0.1346,0.475011,0.00339186,0.00747989,0.474991
85,outward,8000714,56653,9889,25518,7.83062e-05,1.56976,0,0,1.56975,-0.0283352,0,0,-0.0282569,-0.770853,0,0,-0.770807,0.505283,0,0,0.505273,0.134604,0,0,0.1346,0.475039,0.00345131,0.00738248,0.475026
86,outward,7999242,55895,8445,23092,7.83062e-05,1.56976,0,0,1.56975,-0.0283352,0,0,-0.0282569,-0.770853,0,0,-0.770807,0.505283,0,0,0.505273,0.134604,0,0,0.1346,0.475067,0.00350996,0.00727924,0.475026
87,outward,8000065,55960,9778,22899,7.83062e-05,1.56976,0,0,1.56975,-0.0283352,0,0,-0.0282569,-0.770853,0,0,-0.770807,0.505283,0,0,0.505273,0.134604,0,0,0.1346,0.475095,0.00356776,0.00717024,0.475044
88,outward,8001483,57443,9870,25630,7.83062e-05,1.56976,0,0,1.56975,-0.0283352,0,0,-0.0282569,-0.770853,0,0,-0.770807,0.505283,0,0,0.505273,0.134604,0,0,0.1346,0.475124,0.00362467,0.0070556,0.475061
89,outward,7998511,55954,9454,23564,7.83062e-05,1.56976,0,0,1.56975,-0.0283352,0,0,-0.0282569,-0.770853,0,0,-0.770807,0.505283,0,0,0.505273,0.134604,0,0,0.1346,0.475153,0.00368064,0.00693539,0.475079
90,outward,8000093,56047,10352,23361,7.83062e-05,1.56976,0,0,1.56975,-0.0283352,0,0,-0.0282569,-0.770853,0,0,-0.770807,0.505283,0,0,0.505273,0.134604,0,0,0.1346,0.475183,0.00373562,0.00680973,0.475096
91,outward,7999677,55724,10537,23528,8.64885e-05,1.56976,0,0,1.56975,-0.0283352,0,0,-0.0282569,-0.770853,0,0,-0.770807,0.505283,0,0,0.505273,0.134604,0,0,0.1346,0.475213,0.00378958,0.00667871,0.475096
92,outward,8002057,57781,9750,24426,8.16834e-05,1.56976,0,0,1.56975,-0.0283352,0,0,-0.0282569,-0.770853,0,0,-0.770807,0.505283,0,0,0.505273,0.134604,0,0,0.1346,0.475243,0.00384247,0.00654245,0.475131
93,outward,7997992,55773,9907,24139,9.47591e-05,1.56976,0,0,1.56975,-0.0283352,0,0,-0.0282569,-0.770853,0,0,-0.770807,0.505283,0,0,0.505273,0.134604,0,0,0.1346,0.475274,0.00389424,0.00640106,0.475148
94,outward,8000658,56431,10259,26342,9.08001e-05,1.56976,0,0,1.56975,-0.0283352,0,0,-0.0282569,-0.770853,0,0,-0.770807,0.505283,0,0,0.505273,0.134604,0,0,0.1346,0.475305,0.00394487,0.00625465,0.475183
95,outward,8000853,57284,10055,27343,0.000104704,1.56976,0,0,1.56975,-0.0283352,0,0,-0.0282569,-0.770853,0,0,-0.770807,0.505283,0,0,0.505273,0.134604,0,0,0.1346,0.475337,0.00399431,0.00610335,0.475201
96,outward,8008435,65719,10639,26085,0.000119008,1.56976,0,0,1.56975,-0.0283352,0,0,-0.0282569,-0.770853,0,0,-0.770807,0.505283,0,0,0.505273,0.134604,0,0,0.1346,0.475369,0.00404251,0.00594728,0.475218
97,outward,7990251,55970,10583,25204,0.000133703,1.56976,0,0,1.56975,-0.0283352,0,0,-0.0282569,-0.770853,0,0,-0.770807,0.505283,0,0,0.505273,0.134604,0,0,0.1346,0.475402,0.00408945,0.00578657,0.475236
98,outward,7999658,55628,10111,24287,0.000131325,1.56976,0,0,1.56975,-0.0283352,0,0,-0.0282569,-0.770853,0,0,-0.770807,0.505283,0,0,0.505273,0.134604,0,0,0.1346,0.475435,0.00413508,0.00562134,0.475271
99,outward,8001640,57268,10416,24880,0.000146771,1.56976,0,0,1.56975,-0.0283352,0,0,-0.0282569,-0.770853,0,0,-0.770807,0.505283,0,0,0.505273,0.134604,0,0,0.1346,0.475468,0.00417938,0.00545173,0.475288
100,outward,8006296,63564,18055,39103,0.000145123,1.56976,0,0,1.56975,-0.0283352,0,0,-0.0282569,-0.770853,0,0,-0.770807,0.505283,0,0,0.505273,0.134604,0,0,0.1346,0.475502,0.0042223,0.00527788,0.475323
101,outward,7994335,57899,17732,39278,0.000161277,1.56976,0,0,1.56975,-0.0283352,0,0,-0.0282569,-0.770853,0,0,-0.770807,0.505283,0,0,0.505273,0.134604,0,0,0.1346,0.475536,0.00426381,0.00509992,0.47534
102,outward,7999742,57641,17602,38537,0.000160316,1.56976,0,0,1.56975,-0.0283352,0,0,-0.0282569,-0.770853,0,0,-0.770807,0.505283,0,0,0.505273,0.134604,0,0,0.1346,0.47557,0.00430389,0.004918,0.475375
103,outward,8000555,58196,17537,38935,0.000159681,1.56976,0,0,1.56975,-0.0283352,0,0,-0.0282569,-0.770853,0,0,-0.770807,0.505283,0,0,0.505273,0.134604,0,0,0.1346,0.475604,0.00434249,0.00473226,0.47541
104,outward,8007668,65864,21027,48268,0.000176815,1.56976,0,0,1.56975,-0.0283352,0,0,-0.0282569,-0.770853,0,0,-0.770807,0.505283,0,0,0.505273,0.134604,0,0,0.1346,0.475639,0.00437959,0.00454285,0.475428
105,outward,7993593,59457,21380,46861,0.000176797,1.56976,0,0,1.56975,-0.0283352,0,0,-0.0282569,-0.770853,0,0,-0.770807,0.505283,0,0,0.505273,0.134604,0,0,0.1346,0.475675,0.00441517,0.00434992,0.475463
106,outward,7999093,58550,20806,45750,0.000194524,1.56976,0,0,1.56975,-0.0283352,0,0,-0.0282569,-0.770853,0,0,-0.770807,0.505283,0,0,0.505273,0.134604,0,0,0.1346,0.47571,0.00444918,0.00415362,0.47548
107,outward,8002769,61319,20926,45555,0.000195076,1.56976,0,0,1.56975,-0.0283352,0,0,-0.0282569,-0.770853,0,0,-0.770807,0.505283,0,0,0.505273,0.134604,0,0,0.1346,0.475746,0.00448162,0.00395411,0.475515
108,outward,7997492,58811,22056,45833,0.000213347,1.56976,0,0,1.56975,-0.0283352,0,0,-0.0282569,-0.770853,0,0,-0.770807,0.505283,0,0,0.505273,0.134604,0,0,0.1346,0.475782,0.00451244,0.00375154,0.475532
109,outward,8000472,59283,21509,47964,0.000214418,1.56976,0,0,1.56975,-0.0283352,0,0,-0.0282569,-0.770853,0,0,-0.770807,0.505283,0,0,0.505273,0.134604,0,0,0.1346,0.475818,0.00454163,0.00354607,0.475567
110,outward,7999363,58646,21575,46731,0.000215729,1.56976,0,0,1.56975,-0.0283352,0,0,-0.0282569,-0.770853,0,0,-0.770807,0.505283,0,0,0.505273,0.134604,0,0,0.1346,0.475854,0.00456917,0.00333787,0.475602
111,outward,7999862,58508,20722,43732,0.000217266,1.56976,0,0,1.56975,-0.0283352,0,0,-0.0282569,-0.770853,0,0,-0.770807,0.505283,0,0,0.505273,0.134604,0,0,0.1346,0.475891,0.00459503,0.00312709,0.475637
112,outward,8001972,60480,21296,47852,0.000236471,1.56976,0,0,1.56975,-0.0283352,0,0,-0.0282569,-0.770853,0,0,-0.770807,0.505283,0,0,0.505273,0.134604,0,0,0.1346,0.475928,0.0046192,0.0029139,0.475655
113,outward,7998482,58962,22149,46287,0.000238423,1.56976,0,0,1.56975,-0.0283352,0,0,-0.0282569,-0.770853,0,0,-0.770807,0.505283,0,0,0.505273,0.134604,0,0,0.1346,0.475965,0.00464165,0.00269846,0.475689
114,outward,7999659,58621,20500,50083,0.000258014,1.56976,0,0,1.56975,-0.0283352,0,0,-0.0282569,-0.770853,0,0,-0.770807,0.505283,0,0,0.505273,0.134604,0,0,0.1346,0.476002,0.00466237,0.00248094,0.475707
115,outward,8002370,60991,20019,42620,0.000260324,1.56976,0,0,1.56975,-0.0283352,0,0,-0.0282569,-0.770853,0,0,-0.770807,0.505283,0,0,0.505273,0.134604,0,0,0.1346,0.47604,0.00468134,0.00226152,0.475742
116,outward,7999372,60363,21565,46574,0.000262794,1.56976,0,0,1.56975,-0.0283352,0,0,-0.0282569,-0.770853,0,0,-0.770807,0.505283,0,0,0.505273,0.134604,0,0,0.1346,0.476077,0.00469855,0.00204035,0.475777
117,outward,7998871,59234,21583,44305,0.000265408,1.56976,0,0,1.56975,-0.0283352,0,0,-0.0282569,-0.770853,0,0,-0.770807,0.505283,0,0,0.505273,0.134604,0,0,0.1346,0.476115,0.00471398,0.00181761,0.475812
118,outward,7999583,58817,22019,45779,0.000285606,1.56976,0,0,1.56975,-0.0283352,0,0,-0.0282569,-0.770853,0,0,-0.770807,0.505283,0,0,0.505273,0.134604,0,0,0.1346,0.476152,0.00472763,0.00159348,0.475829
119,outward,7996048,54865,9833,26564,0.000271014,1.56976,0,0,1.56975,-0.0283352,0,0,-0.0282569,-0.770853,0,0,-0.770807,0.505283,0,0,0.505273,0.134604,0,0,0.1346,0.47619,0.00473947,0.00136812,0.475881
120,outward,8001991,56856,9481,24509,0.00029143,1.56976,0,0,1.56975,-0.0283352,0,0,-0.0282569,-0.770853,0,0,-0.770807,0.505283,0,0,0.505273,0.134604,0,0,0.1346,0.476228,0.00474951,0.00114171,0.475899
121,outward,7999214,56070,10056,25500,0.000294481,1.56976,0,0,1.56975,-0.0283352,0,0,-0.0282569,-0.770853,0,0,-0.770807,0.505283,0,0,0.505273,0.134604,0,0,0.1346,0.476266,0.00475774,0.000914422,0.475934
122,outward,7999741,55811,9741,25278,0.000280151,1.56976,0,0,1.56975,-0.0283352,0,0,-0.0282569,-0.770853,0,0,-0.770807,0.505283,0,0,0.505273,0.134604,0,0,0.1346,0.476304,0.00476414,0.000686432,0.475986
123,outward,8000436,56247,9213,25037,0.000300786,1.56976,0,0,1.56975,-0.0283352,0,0,-0.0282569,-0.770853,0,0,-0.770807,0.505283,0,0,0.505273,0.134604,0,0,0.1346,0.476343,0.00476872,0.000457914,0.476004
124,outward,8000408,56655,10176,23723,0.000304013,1.56976,0,0,1.56975,-0.0283352,0,0,-0.0282569,-0.770853,0,0,-0.770807,0.505283,0,0,0.505273,0.134604,0,0,0.1346,0.476381,0.00477147,0.000229045,0.476039
125,outward,7999214,55869,10389,24093,0.000324721,1.56976,0,0,1.56975,-0.0283352,0,0,-0.0282569,-0.770853,0,0,-0.770807,0.505283,0,0,0.505273,0.134604,0,0,0.1346,0.476419,0.00477238,0,0.476056
126,outward,8000195,56064,9833,22750,0.000327991,1.56976,0,0,1.56975,-0.0283352,0,0,-0.0282569,-0.770853,0,0,-0.770807,0.505283,0,0,0.505273,0.134604,0,0,0.1346,0.476457,0.00477147,-0.000229045,0.476091
127,outward,7999956,56020,9352,23713,0.000331261,1.56976,0,0,1.56975,-0.0283352,0,0,-0.0282569,-0.770853,0,0,-0.770807,0.505283,0,0,0.505273,0.134604,0,0,0.1346,0.476495,0.00476872,-0.000457914,0.476126
128,outward,8000935,56955,9454,20769,0.000317063,1.56976,0,0,1.56975,-0.0283352,0,0,-0.0282569,-0.770853,0,0,-0.770807,0.505283,0,0,0.505273,0.134604,0,0,0.1346,0.476533,0.00476414,-0.000686432,0.476178
129,outward,7999724,56679,9972,23389,0.00032029,1.56976,0,0,1.56975,-0.0283352,0,0,-0.0282569,-0.770853,0,0,-0.770807,0.505283,0,0,0.505273,0.134604,0,0,0.1346,0.476571,0.00475774,-0.000914422,0.476213
130,outward,7999177,55856,9825,22760,0.000340925,1.56976,0,0,1.56975,-0.0283352,0,0,-0.0282569,-0.770853,0,0,-0.770807,0.505283,0,0,0.505273,0.134604,0,0,0.1346,0.476609,0.00474951,-0.00114171,0.476231
131,outward,8003222,59078,9315,22768,0.000344049,1.56976,0,0,1.56975,-0.0283352,0,0,-0.0282569,-0.770853,0,0,-0.770807,0.505283,0,0,0.505273,0.134604,0,0,0.1346,0.476647,0.00473947,-0.00136812,0.476265
132,outward,7996993,56071,8805,23565,0.000364552,1.56976,0,0,1.56975,-0.0283352,0,0,-0.0282569,-0.770853,0,0,-0.770807,0.505283,0,0,0.505273,0.134604,0,0,0.1346,0.476685,0.00472763,-0.00159348,0.476283
133,outward,8000899,56970,9935,23306,0.000350062,1.56976,0,0,1.56975,-0.0283352,0,0,-0.0282569,-0.770853,0,0,-0.770807,0.505283,0,0,0.505273,0.134604,0,0,0.1346,0.476723,0.00471398,-0.00181761,0.476335
134,outward,7999019,55989,9760,24168,0.000352923,1.56976,0,0,1.56975,-0.0283352,0,0,-0.0282569,-0.770853,0,0,-0.770807,0.505283,0,0,0.505273,0.134604,0,0,0.1346,0.476761,0.00469855,-0.00204035,0.47637
135,outward,8000085,56074,9704,25990,0.000355668,1.56976,0,0,1.56975,-0.0283352,0,0,-0.0282569,-0.770853,0,0,-0.770807,0.505283,0,0,0.505273,0.134604,0,0,0.1346,0.476798,0.00468134,-0.00226152,0.476405
136,outward,7999695,55769,8843,23500,0.000358282,1.56976,0,0,1.56975,-0.0283352,0,0,-0.0282569,-0.770853,0,0,-0.770807,0.505283,0,0,0.505273,0.134604,0,0,0.1346,0.476836,0.00466237,-0.00248094,0.47644
137,outward,8000001,55770,9889,26769,0.000360752,1.56976,0,0,1.56975,-0.0283352,0,0,-0.0282569,-0.770853,0,0,-0.770807,0.505283,0,0,0.505273,0.134604,0,0,0.1346,0.476873,0.00464165,-0.00269846,0.476475
138,outward,7999695,55465,9981,24935,0.000363062,1.56976,0,0,1.56975,-0.0283352,0,0,-0.0282569,-0.770853,0,0,-0.770807,0.505283,0,0,0.505273,0.134604,0,0,0.1346,0.47691,0.0046192,-0.0029139,0.47651
139,outward,8000567,56032,10296,24064,0.000347747,1.56976,0,0,1.56975,-0.0283352,0,0,-0.0282569,-0.770853,0,0,-0.770807,0.505283,0,0,0.505273,0.134604,0,0,0.1346,0.476947,0.00459503,-0.00312709,0.476562
140,outward,8000751,56783,9481,23102,0.000367152,1.56976,0,0,1.56975,-0.0283352,0,0,-0.0282569,-0.770853,0,0,-0.770807,0.505283,0,0,0.505273,0.134604,0,0,0.1346,0.476983,0.00456917,-0.00333787,0.47658
141,outward,8000148,56931,9444,25167,0.000368903,1.56976,0,0,1.56975,-0.0283352,0,0,-0.0282569,-0.770853,0,0,-0.770807,0.505283,0,0,0.505273,0.134604,0,0,0.1346,0.47702,0.00454163,-0.00354607,0.476615
142,outward,7999067,55998,9250,26084,0.000387894,1.56976,0,0,1.56975,-0.0283352,0,0,-0.0282569,-0.770853,0,0,-0.770807,0.505283,0,0,0.505273,0.134604,0,0,0.1346,0.477056,0.00451244,-0.00375154,0.476632
143,outward,7999528,55526,9778,23371,0.000389205,1.56976,0,0,1.56975,-0.0283352,0,0,-0.0282569,-0.770853,0,0,-0.770807,0.505283,0,0,0.505273,0.134604,0,0,0.1346,0.477092,0.00448162,-0.00395411,0.476667
144,outward,8000510,56036,8500,25112,0.000390276,1.56976,0,0,1.56975,-0.0283352,0,0,-0.0282569,-0.770853,0,0,-0.770807,0.505283,0,0,0.505273,0.134604,0,0,0.1346,0.477128,0.00444918,-0.00415362,0.476702
145,outward,8001409,57445,8593,35084,0.00037364,1.56976,0,0,1.56975,-0.0283352,0,0,-0.0282569,-0.770853,0,0,-0.770807,0.505283,0,0,0.505273,0.134604,0,0,0.1346,0.477163,0.00441517,-0.00434992,0.476754
146,outward,7999917,57362,10548,28232,0.000374192,1.56976,0,0,1.56975,-0.0283352,0,0,-0.0282569,-0.770853,0,0,-0.770807,0.505283,0,0,0.505273,0.134604,0,0,0.1346,0.477198,0.00437959,-0.00454285,0.476789
147,outward,7998057,55419,9324,47816,0.000374465,1.56976,0,0,1.56975,-0.0283352,0,0,-0.0282569,-0.770853,0,0,-0.770807,0.505283,0,0,0.505273,0.134604,0,0,0.1346,0.477233,0.00434249,-0.00473226,0.476824
148,outward,8000251,55670,10555,26185,0.000374448,1.56976,0,0,1.56975,-0.0283352,0,0,-0.0282569,-0.770853,0,0,-0.770807,0.505283,0,0,0.505273,0.134604,0,0,0.1346,0.477268,0.00430389,-0.004918,0.476859
149,outward,8006594,62264,15519,35630,0.000374128,1.56976,0,0,1.56975,-0.0283352,0,0,-0.0282569,-0.770853,0,0,-0.770807,0.505283,0,0,0.505273,0.134604,0,0,0.1346,0.477302,0.00426381,-0.00509992,0.476894
150,outward,7994473,56737,15454,34657,0.000390947,1.56976,0,0,1.56975,-0.0283352,0,0,-0.0282569,-0.770853,0,0,-0.770807,0.505283,0,0,0.505273,0.134604,0,0,0.1346,0.477336,0.0042223,-0.00527788,0.476911
151,outward,8000316,57053,15232,37898,0.000389985,1.56976,0,0,1.56975,-0.0283352,0,0,-0.0282569,-0.770853,0,0,-0.770807,0.505283,0,0,0.505273,0.134604,0,0,0.1346,0.47737,0.00417938,-0.00545173,0.476946
152,outward,8000093,57146,15454,40473,0.000388686,1.56976,0,0,1.56975,-0.0283352,0,0,-0.0282569,-0.770853,0,0,-0.770807,0.505283,0,0,0.505273,0.134604,0,0,0.1346,0.477403,0.00413508,-0.00562134,0.476981
153,outward,8001048,58194,16046,34370,0.000387039,1.56976,0,0,1.56975,-0.0283352,0,0,-0.0282569,-0.770853,0,0,-0.770807,0.505283,0,0,0.505273,0.134604,0,0,0.1346,0.477436,0.00408945,-0.00578657,0.477016
154,outward,8005769,63963,21120,45519,0.000385031,1.56976,0,0,1.56975,-0.0283352,0,0,-0.0282569,-0.770853,0,0,-0.770807,0.505283,0,0,0.505273,0.134604,0,0,0.1346,0.477468,0.00404251,-0.00594728,0.477051
155,outward,7994455,58418,21935,45685,0.000382653,1.56976,0,0,1.56975,-0.0283352,0,0,-0.0282569,-0.770853,0,0,-0.770807,0.505283,0,0,0.505273,0.134604,0,0,0.1346,0.477501,0.00399431,-0.00610335,0.477086
156,outward,8000260,58678,21519,47945,0.000379895,1.56976,0,0,1.56975,-0.0283352,0,0,-0.0282569,-0.770853,0,0,-0.770807,0.505283,0,0,0.505273,0.134604,0,0,0.1346,0.477532,0.00394487,-0.00625465,0.477121
157,outward,8001325,60003,22231,43389,0.000376746,1.56976,0,0,1.56975,-0.0283352,0,0,-0.0282569,-0.770853,0,0,-0.770807,0.505283,0,0,0.505273,0.134604,0,0,0.1346,0.477564,0.00389424,-0.00640106,0.477156
158,outward,8000446,60449,22055,45324,0.000373196,1.56976,0,0,1.56975,-0.0283352,0,0,-0.0282743,-0.770853,0,0,-0.770807,0.505283,0,0,0.505273,0.134604,0,0,0.1346,0.477595,0.00384247,-0.00654245,0.47719
159,outward,7999371,59820,21435,47157,0.000369237,1.56976,0,0,1.56975,-0.0283352,0,0,-0.0282743,-0.770853,0,0,-0.770807,0.505283,0,0,0.505273,0.134604,0,0,0.1346,0.477625,0.00378958,-0.00667871,0.477225
160,outward,8000159,59979,21788,44361,0.000382313,1.56976,0,0,1.56975,-0.0283352,0,0,-0.0282743,-0.770853,0,0,-0.770807,0.505283,0,0,0.505273,0.134604,0,0,0.1346,0.477655,0.00373562,-0.00680973,0.477243
161,outward,7998770,58749,21065,46843,0.000377508,1.56976,0,0,1.56975,-0.0283352,0,0,-0.0282743,-0.770853,0,0,-0.770807,0.505283,0,0,0.505273,0.134604,0,0,0.1346,0.477685,0.00368064,-0.00693539,0.477278
162,outward,8001529,60278,21417,43926,0.000372267,1.56976,0,0,1.56975,-0.0283352,0,0,-0.0282743,-0.770853,0,0,-0.770807,0.505283,0,0,0.505273,0.134604,0,0,0.1346,0.477714,0.00362467,-0.0070556,0.477313
163,outward,7999426,59704,20167,44483,0.000366582,1.56976,0,0,1.56977,-0.0283352,0,0,-0.0282743,-0.770853,0,0,-0.770807,0.505283,0,0,0.505273,0.134604,0,0,0.1346,0.477743,0.00356776,-0.00717024,0.477348
164,outward,7998816,58520,21120,46481,0.000360446,1.56976,0,0,1.56975,-0.0283352,0,0,-0.0282743,-0.770853,0,0,-0.770807,0.505283,0,0,0.505273,0.134604,0,0,0.1346,0.477771,0.00350996,-0.00727924,0.477382
165,outward,8000659,59179,20435,44527,0.000353851,1.56976,0,0,1.56975,-0.0283352,0,0,-0.0282743,-0.770853,0,0,-0.770807,0.505283,0,0,0.505273,0.134604,0,0,0.1346,0.477799,0.00345131,-0.00738248,0.477417
166,outward,8001343,60522,21417,46916,0.00034679,1.56976,0,0,1.56975,-0.0283352,0,0,-0.0282743,-0.770853,0,0,-0.770807,0.505283,0,0,0.505273,0.134604,0,0,0.1346,0.477826,0.00339186,-0.00747989,0.477452
167,outward,8002066,62588,21407,47852,0.000339257,1.56976,0,0,1.56975,-0.0283352,0,0,-0.0282743,-0.770853,0,0,-0.770807,0.505283,0,0,0.505273,0.134604,0,0,0.1346,0.477853,0.00333165,-0.00757138,0.477487
168,outward,7996325,58913,21741,46861,0.000331244,1.56976,0,0,1.56975,-0.0283352,0,0,-0.0282743,-0.770853,0,0,-0.770807,0.505283,0,0,0.505273,0.134604,0,0,0.1346,0.47788,0.00327073,-0.00765687,0.477522
169,outward,7999695,58608,20529,46658,0.000340201,1.56976,0,0,1.56975,-0.0283352,0,0,-0.0282743,-0.770853,0,0,-0.770807,0.505283,0,0,0.505273,0.134604,0,0,0.1346,0.477906,0.00320915,-0.00773629,0.47754
170,outward,8001502,60110,9833,24509,0.000331214,1.56976,0,0,1.56975,-0.0283352,0,0,-0.0282743,-0.770853,0,0,-0.770807,0.505283,0,0,0.505273,0.134604,0,0,0.1346,0.477931,0.00314697,-0.00780957,0.477574
171,outward,7995862,55972,9871,25445,0.000339186,1.56976,0,0,1.56975,-0.0283352,0,0,-0.0282743,-0.770853,0,0,-0.770807,0.505283,0,0,0.505273,0.134604,0,0,0.1346,0.477956,0.00308422,-0.00787664,0.477592
172,outward,8000232,56204,9741,24593,0.000329205,1.56976,0,0,1.56975,-0.0283352,0,0,-0.0282743,-0.770853,0,0,-0.770807,0.505283,0,0,0.505273,0.134604,0,0,0.1346,0.47798,0.00302096,-0.00793744,0.477627
173,outward,7999492,55696,8935,22167,0.000318719,1.56976,0,0,1.56975,-0.0283352,0,0,-0.0282743,-0.770853,0,0,-0.770807,0.505283,0,0,0.505273,0.134604,0,0,0.1346,0.478004,0.00295724,-0.00799193,0.477662
174,outward,8003991,59687,10315,24046,0.000307725,1.56976,0,0,1.56975,-0.0283352,0,0,-0.0282743,-0.770853,0,0,-0.770807,0.505283,0,0,0.505273,0.134604,0,0,0.1346,0.478028,0.0028931,-0.00804004,0.477697
175,outward,7999659,59346,9787,23231,0.00029622,1.56976,0,0,1.56975,-0.0283352,0,0,-0.0282743,-0.770853,0,0,-0.770807,0.505283,0,0,0.505273,0.134604,0,0,0.1346,0.478051,0.00282861,-0.00808175,0.477732
176,outward,8004148,63494,9584,22695,0.000301654,1.56976,0,0,1.56975,-0.0283352,0,0,-0.0282743,-0.770853,0,0,-0.770807,0.505283,0,0,0.505273,0.134604,0,0,0.1346,0.478073,0.00276381,-0.008117,0.477749
177,outward,7991945,55439,9139,25482,0.000289118,1.56976,0,0,1.56975,-0.0283352,0,0,-0.0282743,-0.770853,0,0,-0.770807,0.505283,0,0,0.505273,0.134604,0,0,0.1346,0.478095,0.00269876,-0.00814577,0.477784
178,outward,8000454,55893,9685,25048,0.000276061,1.56976,0,0,1.56975,-0.0283352,0,0,-0.0282743,-0.770853,0,0,-0.770807,0.505283,0,0,0.505273,0.134604,0,0,0.1346,0.478116,0.0026335,-0.00816803,0.477819
179,outward,8000001,55894,10028,22945,0.000279937,1.56976,0,0,1.56977,-0.0283352,0,0,-0.0282743,-0.770853,0,0,-0.770807,0.505283,0,0,0.505273,0.134604,0,0,0.1346,0.478137,0.00256809,-0.00818376,0.477836
180,outward,8001038,56932,9259,24648,0.00028329,1.56976,0,0,1.56975,-0.0283352,0,0,-0.0282743,-0.770853,0,0,-0.770807,0.505283,0,0,0.505273,0.134604,0,0,0.1346,0.478157,0.00250257,-0.00819295,0.477854
181,outward,8001880,58812,11037,24945,0.000268666,1.56976,0,0,1.56975,-0.0283352,0,0,-0.0282743,-0.770853,0,0,-0.770807,0.505283,0,0,0.505273,0.134604,0,0,0.1346,0.478177,0.00243702,-0.00819559,0.477889
182,outward,7996843,55655,9259,23695,0.000270972,1.56976,0,0,1.56975,-0.0283352,0,0,-0.0282743,-0.770853,0,0,-0.770807,0.505283,0,0,0.505273,0.134604,0,0,0.1346,0.478196,0.00237146,-0.00819166,0.477906
183,outward,7999945,55600,10371,23659,0.000272752,1.56976,0,0,1.56975,-0.0283352,0,0,-0.0282743,-0.770853,0,0,-0.770807,0.505283,0,0,0.505273,0.134604,0,0,0.1346,0.478215,0.00230597,-0.00818119,0.477924
184,outward,8001019,56619,9777,25954,0.000256555,1.56976,0,0,1.56975,-0.0283352,0,0,-0.0282743,-0.770853,0,0,-0.770807,0.505283,0,0,0.505273,0.134604,0,0,0.1346,0.478233,0.00224058,-0.00816417,0.477958
185,outward,7999325,55944,9944,26787,0.000257288,1.56976,0,0,1.56975,-0.0283352,0,0,-0.0282743,-0.770853,0,0,-0.770807,0.505283,0,0,0.505273,0.134604,0,0,0.1346,0.478251,0.00217536,-0.00814063,0.477976
186,outward,7999676,55620,9231,23759,0.000240045,1.56976,0,0,1.56975,-0.0283352,0,0,-0.0282743,-0.770853,0,0,-0.770807,0.505283,0,0,0.505273,0.134604,0,0,0.1346,0.478268,0.00211035,-0.00811059,0.478011
187,outward,8002233,57853,9462,24056,0.000222281,1.56976,0,0,1.56975,-0.0283352,0,0,-0.0282743,-0.770853,0,0,-0.770807,0.505283,0,0,0.505273,0.134604,0,0,0.1346,0.478285,0.00204561,-0.00807407,0.478046
188,outward,7999066,56919,10250,24454,0.000221452,1.56976,0,0,1.56975,-0.0283352,0,0,-0.0282743,-0.770853,0,0,-0.770807,0.505283,0,0,0.505273,0.134604,0,0,0.1346,0.478301,0.00198118,-0.00803112,0.478063
189,outward,7998649,55568,11009,24843,0.000220105,1.56976,0,0,1.56975,-0.0283352,0,0,-0.0282743,-0.770853,0,0,-0.770807,0.505283,0,0,0.505273,0.134604,0,0,0.1346,0.478316,0.00191712,-0.00798178,0.478081
190,outward,7999954,55522,8158,23713,0.000200792,1.56976,0,0,1.56975,-0.0283352,0,0,-0.0282743,-0.770853,0,0,-0.770807,0.505283,0,0,0.505273,0.134604,0,0,0.1346,0.478331,0.00185349,-0.0079261,0.478115
191,outward,8000417,55939,10333,23592,0.00019842,1.56976,0,0,1.56975,-0.0283352,0,0,-0.0282743,-0.770853,0,0,-0.770825,0.505283,0,0,0.505273,0.134604,0,0,0.1346,0.478346,0.00179032,-0.00786414,0.478133
192,outward,8000769,56708,9935,22992,0.000178089,1.56976,0,0,1.56975,-0.0283352,0,0,-0.0282743,-0.770853,0,0,-0.770807,0.505283,0,0,0.505273,0.134604,0,0,0.1346,0.47836,0.00172768,-0.00779596,0.478168
193,outward,7999288,55996,10176,25426,0.00019216,1.56976,0,0,1.56975,-0.0283352,0,0,-0.0282743,-0.770853,0,0,-0.770807,0.505283,0,0,0.505273,0.134604,0,0,0.1346,0.478374,0.0016656,-0.00772165,0.478168
194,outward,8000445,56441,9083,23472,0.000170827,1.56976,0,0,1.56975,-0.0283352,0,0,-0.0282743,-0.770853,0,0,-0.770825,0.505283,0,0,0.505273,0.134604,0,0,0.1346,0.478387,0.00160415,-0.00764126,0.478203
195,outward,8001611,58052,9583,25121,0.000148999,1.56976,0,0,1.56975,-0.0283352,0,0,-0.0282743,-0.770853,0,0,-0.770825,0.505283,0,0,0.505273,0.134604,0,0,0.1346,0.478399,0.00154336,-0.00755491,0.478238
196,outward,8002853,60905,9713,28528,0.000161588,1.56976,0,0,1.56975,-0.0283352,0,0,-0.0282743,-0.770853,0,0,-0.770825,0.505283,0,0,0.505273,0.134604,0,0,0.1346,0.478411,0.00148329,-0.00746268,0.478238
197,outward,7994658,55563,10250,28315,0.000138788,1.56976,0,0,1.56975,-0.0283352,0,0,-0.0282743,-0.770853,0,0,-0.770825,0.505283,0,0,0.505273,0.134604,0,0,0.1346,0.478423,0.00142397,-0.00736467,0.478273
198,outward,8007945,63508,13639,31232,0.000150416,1.56976,0,0,1.56975,-0.0283352,0,0,-0.0282743,-0.770853,0,0,-0.770825,0.505283,0,0,0.505273,0.134604,0,0,0.1346,0.478434,0.00136547,-0.007261,0.478273
199,outward,7993223,56731,13712,31379,0.00014412,1.56976,0,0,1.56975,-0.0283352,0,0,-0.0282743,-0.770853,0,0,-0.770825,0.505283,0,0,0.505273,0.134604,0,0,0.1346,0.478445,0.00130781,-0.00715179,0.47829
200,outward,7999658,56389,12666,29694,0.000137359,1.56976,0,0,1.56977,-0.0283352,0,0,-0.0282743,-0.770853,0,0,-0.770825,0.505283,0,0,0.505273,0.134604,0,0,0.1346,0.478455,0.00125105,-0.00703717,0.478307
201,outward,8000649,57038,12889,30240,0.000130141,1.56976,0,0,1.56975,-0.0283352,0,0,-0.0282743,-0.770853,0,0,-0.770825,0.505283,0,0,0.505273,0.134604,0,0,0.1346,0.478465,0.00119523,-0.00691727,0.478325
202,outward,8007742,64780,21167,44685,0.000122472,1.56976,0,0,1.56975,-0.0283352,0,0,-0.0282743,-0.770853,0,0,-0.770825,0.505283,0,0,0.505273,0.134604,0,0,0.1346,0.478474,0.00114039,-0.00679223,0.478342
203,outward,7994083,58863,20972,46575,0.000131814,1.56976,0,0,1.56975,-0.0283352,0,0,-0.0282743,-0.770853,0,0,-0.770825,0.505283,0,0,0.505273,0.134604,0,0,0.1346,0.478483,0.00108657,-0.00666222,0.478342
204,outward,7999742,58605,22120,44935,0.000123268,1.56976,0,0,1.56975,-0.0283352,0,0,-0.0282743,-0.770853,0,0,-0.770825,0.505283,0,0,0.505273,0.134604,0,0,0.1346,0.478492,0.00103381,-0.00652739,0.47836
205,outward,8007538,66143,35454,67435,9.68418e-05,1.56976,0,0,1.56975,-0.0283352,0,0,-0.0282743,-0.770853,0,0,-0.770825,0.505283,0,0,0.505273,0.134604,0,0,0.1346,0.4785,0.000982142,-0.00638792,0.478395
206,outward,7996417,62560,23288,49250,0.000104905,1.56976,0,0,1.56975,-0.0283352,0,0,-0.0282743,-0.770853,0,0,-0.770825,0.505283,0,0,0.505273,0.134604,0,0,0.1346,0.478507,0.000931612,-0.00624398,0.478395
207,outward,7996437,58997,20972,47426,9.51059e-05,1.56976,0,0,1.56975,-0.0283352,0,0,-0.0282743,-0.770853,0,0,-0.770825,0.505283,0,0,0.505273,0.134604,0,0,0.1346,0.478515,0.00088225,-0.00609576,0.478412
208,outward,8000659,59656,21121,51204,0.000102361,1.56976,0,0,1.56975,-0.0283352,0,0,-0.0282743,-0.770853,0,0,-0.770825,0.505283,0,0,0.505273,0.134604,0,0,0.1346,0.478521,0.000834091,-0.00594347,0.478412
209,outward,7999046,58702,21204,44946,9.17718e-05,1.56976,0,0,1.56975,-0.0283352,0,0,-0.0282743,-0.770853,0,0,-0.770825,0.505283,0,0,0.505273,0.134604,0,0,0.1346,0.478528,0.000787165,-0.0057873,0.47843
210,outward,8002159,60861,21602,46852,9.8256e-05,1.56976,0,0,1.56975,-0.0283352,0,0,-0.0282743,-0.770853,0,0,-0.770825,0.505283,0,0,0.505273,0.134604,0,0,0.1346,0.478534,0.000741504,-0.00562748,0.47843
211,outward,7999917,60778,21881,45343,8.69165e-05,1.56976,0,0,1.56975,-0.0283352,0,0,-0.0282743,-0.770853,0,0,-0.770825,0.505283,0,0,0.505273,0.134604,0,0,0.1346,0.47854,0.000697134,-0.00546423,0.478447
212,outward,7997890,58668,22287,45759,0.000127577,1.56976,0,0,1.56975,-0.0283352,0,0,-0.0282743,-0.770853,0,0,-0.770825,0.505283,0,0,0.505273,0.134604,0,0,0.1346,0.478545,0.000654084,-0.00529779,0.478412
213,outward,8001761,60429,21759,46769,0.000185341,1.56976,0,0,1.56975,-0.0283352,0,0,-0.0282743,-0.770853,0,0,-0.770825,0.505283,0,0,0.505273,0.134604,0,0,0.1346,0.47855,0.000612378,-0.0051284,0.47836
214,outward,7998334,58763,21435,45186,0.000207859,1.56976,0,0,1.56975,-0.0283352,0,0,-0.0282743,-0.770853,0,0,-0.770825,0.505283,0,0,0.505273,0.134604,0,0,0.1346,0.478555,0.000572037,-0.00495632,0.478342
215,outward,8000779,59542,20370,44407,0.000212596,1.56976,0,0,1.56975,-0.0283352,0,0,-0.0282743,-0.770853,0,0,-0.770825,0.505283,0,0,0.505273,0.134604,0,0,0.1346,0.478559,0.000533083,-0.00478181,0.478342
216,outward,8000001,59543,21398,46639,0.000217015,1.56976,0,0,1.56975,-0.0283352,0,0,-0.0282743,-0.770853,0,0,-0.770825,0.505283,0,0,0.505273,0.134604,0,0,0.1346,0.478564,0.000495534,-0.00460515,0.478342
217,outward,8001547,61090,21629,45740,0.000221129,1.56976,0,0,1.56975,-0.0283352,0,0,-0.0282743,-0.770853,0,0,-0.770825,0.505283,0,0,0.505273,0.134604,0,0,0.1346,0.478567,0.000459406,-0.00442662,0.478342
218,outward,7998446,59536,21537,46907,0.000224947,1.56976,0,0,1.56975,-0.0283352,0,0,-0.0282743,-0.770853,0,0,-0.770825,0.505283,0,0,0.505273,0.134604,0,0,0.1346,0.478571,0.000424712,-0.00424651,0.478342
219,outward,7999879,59415,19861,42742,0.000228483,1.56976,0,0,1.56975,-0.0283352,0,0,-0.0282743,-0.770853,0,0,-0.770825,0.505283,0,0,0.505273,0.134604,0,0,0.1346,0.478574,0.000391465,-0.00406515,0.478342
220,outward,7996835,56250,10417,24158,0.000231747,1.56976,0,0,1.56975,-0.0283352,0,0,-0.0282743,-0.770853,0,0,-0.770825,0.505283,0,0,0.505273,0.134604,0,0,0.1346,0.478577,0.000359672,-0.00388283,0.478342
221,outward,8001835,58085,11898,25343,0.00023475,1.56976,0,0,1.56975,-0.0283352,0,0,-0.0282743,-0.770853,0,0,-0.770825,0.505283,0,0,0.505273,0.134604,0,0,0.1346,0.47858,0.000329341,-0.00369989,0.478342
222,outward,7999343,57428,9787,23510,0.000237505,1.56976,0,0,1.56975,-0.0283352,0,0,-0.0282743,-0.770853,0,0,-0.770825,0.505283,0,0,0.505273,0.134604,0,0,0.1346,0.478582,0.000300475,-0.00351666,0.478342
223,outward,7998964,56392,8546,22398,0.000240024,1.56976,0,0,1.56975,-0.0283352,0,0,-0.0282743,-0.770853,0,0,-0.770825,0.505283,0,0,0.505273,0.134604,0,0,0.1346,0.478585,0.000273075,-0.0033335,0.478342
224,outward,7999557,55949,10334,25463,0.000242317,1.56976,0,0,1.56975,-0.0283352,0,0,-0.0282743,-0.770853,0,0,-0.770825,0.505283,0,0,0.505273,0.134604,0,0,0.1346,0.478587,0.000247138,-0.00315075,0.478342
225,outward,8000269,56218,9149,23731,0.000244397,1.56976,0,0,1.56975,-0.0283352,0,0,-0.0282743,-0.770853,0,0,-0.770825,0.505283,0,0,0.505273,0.134604,0,0,0.1346,0.478589,0.00022266,-0.00296881,0.478342
226,outward,7999640,55858,9537,26111,0.000246275,1.56976,0,0,1.56975,-0.0283352,0,0,-0.0282743,-0.770853,0,0,-0.770825,0.505283,0,0,0.505273,0.134604,0,0,0.1346,0.47859,0.000199634,-0.00278803,0.478342
227,outward,7999807,55665,8380,23444,0.000247963,1.56976,0,0,1.56975,-0.0283352,0,0,-0.0282743,-0.770853,0,0,-0.770825,0.505283,0,0,0.505273,0.134604,0,0,0.1346,0.478592,0.000178048,-0.00260882,0.478342
228,outward,8000065,55730,9315,25713,0.000249473,1.56976,0,0,1.56977,-0.0283352,0,0,-0.0282743,-0.770853,0,0,-0.770825,0.505283,0,0,0.505273,0.134604,0,0,0.1346,0.478593,0.000157888,-0.00243158,0.478342
229,outward,8001048,56778,9417,25620,0.000250816,1.56976,0,0,1.56975,-0.0283352,0,0,-0.0282743,-0.770853,0,0,-0.770825,0.505283,0,0,0.505273,0.134604,0,0,0.1346,0.478594,0.000139136,-0.00225673,0.478342
230,outward,7998964,55742,9510,24658,0.000252003,1.56976,0,0,1.56975,-0.0283352,0,0,-0.0282743,-0.770853,0,0,-0.770825,0.505283,0,0,0.505273,0.134604,0,0,0.1346,0.478595,0.000121772,-0.00208469,0.478342
231,outward,8000010,55752,10241,26546,0.000253046,1.56976,0,0,1.56975,-0.0283352,0,0,-0.0282743,-0.770853,0,0,-0.770825,0.505283,0,0,0.505273,0.134604,0,0,0.1346,0.478596,0.000105772,-0.0019159,0.478342
232,outward,8000149,55901,10018,24991,0.000253955,1.56976,0,0,1.56975,-0.0283352,0,0,-0.0282743,-0.770853,0,0,-0.770825,0.505283,0,0,0.505273,0.134604,0,0,0.1346,0.478597,9.11081e-05,-0.00175082,0.478342
233,outward,8001213,57114,9898,24427,0.000254742,1.56976,0,0,1.56975,-0.0283352,0,0,-0.0282743,-0.770853,0,0,-0.770825,0.505283,0,0,0.505273,0.134604,0,0,0.1346,0.478598,7.77481e-05,-0.0015899,0.478342
234,outward,7998483,55597,10185,24898,0.000255416,1.56976,0,0,1.56975,-0.0283352,0,0,-0.0282743,-0.770853,0,0,-0.770825,0.505283,0,0,0.505273,0.134604,0,0,0.1346,0.478598,6.56573e-05,-0.00143362,0.478342
235,outward,8000159,55756,9658,23639,0.000255989,1.56976,0,0,1.56975,-0.0283352,0,0,-0.0282743,-0.770853,0,0,-0.770825,0.505283,0,0,0.505273,0.134604,0,0,0.1346,0.478599,5.47965e-05,-0.00128247,0.478342
236,outward,7999899,55655,10203,23398,0.00025647,1.56976,0,0,1.56975,-0.0283352,0,0,-0.0282743,-0.770853,0,0,-0.770825,0.505283,0,0,0.505273,0.134604,0,0,0.1346,0.478599,4.51227e-05,-0.00113695,0.478342
237,outward,8000168,55823,10075,25287,0.000256869,1.56976,0,0,1.56975,-0.0283352,0,0,-0.0282743,-0.770853,0,0,-0.770825,0.505283,0,0,0.505273,0.134604,0,0,0.1346,0.4786,3.6589e-05,-0.000997558,0.478342
238,outward,7999574,55397,10010,25390,0.000257195,1.56976,0,0,1.56975,-0.0283352,0,0,-0.0282743,-0.770853,0,0,-0.770825,0.505283,0,0,0.505273,0.134604,0,0,0.1346,0.4786,2.91441e-05,-0.000864831,0.478342
239,outward,8000186,55583,10759,29148,0.000257457,1.56976,0,0,1.56975,-0.0283352,0,0,-0.0282918,-0.770853,0,0,-0.770825,0.505283,0,0,0.505273,0.134604,0,0,0.1346,0.4786,2.27325e-05,-0.000739303,0.478342
240,outward,8000094,55677,9491,25148,0.000257664,1.56976,0,0,1.56975,-0.0283352,0,0,-0.0282918,-0.770853,0,0,-0.770825,0.505283,0,0,0.505273,0.134604,0,0,0.1346,0.4786,1.72945e-05,-0.000621523,0.478342
241,outward,8000798,56475,9537,25064,0.000257823,1.56976,0,0,1.56975,-0.0283352,0,0,-0.0282918,-0.770853,0,0,-0.770825,0.505283,0,0,0.505273,0.134604,0,0,0.1346,0.4786,1.2766e-05,-0.000512052,0.478342
242,outward,8000639,57114,9778,24676,0.000257943,1.56976,0,0,1.56975,-0.0283352,0,0,-0.0282918,-0.770853,0,0,-0.770825,0.505283,0,0,0.505273,0.134604,0,0,0.1346,0.4786,9.07803e-06,-0.000411465,0.478342
243,outward,7998085,55199,9287,23954,0.00025803,1.56976,0,0,1.56975,-0.0283352,0,0,-0.0282918,-0.770853,0,0,-0.770825,0.505283,0,0,0.505273,0.134604,0,0,0.1346,0.4786,6.15727e-06,-0.000320352,0.478342
244,outward,8000733,55932,9333,24445,0.00025809,1.56976,0,0,1.56975,-0.0283352,0,0,-0.0282918,-0.770853,0,0,-0.770825,0.505283,0,0,0.505273,0.134604,0,0,0.1346,0.478601,3.92553e-06,-0.000239313,0.478342
245,outward,8001685,57617,9731,28907,0.00025813,1.56976,0,0,1.56975,-0.0283352,0,0,-0.0282918,-0.770853,0,0,-0.770825,0.505283,0,0,0.505273,0.134604,0,0,0.1346,0.478601,2.29977e-06,-0.000168962,0.478342
246,outward,7999779,57396,9518,26666,0.000258155,1.56976,0,0,1.56975,-0.0283352,0,0,-0.0282918,-0.770853,0,0,-0.770825,0.505283,0,0,0.505273,0.134604,0,0,0.1346,0.478601,1.19196e-06,-0.000109929,0.478342
247,outward,7997038,54434,10769,24158,0.000258169,1.56976,0,0,1.56977,-0.0283352,0,0,-0.0282918,-0.770853,0,0,-0.770825,0.505283,0,0,0.505273,0.134604,0,0,0.1346,0.478601,5.09014e-07,-6.2854e-05,0.478342
248,outward,8000649,55083,9287,24092,0.000258175,1.56976,0,0,1.56975,-0.0283352,0,0,-0.0282918,-0.770853,0,0,-0.770825,0.505283,0,0,0.505273,0.134604,0,0,0.1346,0.478601,1.52658e-07,-2.83926e-05,0.478342
249,outward,8011029,66112,14250,63259,0.000258178,1.56976,0,0,1.56975,-0.0283352,0,0,-0.0282918,-0.770853,0,0,-0.770825,0.505283,0,0,0.505273,0.134604,0,0,0.1346,0.478601,1.93141e-08,-7.21368e-06,0.478342
250,outward,7991380,57492,14907,33954,0.000258178,1.56976,0,0,1.56975,-0.0283352,0,0,-0.0282918,-0.770853,0,0,-0.770825,0.505283,0,0,0.505273,0.134604,0,0,0.1346,0.478601,0,0,0.478342
251,hold,7999289,56781,13731,31760,0.000258178,1.56976,0,0,1.56975,-0.0283352,0,0,-0.0282918,-0.770853,0,0,-0.770825,0.505283,0,0,0.505273,0.134604,0,0,0.1346,0.478601,0,0,0.478342
252,hold,8009435,66216,20011,43695,0.000258178,1.56976,0,0,1.56975,-0.0283352,0,0,-0.0282918,-0.770853,0,0,-0.770825,0.505283,0,0,0.505273,0.134604,0,0,0.1346,0.478601,0,0,0.478342
253,hold,7992048,58264,22491,47667,0.000258178,1.56976,0,0,1.56975,-0.0283352,0,0,-0.0282918,-0.770853,0,0,-0.770825,0.505283,0,0,0.505273,0.134604,0,0,0.1346,0.478601,0,0,0.478342
254,hold,8000381,58645,21574,45111,0.000258178,1.56976,0,0,1.56975,-0.0283352,0,0,-0.0282918,-0.770853,0,0,-0.770825,0.505283,0,0,0.505273,0.134604,0,0,0.1346,0.478601,0,0,0.478342
255,hold,8002176,60821,21333,43880,0.000258178,1.56976,0,0,1.56975,-0.0283352,0,0,-0.0282918,-0.770853,0,0,-0.770825,0.505283,0,0,0.505273,0.134604,0,0,0.1346,0.478601,0,0,0.478342
256,hold,7999094,59915,20861,44046,0.000258178,1.56976,0,0,1.56975,-0.0283352,0,0,-0.0282918,-0.770853,0,0,-0.770825,0.505283,0,0,0.505273,0.134604,0,0,0.1346,0.478601,0,0,0.478342
257,hold,8006927,66842,63547,122584,0.000258178,1.56976,0,0,1.56975,-0.0283352,0,0,-0.0282918,-0.770853,0,0,-0.770825,0.505283,0,0,0.505273,0.134604,0,0,0.1346,0.478601,0,0,0.478342
258,hold,8002993,69835,23676,53639,0.000240725,1.56976,0,0,1.56975,-0.0283352,0,0,-0.0282918,-0.770853,0,0,-0.770825,0.505283,0,0,0.505273,0.134604,0,0,0.1346,0.478601,0,0,0.47836
259,hold,7995787,65622,21185,46852,0.000240725,1.56976,0,0,1.56975,-0.0283352,0,0,-0.0282918,-0.770853,0,0,-0.770825,0.505283,0,0,0.505273,0.134604,0,0,0.1346,0.478601,0,0,0.47836
260,hold,8000223,65845,22806,49963,0.000240725,1.56976,0,0,1.56975,-0.0283352,0,0,-0.0282918,-0.770853,0,0,-0.770825,0.505283,0,0,0.505273,0.134604,0,0,0.1346,0.478601,0,0,0.47836
261,hold,7991695,57540,21844,47389,0.000240725,1.56976,0,0,1.56975,-0.0283352,0,0,-0.0282918,-0.770853,0,0,-0.770825,0.505283,0,0,0.505273,0.134604,0,0,0.1346,0.478601,0,0,0.47836
262,hold,7999779,57319,21565,48380,0.000240725,1.56976,0,0,1.56975,-0.0283352,0,0,-0.0282918,-0.770853,0,0,-0.770825,0.505283,0,0,0.505273,0.134604,0,0,0.1346,0.478601,0,0,0.47836
263,hold,8000279,57598,21527,47797,0.000240725,1.56976,0,0,1.56975,-0.0283352,0,0,-0.0282918,-0.770853,0,0,-0.770825,0.505283,0,0,0.505273,0.134604,0,0,0.1346,0.478601,0,0,0.47836
264,hold,8001519,59117,22269,46788,0.000240725,1.56976,0,0,1.56975,-0.0283352,0,0,-0.0282918,-0.770853,0,0,-0.770825,0.505283,0,0,0.505273,0.134604,0,0,0.1346,0.478601,0,0,0.47836
265,hold,7999418,58535,21176,44982,0.000240725,1.56976,0,0,1.56975,-0.0283352,0,0,-0.0282918,-0.770853,0,0,-0.770825,0.505283,0,0,0.505273,0.134604,0,0,0.1346,0.478601,0,0,0.47836
266,hold,8004343,62878,21492,45638,0.000240725,1.56976,0,0,1.56975,-0.0283352,0,0,-0.0282918,-0.770853,0,0,-0.770825,0.505283,0,0,0.505273,0.134604,0,0,0.1346,0.478601,0,0,0.47836
267,hold,7995446,58324,21000,44519,0.000240725,1.56976,0,0,1.56975,-0.0283352,0,0,-0.0282918,-0.770853,0,0,-0.770825,0.505283,0,0,0.505273,0.134604,0,0,0.1346,0.478601,0,0,0.47836
268,hold,8001010,59334,21426,45547,0.000240725,1.56976,0,0,1.56975,-0.0283352,0,0,-0.0282918,-0.770853,0,0,-0.770825,0.505283,0,0,0.505273,0.134604,0,0,0.1346,0.478601,0,0,0.47836
269,hold,7999268,58602,21213,45102,0.000240725,1.56976,0,0,1.56975,-0.0283352,0,0,-0.0282918,-0.770853,0,0,-0.770825,0.505283,0,0,0.505273,0.134604,0,0,0.1346,0.478601,0,0,0.47836
270,hold,7997668,56270,9611,23602,0.000240725,1.56976,0,0,1.56975,-0.0283352,0,0,-0.0282918,-0.770853,0,0,-0.770825,0.505283,0,0,0.505273,0.134604,0,0,0.1346,0.478601,0,0,0.47836
271,hold,7999501,55771,9380,23704,0.000223272,1.56976,0,0,1.56975,-0.0283352,0,0,-0.0282918,-0.770853,0,0,-0.770825,0.505283,0,0,0.505273,0.134604,0,0,0.1346,0.478601,0,0,0.478377
272,hold,8000630,56401,9565,25852,0.000223272,1.56976,0,0,1.56975,-0.0283352,0,0,-0.0282918,-0.770853,0,0,-0.770825,0.505283,0,0,0.505273,0.134604,0,0,0.1346,0.478601,0,0,0.478377
273,hold,7999455,55856,9324,24962,0.000223272,1.56976,0,0,1.56975,-0.0283352,0,0,-0.0282918,-0.770853,0,0,-0.770825,0.505283,0,0,0.505273,0.134604,0,0,0.1346,0.478601,0,0,0.478377
274,hold,8000065,55921,9944,24472,0.000223272,1.56976,0,0,1.56975,-0.0283352,0,0,-0.0282918,-0.770853,0,0,-0.770825,0.505283,0,0,0.505273,0.134604,0,0,0.1346,0.478601,0,0,0.478377
275,hold,7999213,55134,9324,22408,0.000223272,1.56976,0,0,1.56975,-0.0283352,0,0,-0.0282918,-0.770853,0,0,-0.770825,0.505283,0,0,0.505273,0.134604,0,0,0.1346,0.478601,0,0,0.478377
276,hold,8001520,56654,8676,22694,0.000223272,1.56976,0,0,1.56975,-0.0283352,0,0,-0.0282918,-0.770853,0,0,-0.770825,0.505283,0,0,0.505273,0.134604,0,0,0.1346,0.478601,0,0,0.478377
277,hold,7998834,55488,9333,20953,0.000223272,1.56976,0,0,1.56975,-0.0283352,0,0,-0.0282918,-0.770853,0,0,-0.770825,0.505283,0,0,0.505273,0.134604,0,0,0.1346,0.478601,0,0,0.478377
278,hold,8000509,55997,9315,22481,0.000223272,1.56976,0,0,1.56975,-0.0283352,0,0,-0.0282918,-0.770853,0,0,-0.770825,0.505283,0,0,0.505273,0.134604,0,0,0.1346,0.478601,0,0,0.478377
279,hold,7999640,55637,9139,25195,0.000223272,1.56976,0,0,1.56975,-0.0283352,0,0,-0.0282918,-0.770853,0,0,-0.770825,0.505283,0,0,0.505273,0.134604,0,0,0.1346,0.478601,0,0,0.478377
280,hold,8000843,56480,9501,26213,0.000223272,1.56976,0,0,1.56975,-0.0283352,0,0,-0.0282918,-0.770853,0,0,-0.770825,0.505283,0,0,0.505273,0.134604,0,0,0.1346,0.478601,0,0,0.478377
281,hold,7999242,55722,9195,26500,0.000223272,1.56976,0,0,1.56975,-0.0283352,0,0,-0.0282918,-0.770853,0,0,-0.770825,0.505283,0,0,0.505273,0.134604,0,0,0.1346,0.478601,0,0,0.478377
282,hold,7999510,55232,9195,24907,0.000223272,1.56976,0,0,1.56975,-0.0283352,0,0,-0.0282918,-0.770853,0,0,-0.770825,0.505283,0,0,0.505273,0.134604,0,0,0.1346,0.478601,0,0,0.478377
283,hold,8000241,55473,9269,24454,0.000223272,1.56976,0,0,1.56975,-0.0283352,0,0,-0.0282918,-0.770853,0,0,-0.770825,0.505283,0,0,0.505273,0.134604,0,0,0.1346,0.478601,0,0,0.478377
284,hold,8000825,56298,9195,22574,0.000223272,1.56976,0,0,1.56975,-0.0283352,0,0,-0.0282918,-0.770853,0,0,-0.770825,0.505283,0,0,0.505273,0.134604,0,0,0.1346,0.478601,0,0,0.478377
285,hold,7999806,56104,11407,22361,0.000205818,1.56976,0,0,1.56975,-0.0283352,0,0,-0.0282918,-0.770853,0,0,-0.770825,0.505283,0,0,0.505273,0.134604,0,0,0.1346,0.478601,0,0,0.478395
286,hold,7999454,55558,9010,21602,0.000205818,1.56976,0,0,1.56975,-0.0283352,0,0,-0.0282918,-0.770853,0,0,-0.770825,0.505283,0,0,0.505273,0.134604,0,0,0.1346,0.478601,0,0,0.478395
287,hold,7999649,55207,8870,22740,0.000205818,1.56976,0,0,1.56975,-0.0283352,0,0,-0.0282918,-0.770853,0,0,-0.770825,0.505283,0,0,0.505273,0.134604,0,0,0.1346,0.478601,0,0,0.478395
288,hold,8000593,55800,8963,23982,0.000205818,1.56976,0,0,1.56975,-0.0283352,0,0,-0.0283092,-0.770853,0,0,-0.770825,0.505283,0,0,0.505273,0.134604,0,0,0.1346,0.478601,0,0,0.478395
289,hold,8000621,56421,9472,25936,0.000205818,1.56976,0,0,1.56975,-0.0283352,0,0,-0.0283092,-0.770853,0,0,-0.770825,0.505283,0,0,0.505273,0.134604,0,0,0.1346,0.478601,0,0,0.478395
290,hold,7998983,55404,9380,22648,0.000205818,1.56976,0,0,1.56975,-0.0283352,0,0,-0.0283092,-0.770853,0,0,-0.770825,0.505283,0,0,0.505273,0.134604,0,0,0.1346,0.478601,0,0,0.478395
291,hold,7999889,55293,8944,23538,0.000205818,1.56976,0,0,1.56975,-0.0283352,0,0,-0.0283092,-0.770853,0,0,-0.770825,0.505283,0,0,0.505273,0.134604,0,0,0.1346,0.478601,0,0,0.478395
292,hold,8000075,55368,9620,24611,0.000205818,1.56976,0,0,1.56975,-0.0283352,0,0,-0.0283092,-0.770853,0,0,-0.770825,0.505283,0,0,0.505273,0.134604,0,0,0.1346,0.478601,0,0,0.478395
293,hold,8000742,56110,9074,21879,0.000205818,1.56976,0,0,1.56975,-0.0283352,0,0,-0.0283092,-0.770853,0,0,-0.770825,0.505283,0,0,0.505273,0.134604,0,0,0.1346,0.478601,0,0,0.478395
294,hold,8000852,56962,9102,23435,0.000205818,1.56976,0,0,1.56975,-0.0283352,0,0,-0.0283092,-0.770853,0,0,-0.770825,0.505283,0,0,0.505273,0.134604,0,0,0.1346,0.478601,0,0,0.478395
295,hold,7998834,55796,9454,28361,0.000205818,1.56976,0,0,1.56975,-0.0283352,0,0,-0.0283092,-0.770853,0,0,-0.770825,0.505283,0,0,0.505273,0.134604,0,0,0.1346,0.478601,0,0,0.478395
296,hold,8003084,58880,9519,27398,0.000205818,1.56976,0,0,1.56975,-0.0283352,0,0,-0.0283092,-0.770853,0,0,-0.770825,0.505283,0,0,0.505273,0.134604,0,0,0.1346,0.478601,0,0,0.478395
297,hold,8008306,67186,9991,27955,0.000205818,1.56976,0,0,1.56975,-0.0283352,0,0,-0.0283092,-0.770853,0,0,-0.770825,0.505283,0,0,0.505273,0.134604,0,0,0.1346,0.478601,0,0,0.478395
298,hold,7990816,58002,9528,24694,0.000205818,1.56976,0,0,1.56975,-0.0283352,0,0,-0.0283092,-0.770853,0,0,-0.770825,0.505283,0,0,0.505273,0.134604,0,0,0.1346,0.478601,0,0,0.478395
299,hold,7997353,55355,9824,25436,0.000205818,1.56976,0,0,1.56975,-0.0283352,0,0,-0.0283092,-0.770853,0,0,-0.770825,0.505283,0,0,0.505273,0.134604,0,0,0.1346,0.478601,0,0,0.478395
300,hold,7999500,54855,9833,24972,0.000205818,1.56976,0,0,1.56975,-0.0283352,0,0,-0.0283092,-0.770853,0,0,-0.770825,0.505283,0,0,0.505273,0.134604,0,0,0.1346,0.478601,0,0,0.478395
301,return,8008519,63374,17232,37918,0.000205818,1.56976,0,0,1.56975,-0.0283352,0,0,-0.0283092,-0.770853,0,0,-0.770825,0.505283,0,0,0.505273,0.134604,0,0,0.1346,0.478601,-1.93141e-08,-7.21368e-06,0.478395
302,return,7993298,56672,16833,38518,0.000205818,1.56976,0,0,1.56975,-0.0283352,0,0,-0.0283092,-0.770853,0,0,-0.770825,0.505283,0,0,0.505273,0.134604,0,0,0.1346,0.478601,-1.52658e-07,-2.83926e-05,0.478395
303,return,8003714,60386,21222,53324,0.000205818,1.56976,0,0,1.56975,-0.0283352,0,0,-0.0283092,-0.770853,0,0,-0.770825,0.505283,0,0,0.505273,0.134604,0,0,0.1346,0.478601,-5.09014e-07,-6.2854e-05,0.478395
304,return,8000362,60748,20740,46139,0.000205815,1.56976,0,0,1.56975,-0.0283352,0,0,-0.0283092,-0.770853,0,0,-0.770825,0.505283,0,0,0.505273,0.134604,0,0,0.1346,0.478601,-1.19196e-06,-0.000109929,0.478395
305,return,7998890,59638,21287,46389,0.000205809,1.56976,0,0,1.56975,-0.0283352,0,0,-0.0283092,-0.770853,0,0,-0.770825,0.505283,0,0,0.505273,0.134604,0,0,0.1346,0.478601,-2.29977e-06,-0.000168962,0.478395
306,return,7999009,58647,21398,45186,0.000205795,1.56976,0,0,1.56975,-0.0283352,0,0,-0.0283092,-0.770853,0,0,-0.770825,0.505283,0,0,0.505273,0.134604,0,0,0.1346,0.478601,-3.92553e-06,-0.000239313,0.478395
307,return,8000104,58751,19944,44398,0.000188317,1.56976,0,0,1.56975,-0.0283352,0,0,-0.0283092,-0.770853,0,0,-0.770825,0.505283,0,0,0.505273,0.134604,0,0,0.1346,0.4786,-6.15727e-06,-0.000320352,0.478412
308,return,7999779,58530,21157,44518,0.000188277,1.56976,0,0,1.56975,-0.0283352,0,0,-0.0283092,-0.770853,0,0,-0.770825,0.505283,0,0,0.505273,0.134604,0,0,0.1346,0.4786,-9.07803e-06,-0.000411465,0.478412
309,return,8001120,59650,20917,46333,0.000188217,1.56976,0,0,1.56975,-0.0283352,0,0,-0.0283092,-0.770853,0,0,-0.770825,0.505283,0,0,0.505273,0.134604,0,0,0.1346,0.4786,-1.2766e-05,-0.000512052,0.478412
310,return,7998881,58531,21361,44639,0.00018813,1.56976,0,0,1.56975,-0.0283352,0,0,-0.0283092,-0.770853,0,0,-0.770825,0.505283,0,0,0.505273,0.134604,0,0,0.1346,0.4786,-1.72945e-05,-0.000621523,0.478412
311,return,7999917,58448,21232,48510,0.00018801,1.56976,0,0,1.56975,-0.0283352,0,0,-0.0283092,-0.770853,0,0,-0.770825,0.505283,0,0,0.505273,0.134604,0,0,0.1346,0.4786,-2.27325e-05,-0.000739303,0.478412
312,return,8000928,59376,21463,45111,0.000187851,1.56976,0,0,1.56975,-0.0283352,0,0,-0.0283092,-0.770853,0,0,-0.770825,0.505283,0,0,0.505273,0.134604,0,0,0.1346,0.4786,-2.91441e-05,-0.000864831,0.478412
313,return,7998723,58099,20880,47685,0.000187644,1.56976,0,0,1.56975,-0.0283352,0,0,-0.0283092,-0.770853,0,0,-0.770825,0.505283,0,0,0.505273,0.134604,0,0,0.1346,0.4786,-3.6589e-05,-0.000997558,0.478412
314,return,7999936,58035,21139,45815,0.000187382,1.56976,0,0,1.56975,-0.0283352,0,0,-0.0283092,-0.770853,0,0,-0.770825,0.505283,0,0,0.505273,0.134604,0,0,0.1346,0.478599,-4.51227e-05,-0.00113695,0.478412
315,return,8001520,59555,20547,47250,0.000187056,1.56976,0,0,1.56975,-0.0283352,0,0,-0.0283092,-0.770853,0,0,-0.770825,0.505283,0,0,0.505273,0.134604,0,0,0.1346,0.478599,-5.47965e-05,-0.00128247,0.478412
316,return,7999518,59073,21288,44824,0.000169203,1.56976,0,0,1.56975,-0.0283352,0,0,-0.0283092,-0.770853,0,0,-0.770825,0.505283,0,0,0.505273,0.134604,0,0,0.1346,0.478598,-6.56573e-05,-0.00143362,0.47843
317,return,7998798,57871,22250,45954,0.000168722,1.56976,0,0,1.56975,-0.0283352,0,0,-0.0283092,-0.770853,0,0,-0.770825,0.505283,0,0,0.505273,0.134604,0,0,0.1346,0.478598,-7.77481e-05,-0.0015899,0.47843
318,return,8002667,60538,21093,46750,0.00016815,1.56976,0,0,1.56975,-0.0283352,0,0,-0.0283092,-0.770853,0,0,-0.770825,0.505283,0,0,0.505273,0.134604,0,0,0.1346,0.478597,-9.11081e-05,-0.00175082,0.47843
319,return,8001520,62058,21083,43176,0.000167475,1.56976,0,0,1.56975,-0.0283352,0,0,-0.0283092,-0.770853,0,0,-0.770825,0.505283,0,0,0.505273,0.134604,0,0,0.1346,0.478596,-0.000105772,-0.0019159,0.47843
320,return,7993843,55901,9167,26316,0.000166688,1.56976,0,0,1.56975,-0.0283352,0,0,-0.0283092,-0.770853,0,0,-0.770825,0.505283,0,0,0.505273,0.134604,0,0,0.1346,0.478595,-0.000121772,-0.00208469,0.47843
321,return,7999696,55597,8639,24361,0.000165779,1.56976,0,0,1.56975,-0.0283352,0,0,-0.0283092,-0.770853,0,0,-0.770825,0.505283,0,0,0.505273,0.134604,0,0,0.1346,0.478594,-0.000139136,-0.00225673,0.47843
322,return,8000233,55830,9583,23565,0.000164736,1.56976,0,0,1.56975,-0.0283352,0,0,-0.0283092,-0.770853,0,0,-0.770825,0.505283,0,0,0.505273,0.134604,0,0,0.1346,0.478593,-0.000157888,-0.00243158,0.47843
323,return,8001130,56960,10065,24602,0.000163549,1.56976,0,0,1.56975,-0.0283352,0,0,-0.0283092,-0.770853,0,0,-0.770825,0.505283,0,0,0.505273,0.134604,0,0,0.1346,0.478592,-0.000178048,-0.00260882,0.47843
324,return,7998751,55711,9259,24212,0.000162207,1.56976,0,0,1.56975,-0.0283352,0,0,-0.0283092,-0.770853,0,0,-0.770825,0.505283,0,0,0.505273,0.134604,0,0,0.1346,0.47859,-0.000199634,-0.00278803,0.47843
325,return,7999935,55646,9639,23399,0.000160697,1.56976,0,0,1.56975,-0.0283352,0,0,-0.0283092,-0.770853,0,0,-0.770825,0.505283,0,0,0.505273,0.134604,0,0,0.1346,0.478589,-0.00022266,-0.00296881,0.47843
326,return,8001548,57194,9361,22074,0.000159009,1.56976,0,0,1.56975,-0.0283352,0,0,-0.0283092,-0.770853,0,0,-0.770825,0.505283,0,0,0.505273,0.134604,0,0,0.1346,0.478587,-0.000247138,-0.00315075,0.47843
327,return,7998048,55242,9814,22676,0.00015713,1.56976,0,0,1.56975,-0.0283352,0,0,-0.0283092,-0.770853,0,0,-0.770825,0.505283,0,0,0.505273,0.134604,0,0,0.1346,0.478585,-0.000273075,-0.0033335,0.47843
328,return,8000907,56149,10231,23491,0.00015505,1.56976,0,0,1.56975,-0.0283352,0,0,-0.0283092,-0.770853,0,0,-0.770825,0.505283,0,0,0.505273,0.134604,0,0,0.1346,0.478582,-0.000300475,-0.00351666,0.47843
329,return,7999067,55216,9241,24075,0.000152757,1.56976,0,0,1.56975,-0.0283352,0,0,-0.0283092,-0.770853,0,0,-0.770825,0.505283,0,0,0.505273,0.134604,0,0,0.1346,0.47858,-0.000329341,-0.00369989,0.47843
330,return,8000343,55559,9018,22676,0.000150239,1.56976,0,0,1.56975,-0.0283352,0,0,-0.0283092,-0.770853,0,0,-0.770825,0.505283,0,0,0.505273,0.134604,0,0,0.1346,0.478577,-0.000359672,-0.00388283,0.47843
331,return,8008742,64301,9787,24296,0.000130031,1.56976,0,0,1.56975,-0.0283352,0,0,-0.0283092,-0.770853,0,0,-0.770825,0.505283,0,0,0.505273,0.134604,0,0,0.1346,0.478574,-0.000391465,-0.00406515,0.478447
332,return,7991455,55756,9102,23768,0.000127027,1.56976,0,0,1.56975,-0.0283352,0,0,-0.0283092,-0.770853,0,0,-0.770825,0.505283,0,0,0.505273,0.134604,0,0,0.1346,0.478571,-0.000424712,-0.00424651,0.478447
333,return,7999759,55515,8898,22963,0.000123763,1.56976,0,0,1.56975,-0.0283352,0,0,-0.0283092,-0.770853,0,0,-0.770825,0.505283,0,0,0.505273,0.134604,0,0,0.1346,0.478567,-0.000459406,-0.00442662,0.478447
334,return,8000215,55730,9028,25074,0.000120228,1.56976,0,0,1.56975,-0.0283352,0,0,-0.0283092,-0.770853,0,0,-0.770825,0.505283,0,0,0.505273,0.134604,0,0,0.1346,0.478564,-0.000495534,-0.00460515,0.478447
335,return,8000714,56444,9815,24027,0.000116409,1.56976,0,0,1.56975,-0.0283352,0,0,-0.0283092,-0.770853,0,0,-0.770825,0.505283,0,0,0.505273,0.134604,0,0,0.1346,0.478559,-0.000533083,-0.00478181,0.478447
336,return,7999028,55472,9389,24278,0.000112295,1.56976,0,0,1.56975,-0.0283352,0,0,-0.0283092,-0.770853,0,0,-0.770825,0.505283,0,0,0.505273,0.134604,0,0,0.1346,0.478555,-0.000572037,-0.00495632,0.478447
337,return,7999659,55131,8833,22370,0.000107876,1.56976,0,0,1.56975,-0.0283352,0,0,-0.0283092,-0.770853,0,0,-0.770825,0.505283,0,0,0.505273,0.134604,0,0,0.1346,0.47855,-0.000612378,-0.0051284,0.478447
338,return,8000935,56066,9139,23751,0.000103139,1.56976,0,0,1.56975,-0.0283352,0,0,-0.0283092,-0.770853,0,0,-0.770825,0.505283,0,0,0.505273,0.134604,0,0,0.1346,0.478545,-0.000654084,-0.00529779,0.478447
339,return,8000603,56669,8981,22259,9.80742e-05,1.56976,0,0,1.56975,-0.0283352,0,0,-0.0283092,-0.770853,0,0,-0.770825,0.505283,0,0,0.505273,0.134604,0,0,0.1346,0.47854,-0.000697134,-0.00546423,0.478447
340,return,7998678,55347,8806,26389,9.26702e-05,1.56976,0,0,1.56975,-0.0283352,0,0,-0.0283092,-0.770853,0,0,-0.770825,0.505283,0,0,0.505273,0.134604,0,0,0.1346,0.478534,-0.000741504,-0.00562748,0.478447
341,return,8000120,55467,9342,23676,8.69165e-05,1.56976,0,0,1.56975,-0.0283352,0,0,-0.0283092,-0.770853,0,0,-0.770825,0.505283,0,0,0.505273,0.134604,0,0,0.1346,0.478528,-0.000787165,-0.0057873,0.478447
342,return,8000141,55608,9898,23648,8.08027e-05,1.56976,0,0,1.56975,-0.0283352,0,0,-0.0283092,-0.770853,0,0,-0.770825,0.505283,0,0,0.505273,0.134604,0,0,0.1346,0.478521,-0.000834091,-0.00594347,0.478447
343,return,7999018,54626,9620,23001,7.43185e-05,1.56976,0,0,1.56975,-0.0283352,0,0,-0.0283092,-0.770853,0,0,-0.770825,0.505283,0,0,0.505273,0.134604,0,0,0.1346,0.478515,-0.00088225,-0.00609576,0.478447
344,return,8000761,55387,9963,24361,5.00006e-05,1.56976,0,0,1.56977,-0.0283352,0,0,-0.0283092,-0.770853,0,0,-0.770825,0.505283,0,0,0.505273,0.134604,0,0,0.1346,0.478507,-0.000931612,-0.00624398,0.478465
345,return,8000242,55629,9575,27565,4.2746e-05,1.56976,0,0,1.56975,-0.0283352,0,0,-0.0283092,-0.770853,0,0,-0.770825,0.505283,0,0,0.505273,0.134604,0,0,0.1346,0.4785,-0.000982142,-0.00638792,0.478465
346,return,8003481,59110,9500,23695,3.50917e-05,1.56976,0,0,1.56975,-0.0283352,0,0,-0.0283092,-0.770853,0,0,-0.770825,0.505283,0,0,0.505273,0.134604,0,0,0.1346,0.478492,-0.00103381,-0.00652739,0.478465
347,return,8005131,64241,10704,24213,2.85159e-05,1.56976,0,0,1.56975,-0.0283352,0,0,-0.0283092,-0.770853,0,0,-0.770825,0.505283,0,0,0.505273,0.134604,0,0,0.1346,0.478483,-0.00108657,-0.00666222,0.478465
348,return,7991861,56102,9788,24583,2.85159e-05,1.56976,0,0,1.56975,-0.0283352,0,0,-0.0283092,-0.770853,0,0,-0.770825,0.505283,0,0,0.505273,0.134604,0,0,0.1346,0.478474,-0.00114039,-0.00679223,0.478465
349,return,7998927,55029,11083,24908,2.85159e-05,1.56976,0,0,1.56975,-0.0283352,0,0,-0.0283092,-0.770853,0,0,-0.770825,0.505283,0,0,0.505273,0.134604,0,0,0.1346,0.478465,-0.00119523,-0.00691727,0.478465
350,return,8000370,55399,10574,24722,2.85159e-05,1.56976,0,0,1.56975,-0.0283352,0,0,-0.0283092,-0.770853,0,0,-0.770825,0.505283,0,0,0.505273,0.134604,0,0,0.1346,0.478455,-0.00125105,-0.00703717,0.478465
351,return,7999964,55363,10120,52685,2.85159e-05,1.56976,0,0,1.56975,-0.0283352,0,0,-0.0283092,-0.770853,0,0,-0.770825,0.505283,0,0,0.505273,0.134604,0,0,0.1346,0.478445,-0.00130781,-0.00715179,0.478465
352,return,8004787,60150,20538,42611,3.26395e-05,1.56976,0,0,1.56975,-0.0283352,0,0,-0.0283092,-0.770853,0,0,-0.770825,0.505283,0,0,0.505273,0.134604,0,0,0.1346,0.478434,-0.00136547,-0.007261,0.478412
353,return,7997539,57689,18426,40287,9.17601e-05,1.56976,0,0,1.56975,-0.0283352,0,0,-0.0283092,-0.770853,0,0,-0.770825,0.505283,0,0,0.505273,0.134604,0,0,0.1346,0.478423,-0.00142397,-0.00736467,0.478342
354,return,8000056,57745,18343,40945,8.06029e-05,1.56976,0,0,1.56975,-0.0283352,0,0,-0.0283092,-0.770853,0,0,-0.770825,0.505283,0,0,0.505273,0.134604,0,0,0.1346,0.478411,-0.00148329,-0.00746268,0.478342
355,return,8007333,65078,20638,46260,6.89744e-05,1.56976,0,0,1.56975,-0.0283352,0,0,-0.0283092,-0.770853,0,0,-0.770825,0.505283,0,0,0.505273,0.134604,0,0,0.1346,0.478399,-0.00154336,-0.00755491,0.478342
356,return,7995298,60376,21936,44871,5.68683e-05,1.56976,0,0,1.56975,-0.0283352,0,0,-0.0283092,-0.770853,0,0,-0.770825,0.505283,0,0,0.505273,0.134604,0,0,0.1346,0.478387,-0.00160415,-0.00764126,0.478342
357,return,7998121,58497,21398,43638,4.42787e-05,1.56976,0,0,1.56975,-0.0283352,0,0,-0.0283092,-0.770853,0,0,-0.770825,0.505283,0,0,0.505273,0.134604,0,0,0.1346,0.478374,-0.0016656,-0.00772165,0.478342
358,return,8000667,59164,20731,42241,3.12002e-05,1.56976,0,0,1.56975,-0.0283352,0,0,-0.0283092,-0.770853,0,0,-0.770825,0.505283,0,0,0.505273,0.134604,0,0,0.1346,0.47836,-0.00172768,-0.00779596,0.478342
359,return,8000917,60081,21564,45815,2.85159e-05,1.56976,0,0,1.56975,-0.0283352,0,0,-0.0283092,-0.770853,0,0,-0.770825,0.505283,0,0,0.505273,0.134604,0,0,0.1346,0.478346,-0.00179032,-0.00786414,0.478342
360,return,7999852,59933,20575,46335,2.85159e-05,1.56976,0,0,1.56975,-0.0283352,0,0,-0.0283092,-0.770853,0,0,-0.770825,0.505283,0,0,0.505273,0.134604,0,0,0.1346,0.478331,-0.00185349,-0.0079261,0.478342
361,return,7998946,58879,20463,44084,2.85159e-05,1.56976,0,0,1.56975,-0.0283352,0,0,-0.0283092,-0.770853,0,0,-0.770825,0.505283,0,0,0.505273,0.134604,0,0,0.1346,0.478316,-0.00191712,-0.00798178,0.478325
362,return,7999399,58278,21713,43797,2.85159e-05,1.56976,0,0,1.56975,-0.0283352,0,0,-0.0283092,-0.770853,0,0,-0.770825,0.505283,0,0,0.505273,0.134604,0,0,0.1346,0.478301,-0.00198118,-0.00803112,0.478325
363,return,8001213,59491,20898,48334,2.85159e-05,1.56976,0,0,1.56975,-0.0283352,0,0,-0.0283092,-0.770853,0,0,-0.770825,0.505283,0,0,0.505273,0.134604,0,0,0.1346,0.478285,-0.00204561,-0.00807407,0.478325
364,return,7999029,58520,20371,45732,4.03479e-05,1.56976,0,0,1.56975,-0.0283352,0,0,-0.0283092,-0.770853,0,0,-0.770825,0.505283,0,0,0.505273,0.134604,0,0,0.1346,0.478268,-0.00211035,-0.00811059,0.478325
365,return,7999398,57918,20982,47603,5.69715e-05,1.56976,0,0,1.56975,-0.0283352,0,0,-0.0283092,-0.770853,0,0,-0.770825,0.505283,0,0,0.505273,0.134604,0,0,0.1346,0.478251,-0.00217536,-0.00814063,0.478325
366,return,8002556,60474,21213,45852,5.66609e-05,1.56976,0,0,1.56975,-0.0283352,0,0,-0.0283092,-0.770853,0,0,-0.770825,0.505283,0,0,0.505273,0.134604,0,0,0.1346,0.478233,-0.00224058,-0.00816417,0.478307
367,return,7999789,60263,21398,44862,7.43245e-05,1.56976,0,0,1.56975,-0.0283352,0,0,-0.0283092,-0.770853,0,0,-0.770825,0.505283,0,0,0.505273,0.134604,0,0,0.1346,0.478215,-0.00230597,-0.00818119,0.478307
368,return,7997657,57920,20806,46130,9.25106e-05,1.56976,0,0,1.56975,-0.0283352,0,0,-0.0283092,-0.770853,0,0,-0.770825,0.505283,0,0,0.505273,0.134604,0,0,0.1346,0.478196,-0.00237146,-0.00819166,0.478307
369,return,8000205,58125,21537,45750,0.00011122,1.56976,0,0,1.56975,-0.0283352,0,0,-0.0283092,-0.770853,0,0,-0.770825,0.505283,0,0,0.505273,0.134604,0,0,0.1346,0.478177,-0.00243702,-0.00819559,0.478307
370,return,7997018,55143,8963,24667,0.000130454,1.56976,0,0,1.56975,-0.0283352,0,0,-0.0283092,-0.770853,0,0,-0.770825,0.505283,0,0,0.505273,0.134604,0,0,0.1346,0.478157,-0.00250257,-0.00819295,0.478307
371,return,8003131,58274,9342,23917,0.000150213,1.56976,0,0,1.56975,-0.0283352,0,0,-0.0283092,-0.770853,0,0,-0.770825,0.505283,0,0,0.505273,0.134604,0,0,0.1346,0.478137,-0.00256809,-0.00818376,0.478307
372,return,7997556,55830,9436,21565,0.000170495,1.56976,0,0,1.56975,-0.0283352,0,0,-0.0283092,-0.770853,0,0,-0.770825,0.505283,0,0,0.505273,0.134604,0,0,0.1346,0.478116,-0.0026335,-0.00816803,0.478307
373,return,7999352,55182,8740,21926,0.000191302,1.56976,0,0,1.56975,-0.0283352,0,0,-0.0283092,-0.770853,0,0,-0.770825,0.505283,0,0,0.505273,0.134604,0,0,0.1346,0.478095,-0.00269876,-0.00814577,0.478307
374,return,8000714,55896,8833,21408,0.000195177,1.56976,0,0,1.56975,-0.0283352,0,0,-0.0283092,-0.770853,0,0,-0.770825,0.505283,0,0,0.505273,0.134604,0,0,0.1346,0.478073,-0.00276381,-0.008117,0.47829
375,return,8000084,55980,9187,24491,0.000199575,1.56976,0,0,1.56975,-0.0283352,0,0,-0.0283092,-0.770853,0,0,-0.770825,0.505283,0,0,0.505273,0.134604,0,0,0.1346,0.478051,-0.00282861,-0.00808175,0.478273
376,return,7999964,55944,9713,23482,0.000221944,1.56976,0,0,1.56975,-0.0283352,0,0,-0.0283092,-0.770853,0,0,-0.770825,0.505283,0,0,0.505273,0.134604,0,0,0.1346,0.478028,-0.0028931,-0.00804004,0.478273
377,return,7999492,55436,9722,24611,0.000244832,1.56976,0,0,1.56975,-0.0283352,0,0,-0.0283092,-0.770853,0,0,-0.770825,0.505283,0,0,0.505273,0.134604,0,0,0.1346,0.478004,-0.00295724,-0.00799193,0.478273
378,return,7999435,54871,8953,22778,0.000268233,1.56976,0,0,1.56975,-0.0283352,0,0,-0.0283092,-0.770853,0,0,-0.770825,0.505283,0,0,0.505273,0.134604,0,0,0.1346,0.47798,-0.00302096,-0.00793744,0.478273
379,return,8001354,56225,8972,22065,0.000292146,1.56976,0,0,1.56975,-0.0283352,0,0,-0.0283092,-0.770853,0,0,-0.770825,0.505283,0,0,0.505273,0.134604,0,0,0.1346,0.477956,-0.00308422,-0.00787664,0.478273
380,return,7999640,55865,8759,23056,0.000299114,1.56976,0,0,1.56975,-0.0283352,0,0,-0.0283092,-0.770853,0,0,-0.770825,0.505283,0,0,0.505273,0.134604,0,0,0.1346,0.477931,-0.00314697,-0.00780957,0.478255
381,return,7999398,55263,10833,23111,0.000306586,1.56976,0,0,1.56975,-0.0283352,0,0,-0.0283092,-0.770853,0,0,-0.770825,0.505283,0,0,0.505273,0.134604,0,0,0.1346,0.477906,-0.00320915,-0.00773629,0.478238
382,return,8010085,65348,16991,37278,0.000332011,1.56976,0,0,1.56975,-0.0283352,0,0,-0.0283092,-0.770853,0,0,-0.770825,0.505283,0,0,0.505273,0.134604,0,0,0.1346,0.47788,-0.00327073,-0.00765687,0.478238
383,return,7991232,56580,9870,25991,0.000340477,1.56976,0,0,1.56975,-0.0283352,0,0,-0.0283092,-0.770853,0,0,-0.770825,0.505283,0,0,0.505273,0.134604,0,0,0.1346,0.477853,-0.00333165,-0.00757138,0.47822
384,return,8006001,62581,27370,59945,0.000349434,1.56976,0,0,1.56975,-0.0283352,0,0,-0.0283092,-0.770853,0,0,-0.770825,0.505283,0,0,0.505273,0.134604,0,0,0.1346,0.477826,-0.00339186,-0.00747989,0.478203
385,return,7993112,55693,14204,31288,0.000376328,1.56976,0,0,1.56975,-0.0283352,0,0,-0.0283092,-0.770853,0,0,-0.770825,0.505283,0,0,0.505273,0.134604,0,0,0.1346,0.477799,-0.00345131,-0.00738248,0.478203
386,return,8001205,56898,10510,25556,0.000386248,1.56976,0,0,1.56975,-0.0283352,0,0,-0.0283092,-0.770853,0,0,-0.770825,0.505283,0,0,0.505273,0.134604,0,0,0.1346,0.477771,-0.00350996,-0.00727924,0.478185
387,return,7998750,55648,9185,23361,0.000396641,1.56976,0,0,1.56975,-0.0283352,0,0,-0.0283092,-0.770853,0,0,-0.770825,0.505283,0,0,0.505273,0.134604,0,0,0.1346,0.477743,-0.00356776,-0.00717024,0.478168
388,return,7999122,54770,9917,26555,0.000407499,1.56976,0,0,1.56975,-0.0283352,0,0,-0.0283092,-0.770853,0,0,-0.770825,0.505283,0,0,0.505273,0.134604,0,0,0.1346,0.477714,-0.00362467,-0.0070556,0.47815
389,return,8001158,55928,8898,24713,0.000401363,1.56976,0,0,1.56975,-0.0283352,0,0,-0.0283092,-0.770853,0,0,-0.770825,0.505283,0,0,0.505273,0.134604,0,0,0.1346,0.477685,-0.00368064,-0.00693539,0.478115
390,return,7999473,55401,9074,24546,0.000430585,1.56976,0,0,1.56975,-0.0283352,0,0,-0.0283092,-0.770853,0,0,-0.770825,0.505283,0,0,0.505273,0.134604,0,0,0.1346,0.477655,-0.00373562,-0.00680973,0.478115
391,return,8001251,56652,8657,25740,0.000425344,1.56976,0,0,1.56975,-0.0283352,0,0,-0.0283092,-0.770853,0,0,-0.770825,0.505283,0,0,0.505273,0.134604,0,0,0.1346,0.477625,-0.00378958,-0.00667871,0.478081
392,return,8000482,57134,9305,25418,0.000455445,1.56976,0,0,1.56975,-0.0283352,0,0,-0.0283092,-0.770853,0,0,-0.770825,0.505283,0,0,0.505273,0.134604,0,0,0.1346,0.477595,-0.00384247,-0.00654245,0.478081
393,return,8001214,58348,8954,24167,0.000451067,1.56976,0,0,1.56975,-0.0283352,0,0,-0.0283092,-0.770853,0,0,-0.770825,0.505283,0,0,0.505273,0.134604,0,0,0.1346,0.477564,-0.00389424,-0.00640106,0.478046
394,return,7997168,55516,8935,23889,0.000447108,1.56976,0,0,1.56975,-0.0283352,0,0,-0.0283092,-0.770853,0,0,-0.770825,0.505283,0,0,0.505273,0.134604,0,0,0.1346,0.477532,-0.00394487,-0.00625465,0.478011
395,return,8000677,56193,9305,25093,0.000461012,1.56976,0,0,1.56975,-0.0283352,0,0,-0.0283092,-0.770853,0,0,-0.770825,0.505283,0,0,0.505273,0.134604,0,0,0.1346,0.477501,-0.00399431,-0.00610335,0.477993
396,return,8000770,56963,9009,26907,0.000475317,1.56976,0,0,1.56975,-0.0283352,0,0,-0.0283092,-0.770853,0,0,-0.770825,0.505283,0,0,0.505273,0.134604,0,0,0.1346,0.477468,-0.00404251,-0.00594728,0.477976
397,return,7998231,55194,8676,23029,0.000472558,1.56976,0,0,1.56975,-0.0283352,0,0,-0.0283092,-0.770853,0,0,-0.770825,0.505283,0,0,0.505273,0.134604,0,0,0.1346,0.477436,-0.00408945,-0.00578657,0.477941
398,return,8000381,55575,8926,21741,0.00047018,1.56976,0,0,1.56975,-0.0283352,0,0,-0.0283092,-0.770853,0,0,-0.770825,0.505283,0,0,0.505273,0.134604,0,0,0.1346,0.477403,-0.00413508,-0.00562134,0.477906
399,return,8016428,72003,13528,31389,0.000468173,1.56976,0,0,1.56975,-0.0283352,0,0,-0.0283092,-0.770853,0,0,-0.770825,0.505283,0,0,0.505273,0.134604,0,0,0.1346,0.47737,-0.00417938,-0.00545173,0.477871
400,return,7984269,56272,12453,31676,0.000483978,1.56976,0,0,1.56975,-0.0283352,0,0,-0.0283092,-0.770853,0,0,-0.770825,0.505283,0,0,0.505273,0.134604,0,0,0.1346,0.477336,-0.0042223,-0.00527788,0.477854
401,return,8004029,60301,12963,29676,0.000482679,1.56976,0,0,1.56975,-0.0283352,0,0,-0.0283092,-0.770853,0,0,-0.770825,0.505283,0,0,0.505273,0.134604,0,0,0.1346,0.477302,-0.00426381,-0.00509992,0.477819
402,return,7995657,55958,13057,30139,0.000481718,1.56976,0,0,1.56975,-0.0283352,0,0,-0.0283092,-0.770853,0,0,-0.770825,0.505283,0,0,0.505273,0.134604,0,0,0.1346,0.477268,-0.00430389,-0.004918,0.477784
403,return,8000113,56071,12769,30176,0.000481083,1.56976,0,0,1.56975,-0.0283352,0,0,-0.0283092,-0.770853,0,0,-0.770825,0.505283,0,0,0.505273,0.134604,0,0,0.1346,0.477233,-0.00434249,-0.00473226,0.477749
404,return,8004770,60841,21416,45703,0.000480763,1.56976,0,0,1.56975,-0.0283352,0,0,-0.0283092,-0.770853,0,0,-0.770825,0.505283,0,0,0.505273,0.134604,0,0,0.1346,0.477198,-0.00437959,-0.00454285,0.477714
405,return,7997445,58286,21074,43584,0.000463293,1.56976,0,0,1.56975,-0.0283352,0,0,-0.0283092,-0.770853,0,0,-0.770825,0.505283,0,0,0.505273,0.134604,0,0,0.1346,0.477163,-0.00441517,-0.00434992,0.477662
406,return,7999992,58278,20926,45528,0.000481019,1.56976,0,0,1.56975,-0.0283352,0,0,-0.0283092,-0.770853,0,0,-0.770825,0.505283,0,0,0.505273,0.134604,0,0,0.1346,0.477128,-0.00444918,-0.00415362,0.477644
407,return,8009649,67927,21111,43639,0.000481571,1.56976,0,0,1.56975,-0.0283352,0,0,-0.0283092,-0.770853,0,0,-0.770825,0.505283,0,0,0.505273,0.134604,0,0,0.1346,0.477092,-0.00448162,-0.00395411,0.477609
408,return,7990334,58261,20472,42889,0.000464936,1.56976,0,0,1.56975,-0.0283352,0,0,-0.0283092,-0.770853,0,0,-0.770825,0.505283,0,0,0.505273,0.134604,0,0,0.1346,0.477056,-0.00451244,-0.00375154,0.477557
409,return,7999899,58160,20676,44510,0.00048346,1.56976,0,0,1.56975,-0.0283352,0,0,-0.0283092,-0.770853,0,0,-0.770825,0.505283,0,0,0.505273,0.134604,0,0,0.1346,0.47702,-0.00454163,-0.00354607,0.47754
410,return,8000464,58624,20676,43491,0.000467317,1.56976,0,0,1.56975,-0.0283352,0,0,-0.0283092,-0.770853,0,0,-0.770825,0.505283,0,0,0.505273,0.134604,0,0,0.1346,0.476983,-0.00456917,-0.00333787,0.477487
411,return,8000992,59616,20676,49435,0.000486308,1.56976,0,0,1.56975,-0.0283352,0,0,-0.0283092,-0.770853,0,0,-0.770825,0.505283,0,0,0.505273,0.134604,0,0,0.1346,0.476947,-0.00459503,-0.00312709,0.47747
412,return,7998908,58524,20176,43009,0.00048806,1.56976,0,0,1.56975,-0.0283352,0,0,-0.0283092,-0.770853,0,0,-0.770825,0.505283,0,0,0.505273,0.134604,0,0,0.1346,0.47691,-0.0046192,-0.0029139,0.477435
413,return,7999862,58386,23611,47111,0.000490011,1.56976,0,0,1.56975,-0.0283352,0,0,-0.0283092,-0.770853,0,0,-0.770825,0.505283,0,0,0.505273,0.134604,0,0,0.1346,0.476873,-0.00464165,-0.00269846,0.4774
414,return,8001260,59646,21445,47880,0.000492149,1.56976,0,0,1.56975,-0.0283352,0,0,-0.0283092,-0.770853,0,0,-0.770825,0.505283,0,0,0.505273,0.134604,0,0,0.1346,0.476836,-0.00466237,-0.00248094,0.477365
415,return,7999714,59360,21518,43583,0.000477006,1.56976,0,0,1.56975,-0.0283352,0,0,-0.0283092,-0.770853,0,0,-0.770825,0.505283,0,0,0.505273,0.134604,0,0,0.1346,0.476798,-0.00468134,-0.00226152,0.477313
416,return,8000066,59426,20000,47658,0.000479476,1.56976,0,0,1.56975,-0.0283352,0,0,-0.0283092,-0.770853,0,0,-0.770825,0.505283,0,0,0.505273,0.134604,0,0,0.1346,0.476761,-0.00469855,-0.00204035,0.477278
417,return,7998991,58417,21241,46472,0.000464637,1.56976,0,0,1.56975,-0.0283352,0,0,-0.0283092,-0.770853,0,0,-0.770825,0.505283,0,0,0.505273,0.134604,0,0,0.1346,0.476723,-0.00471398,-0.00181761,0.477225
418,return,7999390,57807,21111,47046,0.000467381,1.56976,0,0,1.56975,-0.0283352,0,0,-0.0283092,-0.770853,0,0,-0.770825,0.505283,0,0,0.505273,0.134604,0,0,0.1346,0.476685,-0.00472763,-0.00159348,0.47719
419,return,8001602,59409,20639,42658,0.000470243,1.56976,0,0,1.56975,-0.0283352,0,0,-0.0283092,-0.770853,0,0,-0.770825,0.505283,0,0,0.505273,0.134604,0,0,0.1346,0.476647,-0.00473947,-0.00136812,0.477156
420,return,7995437,54846,9232,23351,0.000473206,1.56976,0,0,1.56975,-0.0283352,0,0,-0.0283092,-0.770853,0,0,-0.770825,0.505283,0,0,0.505273,0.134604,0,0,0.1346,0.476609,-0.00474951,-0.00114171,0.477121
421,return,8000649,55495,9287,21528,0.00044135,1.56976,0,0,1.56975,-0.0283352,0,0,-0.0283092,-0.770853,0,0,-0.770825,0.505283,0,0,0.505273,0.134604,0,0,0.1346,0.476571,-0.00475774,-0.000914422,0.477051
422,return,7999982,55477,9232,22778,0.000444473,1.56976,0,0,1.56975,-0.0283352,0,0,-0.0283092,-0.770853,0,0,-0.770825,0.505283,0,0,0.505273,0.134604,0,0,0.1346,0.476533,-0.00476414,-0.000686432,0.477016
423,return,8001289,56766,9352,22454,0.000447655,1.56976,0,0,1.56975,-0.0283352,0,0,-0.0283092,-0.770853,0,0,-0.770825,0.505283,0,0,0.505273,0.134604,0,0,0.1346,0.476495,-0.00476872,-0.000457914,0.476981
424,return,7999139,55905,9380,24279,0.000433428,1.56976,0,0,1.56975,-0.0283352,0,0,-0.0283092,-0.770853,0,0,-0.770825,0.505283,0,0,0.505273,0.134604,0,0,0.1346,0.476457,-0.00477147,-0.000229045,0.476929
425,return,8000288,56193,9056,22361,0.000436684,1.56976,0,0,1.56975,-0.0283352,0,0,-0.0283092,-0.770853,0,0,-0.770825,0.505283,0,0,0.505273,0.134604,0,0,0.1346,0.476419,-0.00477238,-0,0.476894
426,return,7999418,55611,9574,22926,0.000439954,1.56976,0,0,1.56975,-0.0283352,0,0,-0.0283092,-0.770853,0,0,-0.770825,0.505283,0,0,0.505273,0.134604,0,0,0.1346,0.476381,-0.00477147,0.000229045,0.476859
427,return,7999945,55556,9491,23102,0.000443224,1.56976,0,0,1.56975,-0.0283352,0,0,-0.0283092,-0.770853,0,0,-0.770825,0.505283,0,0,0.505273,0.134604,0,0,0.1346,0.476343,-0.00476872,0.000457914,0.476824
428,return,7999992,55548,9426,22685,0.000429026,1.56976,0,0,1.56975,-0.0283352,0,0,-0.0283092,-0.770853,0,0,-0.770825,0.505283,0,0,0.505273,0.134604,0,0,0.1346,0.476304,-0.00476414,0.000686432,0.476772
429,return,7999991,55539,8631,22166,0.000432252,1.56976,0,0,1.56975,-0.0283352,0,0,-0.0283092,-0.770853,0,0,-0.770825,0.505283,0,0,0.505273,0.134604,0,0,0.1346,0.476266,-0.00475774,0.000914422,0.476737
430,return,8001465,57004,8426,22454,0.000435434,1.56976,0,0,1.56975,-0.0283352,0,0,-0.0283092,-0.770853,0,0,-0.770825,0.505283,0,0,0.505273,0.134604,0,0,0.1346,0.476228,-0.00474951,0.00114171,0.476702
431,return,7998398,55402,8871,24787,0.000438558,1.56976,0,0,1.56975,-0.0283352,0,0,-0.0283092,-0.770853,0,0,-0.770825,0.505283,0,0,0.505273,0.134604,0,0,0.1346,0.47619,-0.00473947,0.00136812,0.476667
432,return,8001196,56598,8935,23362,0.000441608,1.56976,0,0,1.56975,-0.0283352,0,0,-0.0283092,-0.770853,0,0,-0.770825,0.505283,0,0,0.505273,0.134604,0,0,0.1346,0.476152,-0.00472763,0.00159348,0.476632
433,return,7998834,55432,8676,23612,0.000409665,1.56976,0,0,1.56975,-0.0283352,0,0,-0.0283092,-0.770853,0,0,-0.770825,0.505283,0,0,0.505273,0.134604,0,0,0.1346,0.476115,-0.00471398,0.00181761,0.476562
434,return,7999908,55340,8945,23426,0.000412526,1.56976,0,0,1.56975,-0.0283352,0,0,-0.0283092,-0.770853,0,0,-0.770825,0.505283,0,0,0.505273,0.134604,0,0,0.1346,0.476077,-0.00469855,0.00204035,0.476527
435,return,8000742,56082,8602,23889,0.00041527,1.56976,0,0,1.56975,-0.0283352,0,0,-0.0283092,-0.770853,0,0,-0.770825,0.505283,0,0,0.505273,0.134604,0,0,0.1346,0.47604,-0.00468134,0.00226152,0.476492
436,return,7999621,55703,9019,24630,0.000417885,1.56976,0,0,1.56975,-0.0283352,0,0,-0.0283092,-0.770853,0,0,-0.770825,0.505283,0,0,0.505273,0.134604,0,0,0.1346,0.476002,-0.00466237,0.00248094,0.476457
437,return,7999807,55510,8898,21574,0.000420354,1.56976,0,0,1.56975,-0.0283352,0,0,-0.0283092,-0.770853,0,0,-0.770825,0.505283,0,0,0.505273,0.134604,0,0,0.1346,0.475965,-0.00464165,0.00269846,0.476423
438,return,7999732,55242,8806,26657,0.000405211,1.56976,0,0,1.56975,-0.0283352,0,0,-0.0283092,-0.770853,0,0,-0.770825,0.505283,0,0,0.505273,0.134604,0,0,0.1346,0.475928,-0.0046192,0.0029139,0.47637
439,return,8001260,56502,9287,24500,0.000407349,1.56976,0,0,1.56975,-0.0283352,0,0,-0.0283092,-0.770853,0,0,-0.770825,0.505283,0,0,0.505273,0.134604,0,0,0.1346,0.475891,-0.00459503,0.00312709,0.476335
440,return,7998898,55400,9306,25074,0.000409301,1.56976,0,0,1.56975,-0.0283352,0,0,-0.0283092,-0.770853,0,0,-0.770825,0.505283,0,0,0.505273,0.134604,0,0,0.1346,0.475854,-0.00456917,0.00333787,0.4763
441,return,7999723,55123,9371,22926,0.000411052,1.56976,0,0,1.56977,-0.0283352,0,0,-0.0283092,-0.770853,0,0,-0.770825,0.505283,0,0,0.505273,0.134604,0,0,0.1346,0.475818,-0.00454163,0.00354607,0.476265
442,return,8000065,55188,8416,22899,0.00041259,1.56976,0,0,1.56975,-0.0283352,0,0,-0.0283092,-0.770853,0,0,-0.770825,0.505283,0,0,0.505273,0.134604,0,0,0.1346,0.475782,-0.00451244,0.00375154,0.476231
443,return,8001066,56254,8564,23093,0.000396447,1.56976,0,0,1.56975,-0.0283352,0,0,-0.0283092,-0.770853,0,0,-0.770825,0.505283,0,0,0.505273,0.134604,0,0,0.1346,0.475746,-0.00448162,0.00395411,0.476178
444,return,7999112,55366,8889,23371,0.000414971,1.56976,0,0,1.56975,-0.0283352,0,0,-0.0283092,-0.770853,0,0,-0.770825,0.505283,0,0,0.505273,0.134604,0,0,0.1346,0.47571,-0.00444918,0.00415362,0.476161
445,return,8000009,55375,10102,23352,0.000415789,1.56976,0,0,1.56975,-0.0283352,0,0,-0.0283092,-0.770853,0,0,-0.770825,0.505283,0,0,0.505273,0.134604,0,0,0.1346,0.475675,-0.00441517,0.00434992,0.476126
446,return,8001418,56793,8796,29111,0.000416341,1.56976,0,0,1.56975,-0.0283352,0,0,-0.0283092,-0.770853,0,0,-0.770825,0.505283,0,0,0.505273,0.134604,0,0,0.1346,0.475639,-0.00437959,0.00454285,0.476091
447,return,8006001,62794,9686,24435,0.000399161,1.56976,0,0,1.56975,-0.0283352,0,0,-0.0283092,-0.770853,0,0,-0.770825,0.505283,0,0,0.505273,0.134604,0,0,0.1346,0.475604,-0.00434249,0.00473226,0.476039
448,return,7992880,55674,9472,23056,0.000399144,1.56976,0,0,1.56975,-0.0283352,0,0,-0.0283092,-0.770853,0,0,-0.770825,0.505283,0,0,0.505273,0.134604,0,0,0.1346,0.47557,-0.00430389,0.004918,0.476004
449,return,7999657,55331,9861,23055,0.000398824,1.56976,0,0,1.56975,-0.0283352,0,0,-0.0283092,-0.770853,0,0,-0.770825,0.505283,0,0,0.505273,0.134604,0,0,0.1346,0.475536,-0.00426381,0.00509992,0.475969
450,return,8000436,55767,9296,24111,0.000398189,1.56976,0,0,1.56975,-0.0283352,0,0,-0.0283092,-0.770853,0,0,-0.770825,0.505283,0,0,0.505273,0.134604,0,0,0.1346,0.475502,-0.0042223,0.00527788,0.475934
451,return,8006278,62045,16631,37638,0.000397228,1.56976,0,0,1.56975,-0.0283352,0,0,-0.0283092,-0.770853,0,0,-0.770825,0.505283,0,0,0.505273,0.134604,0,0,0.1346,0.475468,-0.00417938,0.00545173,0.475899
452,return,7995057,57102,16824,37324,0.000395929,1.56976,0,0,1.56975,-0.0283352,0,0,-0.0283092,-0.770853,0,0,-0.770825,0.505283,0,0,0.505273,0.134604,0,0,0.1346,0.475435,-0.00413508,0.00562134,0.475864
453,return,8000001,57103,17380,71019,0.000394281,1.56976,0,0,1.56975,-0.0283352,0,0,-0.0283092,-0.770853,0,0,-0.770825,0.505283,0,0,0.505273,0.134604,0,0,0.1346,0.475402,-0.00408945,0.00578657,0.475829
454,return,8000018,57121,17481,38390,0.00037482,1.56976,0,0,1.56975,-0.0283352,0,0,-0.0283092,-0.770853,0,0,-0.770825,0.505283,0,0,0.505273,0.134604,0,0,0.1346,0.475369,-0.00404251,0.00594728,0.475777
455,return,8008233,65354,20936,43898,0.000372442,1.56976,0,0,1.56975,-0.0283352,0,0,-0.0283092,-0.770853,0,0,-0.770825,0.505283,0,0,0.505273,0.134604,0,0,0.1346,0.475337,-0.00399431,0.00610335,0.475742
456,return,7992694,58048,20917,44277,0.000369684,1.56976,0,0,1.56975,-0.0283352,0,0,-0.0283092,-0.770853,0,0,-0.770825,0.505283,0,0,0.505273,0.134604,0,0,0.1346,0.475305,-0.00394487,0.00625465,0.475707
457,return,8000446,58494,21129,43037,0.000366535,1.56976,0,0,1.56975,-0.0283352,0,0,-0.0283092,-0.770853,0,0,-0.770825,0.505283,0,0,0.505273,0.134604,0,0,0.1346,0.475274,-0.00389424,0.00640106,0.475672
458,return,7999777,58271,20926,41927,0.000362986,1.56976,0,0,1.56975,-0.0283352,0,0,-0.0283092,-0.770853,0,0,-0.770825,0.505283,0,0,0.505273,0.134604,0,0,0.1346,0.475243,-0.00384247,0.00654245,0.475637
459,return,8001511,59782,20722,42241,0.000359027,1.56976,0,0,1.56975,-0.0283352,0,0,-0.0283092,-0.770853,0,0,-0.770825,0.505283,0,0,0.505273,0.134604,0,0,0.1346,0.475213,-0.00378958,0.00667871,0.475602
460,return,7998203,57985,20038,43564,0.000389555,1.56976,0,0,1.56975,-0.0283352,0,0,-0.0283092,-0.770853,0,0,-0.770825,0.505283,0,0,0.505273,0.134604,0,0,0.1346,0.475183,-0.00373562,0.00680973,0.475602
461,return,8000464,58449,19963,46686,0.00038475,1.56976,0,0,1.56975,-0.0283352,0,0,-0.0283092,-0.770853,0,0,-0.770825,0.505283,0,0,0.505273,0.134604,0,0,0.1346,0.475153,-0.00368064,0.00693539,0.475567
462,return,7999983,58432,20889,45306,0.000362056,1.56976,0,0,1.56975,-0.0283352,0,0,-0.0283092,-0.770853,0,0,-0.770825,0.505283,0,0,0.505273,0.134604,0,0,0.1346,0.475124,-0.00362467,0.0070556,0.475515
463,return,8003389,61821,20583,46594,0.000373825,1.56976,0,0,1.56975,-0.0283352,0,0,-0.0283092,-0.770853,0,0,-0.770825,0.505283,0,0,0.505273,0.134604,0,0,0.1346,0.475095,-0.00356776,0.00717024,0.475497
464,return,7996575,58396,20278,46426,0.000367689,1.56976,0,0,1.56975,-0.0283352,0,0,-0.0283092,-0.770853,0,0,-0.770825,0.505283,0,0,0.505273,0.134604,0,0,0.1346,0.475067,-0.00350996,0.00727924,0.475463
465,return,7999389,57785,20602,46194,0.000361093,1.56976,0,0,1.56975,-0.0283352,0,0,-0.0283092,-0.770853,0,0,-0.770825,0.505283,0,0,0.505273,0.134604,0,0,0.1346,0.475039,-0.00345131,0.00738248,0.475428
466,return,8000390,58175,21175,46565,0.000371486,1.56976,0,0,1.56975,-0.0283352,0,0,-0.0283092,-0.770853,0,0,-0.770825,0.505283,0,0,0.505273,0.134604,0,0,0.1346,0.475011,-0.00339186,0.00747989,0.47541
467,return,8002074,60249,21315,46612,0.000363952,1.56976,0,0,1.56975,-0.0283352,0,0,-0.0283092,-0.770853,0,0,-0.770825,0.505283,0,0,0.505273,0.134604,0,0,0.1346,0.474984,-0.00333165,0.00757138,0.475375
468,return,7998103,58352,20537,46500,0.00035594,1.56976,0,0,1.56975,-0.0283352,0,0,-0.0283092,-0.770853,0,0,-0.770825,0.505283,0,0,0.505273,0.134604,0,0,0.1346,0.474958,-0.00327073,0.00765687,0.47534
469,return,7999890,58242,20213,45982,0.000364897,1.56976,0,0,1.56975,-0.0283352,0,0,-0.0283092,-0.770853,0,0,-0.770825,0.505283,0,0,0.505273,0.134604,0,0,0.1346,0.474932,-0.00320915,0.00773629,0.475323
470,return,8000305,58547,20648,43741,0.00035591,1.56976,0,0,1.56975,-0.0283352,0,0,-0.0283092,-0.770853,0,0,-0.770825,0.505283,0,0,0.505273,0.134604,0,0,0.1346,0.474907,-0.00314697,0.00780957,0.475288
471,return,7997983,56530,9750,23315,0.000363882,1.56976,0,0,1.56975,-0.0283352,0,0,-0.0283092,-0.770853,0,0,-0.770825,0.505283,0,0,0.505273,0.134604,0,0,0.1346,0.474882,-0.00308422,0.00787664,0.475271
472,return,7999917,56447,9805,23768,0.000371354,1.56976,0,0,1.56975,-0.0283352,0,0,-0.0283092,-0.770853,0,0,-0.770825,0.505283,0,0,0.505273,0.134604,0,0,0.1346,0.474857,-0.00302096,0.00793744,0.475253
473,return,7998704,55151,8759,23733,0.000343415,1.56976,0,0,1.56975,-0.0283352,0,0,-0.0283092,-0.770853,0,0,-0.770825,0.505283,0,0,0.505273,0.134604,0,0,0.1346,0.474833,-0.00295724,0.00799193,0.475201
474,return,8000446,55597,9436,23260,0.000349875,1.56976,0,0,1.56975,-0.0283352,0,0,-0.0283092,-0.770853,0,0,-0.770825,0.505283,0,0,0.505273,0.134604,0,0,0.1346,0.47481,-0.0028931,0.00804004,0.475183
475,return,8001400,56997,9611,23093,0.00033837,1.56976,0,0,1.56975,-0.0283352,0,0,-0.0283092,-0.770853,0,0,-0.770825,0.505283,0,0,0.505273,0.134604,0,0,0.1346,0.474787,-0.00282861,0.00808175,0.475148
476,return,7999120,56117,8741,25213,0.000343803,1.56976,0,0,1.56975,-0.0283352,0,0,-0.0283092,-0.770853,0,0,-0.770825,0.505283,0,0,0.505273,0.134604,0,0,0.1346,0.474765,-0.00276381,0.008117,0.475131
477,return,7999233,55350,10574,22723,0.000331267,1.56976,0,0,1.56975,-0.0283352,0,0,-0.0283092,-0.770853,0,0,-0.770825,0.505283,0,0,0.505273,0.134604,0,0,0.1346,0.474743,-0.00269876,0.00814577,0.475096
478,return,8001205,56555,9185,24037,0.000335664,1.56976,0,0,1.56975,-0.0283352,0,0,-0.0283092,-0.770853,0,0,-0.770825,0.505283,0,0,0.505273,0.134604,0,0,0.1346,0.474722,-0.0026335,0.00816803,0.475079
479,return,7999426,55981,8519,21991,0.000322086,1.56976,0,0,1.56975,-0.0283352,0,0,-0.0283092,-0.770853,0,0,-0.770825,0.505283,0,0,0.505273,0.134604,0,0,0.1346,0.474701,-0.00256809,0.00818376,0.475044
480,return,8001020,57001,8991,22639,0.000307986,1.56976,0,0,1.56975,-0.0283352,0,0,-0.0283092,-0.770853,0,0,-0.770825,0.505283,0,0,0.505273,0.134604,0,0,0.1346,0.474681,-0.00250257,0.00819295,0.475009
481,return,7998519,55520,8592,23222,0.000310816,1.56976,0,0,1.56975,-0.0283352,0,0,-0.0283092,-0.770853,0,0,-0.770825,0.505283,0,0,0.505273,0.134604,0,0,0.1346,0.474661,-0.00243702,0.00819559,0.474991
482,return,7999926,55446,8954,23194,0.000295667,1.56976,0,0,1.56975,-0.0283352,0,0,-0.0283092,-0.770853,0,0,-0.770825,0.505283,0,0,0.505273,0.134604,0,0,0.1346,0.474642,-0.00237146,0.00819166,0.474956
483,return,8000057,55503,8916,22621,0.000279995,1.56976,0,0,1.56975,-0.0283352,0,0,-0.0283092,-0.770853,0,0,-0.770825,0.505283,0,0,0.505273,0.134604,0,0,0.1346,0.474623,-0.00230597,0.00818119,0.474922
484,return,8000261,55764,8833,23139,0.000263798,1.56976,0,0,1.56975,-0.0283352,0,0,-0.0283092,-0.770853,0,0,-0.770825,0.505283,0,0,0.505273,0.134604,0,0,0.1346,0.474605,-0.00224058,0.00816417,0.474887
485,return,7999852,55616,8862,24352,0.000247077,1.56976,0,0,1.56975,-0.0283352,0,0,-0.0283092,-0.770853,0,0,-0.770825,0.505283,0,0,0.505273,0.134604,0,0,0.1346,0.474587,-0.00217536,0.00814063,0.474852
486,return,8000020,55636,9250,24213,0.000229834,1.56976,0,0,1.56975,-0.0283352,0,0,-0.0283092,-0.770853,0,0,-0.770825,0.505283,0,0,0.505273,0.134604,0,0,0.1346,0.47457,-0.00211035,0.00811059,0.474817
487,return,7999761,55397,9574,21602,0.000229524,1.56976,0,0,1.56975,-0.0283352,0,0,-0.0283092,-0.770853,0,0,-0.770825,0.505283,0,0,0.505273,0.134604,0,0,0.1346,0.474553,-0.00204561,0.00807407,0.474799
488,return,8106149,161546,11954,28343,0.000211241,1.56976,0,0,1.56975,-0.0283352,0,0,-0.0283092,-0.770853,0,0,-0.770825,0.505283,0,0,0.505273,0.134604,0,0,0.1346,0.474537,-0.00198118,0.00803112,0.474764
489,return,7893732,55278,10324,24658,0.000209894,1.56976,0,0,1.56975,-0.0283352,0,0,-0.0283092,-0.770853,0,0,-0.770825,0.505283,0,0,0.505273,0.134604,0,0,0.1346,0.474522,-0.00191712,0.00798178,0.474747
490,return,7999695,54973,9445,24333,0.000190581,1.56976,0,0,1.56975,-0.0283352,0,0,-0.0283092,-0.770853,0,0,-0.770825,0.505283,0,0,0.505273,0.134604,0,0,0.1346,0.474506,-0.00185349,0.0079261,0.474712
491,return,8002316,57289,8991,23065,0.000170756,1.56976,0,0,1.56975,-0.0283352,0,0,-0.0283092,-0.770853,0,0,-0.770825,0.505283,0,0,0.505273,0.134604,0,0,0.1346,0.474492,-0.00179032,0.00786414,0.474677
492,return,7998880,56169,9621,22528,0.000150425,1.56976,0,0,1.56975,-0.0283352,0,0,-0.0283092,-0.770853,0,0,-0.770825,0.505283,0,0,0.505273,0.134604,0,0,0.1346,0.474478,-0.00172768,0.00779596,0.474642
493,return,7999705,55874,9019,24389,0.000164496,1.56976,0,0,1.56975,-0.0283352,0,0,-0.0283092,-0.770853,0,0,-0.770825,0.505283,0,0,0.505273,0.134604,0,0,0.1346,0.474464,-0.0016656,0.00772165,0.474642
494,return,7999852,55726,9287,24371,0.000143162,1.56976,0,0,1.56975,-0.0283352,0,0,-0.0283092,-0.770853,0,0,-0.770825,0.505283,0,0,0.505273,0.134604,0,0,0.1346,0.474451,-0.00160415,0.00764126,0.474607
495,return,8001381,57107,9074,22935,0.000121334,1.56976,0,0,1.56975,-0.0283352,0,0,-0.0283092,-0.770853,0,0,-0.770825,0.505283,0,0,0.505273,0.134604,0,0,0.1346,0.474439,-0.00154336,0.00755491,0.474572
496,return,8001307,58414,9212,29861,0.000133924,1.56976,0,0,1.56975,-0.0283352,0,0,-0.0283092,-0.770853,0,0,-0.770825,0.505283,0,0,0.505273,0.134604,0,0,0.1346,0.474426,-0.00148329,0.00746268,0.474572
497,return,7998084,56498,9833,22944,9.36703e-05,1.56976,0,0,1.56975,-0.0283352,0,0,-0.0283092,-0.770853,0,0,-0.770825,0.505283,0,0,0.505273,0.134604,0,0,0.1346,0.474415,-0.00142397,0.00736467,0.47452
498,return,7998694,55192,9176,22427,0.000105299,1.56976,0,0,1.56975,-0.0283352,0,0,-0.0283092,-0.770853,0,0,-0.770825,0.505283,0,0,0.505273,0.134604,0,0,0.1346,0.474404,-0.00136547,0.007261,0.47452
499,return,8011233,66425,13009,28482,8.15494e-05,1.56976,0,0,1.56975,-0.0283352,0,0,-0.0283092,-0.770853,0,0,-0.770825,0.505283,0,0,0.505273,0.134604,0,0,0.1346,0.474393,-0.00130781,0.00715179,0.474485
500,return,7989872,56297,11787,29185,7.47886e-05,1.56976,0,0,1.56975,-0.0283352,0,0,-0.0283092,-0.770853,0,0,-0.770825,0.505283,0,0,0.505273,0.134604,0,0,0.1346,0.474383,-0.00125105,0.00703717,0.474468
501,return,7999963,56260,12055,30352,6.75702e-05,1.56976,0,0,1.56975,-0.0283352,0,0,-0.0283092,-0.770853,0,0,-0.770825,0.505283,0,0,0.505273,0.134604,0,0,0.1346,0.474373,-0.00119523,0.00691727,0.47445
502,return,8000113,56373,12371,27768,7.73547e-05,1.56976,0,0,1.56975,-0.0283352,0,0,-0.0283092,-0.770853,0,0,-0.770825,0.505283,0,0,0.505273,0.134604,0,0,0.1346,0.474364,-0.00114039,0.00679223,0.47445
503,return,8007214,63587,21009,44518,5.17899e-05,1.56976,0,0,1.56975,-0.0283352,0,0,-0.0283092,-0.770853,0,0,-0.770825,0.505283,0,0,0.505273,0.134604,0,0,0.1346,0.474355,-0.00108657,0.00666222,0.474415
504,return,7995380,58967,20500,43093,6.0697e-05,1.56976,0,0,1.56975,-0.0283352,0,0,-0.0283092,-0.770853,0,0,-0.770825,0.505283,0,0,0.505273,0.134604,0,0,0.1346,0.474346,-0.00103381,0.00652739,0.474415
505,return,8000103,59070,20592,45648,5.17245e-05,1.56976,0,0,1.56975,-0.0283352,0,0,-0.0283092,-0.770853,0,0,-0.770825,0.505283,0,0,0.505273,0.134604,0,0,0.1346,0.474338,-0.000982142,0.00638792,0.474398
506,return,7999417,58487,21889,44833,4.23343e-05,1.56976,0,0,1.56975,-0.0283352,0,0,-0.0283092,-0.770853,0,0,-0.770825,0.505283,0,0,0.505273,0.134604,0,0,0.1346,0.47433,-0.000931612,0.00624398,0.47438
507,return,8002463,60950,21724,48343,4.99885e-05,1.56976,0,0,1.56975,-0.0283352,0,0,-0.0283092,-0.770853,0,0,-0.770825,0.505283,0,0,0.505273,0.134604,0,0,0.1346,0.474323,-0.00088225,0.00609576,0.47438
508,return,7998622,59572,21195,45555,5.72432e-05,1.56976,0,0,1.56975,-0.0283352,0,0,-0.0283092,-0.770853,0,0,-0.770825,0.505283,0,0,0.505273,0.134604,0,0,0.1346,0.474316,-0.000834091,0.00594347,0.47438
509,return,7999677,59249,21722,43769,4.66544e-05,1.56976,0,0,1.56975,-0.0283352,0,0,-0.0283092,-0.770853,0,0,-0.770825,0.505283,0,0,0.505273,0.134604,0,0,0.1346,0.47431,-0.000787165,0.0057873,0.474363
510,return,7999223,58472,20805,43501,5.31386e-05,1.56976,0,0,1.56975,-0.0283352,0,0,-0.0283092,-0.770853,0,0,-0.770825,0.505283,0,0,0.505273,0.134604,0,0,0.1346,0.474304,-0.000741504,0.00562748,0.474363
511,return,8002492,60964,21509,44583,5.92525e-05,1.56976,0,0,1.56975,-0.0283352,0,0,-0.0283092,-0.770853,0,0,-0.770825,0.505283,0,0,0.505273,0.134604,0,0,0.1346,0.474298,-0.000697134,0.00546423,0.474363
512,return,7998057,59021,20750,44537,8.24594e-05,1.56976,0,0,1.56975,-0.0283352,0,0,-0.0283092,-0.770853,0,0,-0.770825,0.505283,0,0,0.505273,0.134604,0,0,0.1346,0.474293,-0.000654084,0.00529779,0.47438
513,return,7999704,58725,21593,45426,0.000157677,1.56976,0,0,1.56975,-0.0283352,0,0,-0.0283092,-0.770853,0,0,-0.770825,0.505283,0,0,0.505273,0.134604,0,0,0.1346,0.474288,-0.000612378,0.0051284,0.47445
514,return,8000363,59088,20556,43630,0.000180195,1.56976,0,0,1.56975,-0.0283352,0,0,-0.0283092,-0.770853,0,0,-0.770825,0.505283,0,0,0.505273,0.134604,0,0,0.1346,0.474283,-0.000572037,0.00495632,0.474468
515,return,8000768,59856,20982,43167,0.000184932,1.56976,0,0,1.56975,-0.0283352,0,0,-0.0283092,-0.770853,0,0,-0.770825,0.505283,0,0,0.505273,0.134604,0,0,0.1346,0.474278,-0.000533083,0.00478181,0.474468
516,return,7998834,58690,21427,42472,0.000206804,1.56976,0,0,1.56975,-0.0283352,0,0,-0.0283092,-0.770853,0,0,-0.770825,0.505283,0,0,0.505273,0.134604,0,0,0.1346,0.474274,-0.000495534,0.00460515,0.474485
517,return,8000945,59635,20639,43417,0.000210918,1.56976,0,0,1.56975,-0.0283352,0,0,-0.0283092,-0.770853,0,0,-0.770825,0.505283,0,0,0.505273,0.134604,0,0,0.1346,0.47427,-0.000459406,0.00442662,0.474485
518,return,7998742,58377,21129,43824,0.000214737,1.56976,0,0,1.56975,-0.0283352,0,0,-0.0283092,-0.770853,0,0,-0.770825,0.505283,0,0,0.505273,0.134604,0,0,0.1346,0.474267,-0.000424712,0.00424651,0.474485
519,return,8002463,60840,20870,42288,0.000218272,1.56976,0,0,1.56975,-0.0283352,0,0,-0.0283092,-0.770853,0,0,-0.770825,0.505283,0,0,0.505273,0.134604,0,0,0.1346,0.474264,-0.000391465,0.00406515,0.474485
520,return,7998057,58897,20991,44833,0.000221536,1.56976,0,0,1.56975,-0.0283352,0,0,-0.0283092,-0.770853,0,0,-0.770825,0.505283,0,0,0.505273,0.134604,0,0,0.1346,0.474261,-0.000359672,0.00388283,0.474485
521,return,7998621,57518,9324,31333,0.00022454,1.56976,0,0,1.56975,-0.0283352,0,0,-0.0283092,-0.770853,0,0,-0.770825,0.505283,0,0,0.505273,0.134604,0,0,0.1346,0.474258,-0.000329341,0.00369989,0.474485
522,return,7998130,55648,9898,22611,0.000227295,1.56976,0,0,1.56975,-0.0283352,0,0,-0.0283092,-0.770853,0,0,-0.770825,0.505283,0,0,0.505273,0.134604,0,0,0.1346,0.474255,-0.000300475,0.00351666,0.474485
523,return,8000038,55686,9250,23371,0.000229813,1.56976,0,0,1.56975,-0.0283352,0,0,-0.0283092,-0.770853,0,0,-0.770825,0.505283,0,0,0.505273,0.134604,0,0,0.1346,0.474253,-0.000273075,0.0033335,0.474485
524,return,7999833,55519,9601,22555,0.000232106,1.56976,0,0,1.56975,-0.0283352,0,0,-0.0283092,-0.770853,0,0,-0.770825,0.505283,0,0,0.505273,0.134604,0,0,0.1346,0.474251,-0.000247138,0.00315075,0.474485
525,return,8004946,60465,9417,21843,0.000234186,1.56976,0,0,1.56975,-0.0283352,0,0,-0.0283092,-0.770853,0,0,-0.770825,0.505283,0,0,0.505273,0.134604,0,0,0.1346,0.474249,-0.00022266,0.00296881,0.474485
526,return,7995601,56066,9963,23750,0.000236064,1.56976,0,0,1.56975,-0.0283352,0,0,-0.0283092,-0.770853,0,0,-0.770825,0.505283,0,0,0.505273,0.134604,0,0,0.1346,0.474247,-0.000199634,0.00278803,0.474485
527,return,7999807,55873,9269,23638,0.000237752,1.56976,0,0,1.56975,-0.0283352,0,0,-0.0283092,-0.770853,0,0,-0.770825,0.505283,0,0,0.505273,0.134604,0,0,0.1346,0.474246,-0.000178048,0.00260882,0.474485
528,return,7999435,55308,9379,22620,0.000239262,1.56976,0,0,1.56975,-0.0283352,0,0,-0.0283092,-0.770853,0,0,-0.770825,0.505283,0,0,0.505273,0.134604,0,0,0.1346,0.474245,-0.000157888,0.00243158,0.474485
529,return,8000742,56050,8602,21426,0.000240605,1.56976,0,0,1.56975,-0.0283352,0,0,-0.0283092,-0.770853,0,0,-0.770825,0.505283,0,0,0.505273,0.134604,0,0,0.1346,0.474243,-0.000139136,0.00225673,0.474485
530,return,7999566,55616,9037,20898,0.000241792,1.56976,0,0,1.56975,-0.0283352,0,0,-0.0283092,-0.770853,0,0,-0.770825,0.505283,0,0,0.505273,0.134604,0,0,0.1346,0.474242,-0.000121772,0.00208469,0.474485
531,return,7999741,55357,8574,21473,0.000242835,1.56976,0,0,1.56975,-0.0283352,0,0,-0.0283092,-0.770853,0,0,-0.770825,0.505283,0,0,0.505273,0.134604,0,0,0.1346,0.474241,-0.000105772,0.0019159,0.474485
532,return,8000268,55625,8685,21139,0.000243744,1.56976,0,0,1.56975,-0.0283352,0,0,-0.0283092,-0.770853,0,0,-0.770825,0.505283,0,0,0.505273,0.134604,0,0,0.1346,0.474241,-9.11081e-05,0.00175082,0.474485
533,return,8000316,55941,9157,22176,0.000244531,1.56976,0,0,1.56975,-0.0283352,0,0,-0.0283092,-0.770853,0,0,-0.770825,0.505283,0,0,0.505273,0.134604,0,0,0.1346,0.47424,-7.77481e-05,0.0015899,0.474485
534,return,8000057,55998,8917,23991,0.000245205,1.56976,0,0,1.56975,-0.0283352,0,0,-0.0283092,-0.770853,0,0,-0.770825,0.505283,0,0,0.505273,0.134604,0,0,0.1346,0.474239,-6.56573e-05,0.00143362,0.474485
535,return,8002027,58025,8907,22963,0.000245778,1.56976,0,0,1.56977,-0.0283352,0,0,-0.0283092,-0.770853,0,0,-0.770825,0.505283,0,0,0.505273,0.134604,0,0,0.1346,0.474239,-5.47965e-05,0.00128247,0.474485
536,return,7997492,55517,9222,25879,0.000246259,1.56976,0,0,1.56975,-0.0283352,0,0,-0.0283092,-0.770853,0,0,-0.770825,0.505283,0,0,0.505273,0.134604,0,0,0.1346,0.474239,-4.51227e-05,0.00113695,0.474485
537,return,8001269,56786,9093,22769,0.000246658,1.56976,0,0,1.56975,-0.0283352,0,0,-0.0283092,-0.770853,0,0,-0.770825,0.505283,0,0,0.505273,0.134604,0,0,0.1346,0.474238,-3.6589e-05,0.000997558,0.474485
538,return,7998890,55676,9157,22574,0.000246984,1.56976,0,0,1.56975,-0.0283352,0,0,-0.0283092,-0.770853,0,0,-0.770825,0.505283,0,0,0.505273,0.134604,0,0,0.1346,0.474238,-2.91441e-05,0.000864831,0.474485
539,return,8000547,56223,9055,24491,0.000247246,1.56976,0,0,1.56975,-0.0283352,0,0,-0.0283092,-0.770853,0,0,-0.770825,0.505283,0,0,0.505273,0.134604,0,0,0.1346,0.474238,-2.27325e-05,0.000739303,0.474485
540,return,7999333,55556,9167,26018,0.000247453,1.56976,0,0,1.56975,-0.0283352,0,0,-0.0283092,-0.770853,0,0,-0.770825,0.505283,0,0,0.505273,0.134604,0,0,0.1346,0.474238,-1.72945e-05,0.000621523,0.474485
541,return,7999759,55315,9852,23778,0.000247613,1.56976,0,0,1.56975,-0.0283352,0,0,-0.0283092,-0.770853,0,0,-0.770825,0.505283,0,0,0.505273,0.134604,0,0,0.1346,0.474237,-1.2766e-05,0.000512052,0.474485
542,return,8001307,56622,9093,24453,0.000247732,1.56976,0,0,1.56975,-0.0283352,0,0,-0.0283092,-0.770853,0,0,-0.770825,0.505283,0,0,0.505273,0.134604,0,0,0.1346,0.474237,-9.07803e-06,0.000411465,0.474485
543,return,7998677,55299,8815,25018,0.000247819,1.56976,0,0,1.56975,-0.0283352,0,0,-0.0283092,-0.770853,0,0,-0.770825,0.505283,0,0,0.505273,0.134604,0,0,0.1346,0.474237,-6.15727e-06,0.000320352,0.474485
544,return,8002417,57716,9315,22269,0.00024788,1.56976,0,0,1.56975,-0.0283352,0,0,-0.0283092,-0.770853,0,0,-0.770825,0.505283,0,0,0.505273,0.134604,0,0,0.1346,0.474237,-3.92553e-06,0.000239313,0.474485
545,return,7997519,55235,8547,22760,0.00024792,1.56976,0,0,1.56975,-0.0283352,0,0,-0.0283092,-0.770853,0,0,-0.770825,0.505283,0,0,0.505273,0.134604,0,0,0.1346,0.474237,-2.29977e-06,0.000168962,0.474485
546,return,8000398,55633,9555,25954,0.000247944,1.56976,0,0,1.56975,-0.0283352,0,0,-0.0283092,-0.770853,0,0,-0.770825,0.505283,0,0,0.505273,0.134604,0,0,0.1346,0.474237,-1.19196e-06,0.000109929,0.474485
547,return,8005112,60745,8741,25583,0.000247958,1.56976,0,0,1.56975,-0.0283352,0,0,-0.0283092,-0.770853,0,0,-0.770825,0.505283,0,0,0.505273,0.134604,0,0,0.1346,0.474237,-5.09014e-07,6.2854e-05,0.474485
548,return,7995371,56116,8741,23490,0.000247964,1.56976,0,0,1.56975,-0.0283352,0,0,-0.0283092,-0.770853,0,0,-0.770825,0.505283,0,0,0.505273,0.134604,0,0,0.1346,0.474237,-1.52658e-07,2.83926e-05,0.474485
549,return,8010696,66812,12426,28399,0.000247967,1.56976,0,0,1.56975,-0.0283352,0,0,-0.0283092,-0.770853,0,0,-0.770825,0.505283,0,0,0.505273,0.134604,0,0,0.1346,0.474237,-1.93141e-08,7.21368e-06,0.474485
550,return,7990139,56951,12167,29075,0.000230514,1.56976,0,0,1.56975,-0.0283352,0,0,-0.0283092,-0.770853,0,0,-0.770825,0.505283,0,0,0.505273,0.134604,0,0,0.1346,0.474237,-0,-0,0.474468
